member_id,status,sex,age,tranche,tranche_label,tranche_pension
1,pensioner,M,73,pre97,Pre-1997,3840.926835021477
1,pensioner,M,73,9705,1997-2005,2880.6951262661078
1,pensioner,M,73,post05,Post-2005,2880.6951262661078
2,pensioner,M,75,pre97,Pre-1997,2788.0888440804497
2,pensioner,M,75,9705,1997-2005,2091.066633060337
2,pensioner,M,75,post05,Post-2005,2091.066633060337
3,pensioner,F,68,pre97,Pre-1997,4819.212243544361
3,pensioner,F,68,9705,1997-2005,3614.4091826582703
3,pensioner,F,68,post05,Post-2005,3614.4091826582703
4,pensioner,F,62,pre97,Pre-1997,8562.60745477889
4,pensioner,F,62,9705,1997-2005,6421.955591084167
4,pensioner,F,62,post05,Post-2005,6421.955591084167
5,pensioner,F,82,pre97,Pre-1997,9109.631339686512
5,pensioner,F,82,9705,1997-2005,6832.223504764883
5,pensioner,F,82,post05,Post-2005,6832.223504764883
6,pensioner,M,77,pre97,Pre-1997,670.9149745170341
6,pensioner,M,77,9705,1997-2005,503.18623088777554
6,pensioner,M,77,post05,Post-2005,503.18623088777554
7,pensioner,M,73,pre97,Pre-1997,10730.009720772232
7,pensioner,M,73,9705,1997-2005,8047.507290579173
7,pensioner,M,73,post05,Post-2005,8047.507290579173
8,pensioner,M,75,pre97,Pre-1997,8094.100791800829
8,pensioner,M,75,9705,1997-2005,6070.575593850621
8,pensioner,M,75,post05,Post-2005,6070.575593850621
9,pensioner,F,66,pre97,Pre-1997,4092.0193840410643
9,pensioner,F,66,9705,1997-2005,3069.014538030798
9,pensioner,F,66,post05,Post-2005,3069.014538030798
10,pensioner,M,78,pre97,Pre-1997,3129.1387143789902
10,pensioner,M,78,9705,1997-2005,2346.8540357842426
10,pensioner,M,78,post05,Post-2005,2346.8540357842426
11,pensioner,M,81,pre97,Pre-1997,3096.7086852095636
11,pensioner,M,81,9705,1997-2005,2322.531513907172
11,pensioner,M,81,post05,Post-2005,2322.531513907172
12,pensioner,M,70,pre97,Pre-1997,2457.0548544746734
12,pensioner,M,70,9705,1997-2005,1842.7911408560049
12,pensioner,M,70,post05,Post-2005,1842.7911408560049
13,pensioner,F,69,pre97,Pre-1997,8290.556345034985
13,pensioner,F,69,9705,1997-2005,6217.917258776238
13,pensioner,F,69,post05,Post-2005,6217.917258776238
14,pensioner,M,61,pre97,Pre-1997,1971.312322223388
14,pensioner,M,61,9705,1997-2005,1478.484241667541
14,pensioner,M,61,post05,Post-2005,1478.484241667541
15,pensioner,M,73,pre97,Pre-1997,2219.1101245629466
15,pensioner,M,73,9705,1997-2005,1664.33259342221
15,pensioner,M,73,post05,Post-2005,1664.33259342221
16,pensioner,M,70,pre97,Pre-1997,1810.1308321248562
16,pensioner,M,70,9705,1997-2005,1357.5981240936421
16,pensioner,M,70,post05,Post-2005,1357.5981240936421
17,pensioner,F,65,pre97,Pre-1997,9790.69671653794
17,pensioner,F,65,9705,1997-2005,7343.022537403454
17,pensioner,F,65,post05,Post-2005,7343.022537403454
18,pensioner,M,79,pre97,Pre-1997,2485.3513681716545
18,pensioner,M,79,9705,1997-2005,1864.0135261287408
18,pensioner,M,79,post05,Post-2005,1864.0135261287408
19,pensioner,M,76,pre97,Pre-1997,1238.9581617031997
19,pensioner,M,76,9705,1997-2005,929.2186212773996
19,pensioner,M,76,post05,Post-2005,929.2186212773996
20,pensioner,F,91,pre97,Pre-1997,3085.2440696717113
20,pensioner,F,91,9705,1997-2005,2313.933052253783
20,pensioner,F,91,post05,Post-2005,2313.933052253783
21,pensioner,M,69,pre97,Pre-1997,3574.073745061236
21,pensioner,M,69,9705,1997-2005,2680.555308795927
21,pensioner,M,69,post05,Post-2005,2680.555308795927
22,pensioner,M,76,pre97,Pre-1997,867.0520415216423
22,pensioner,M,76,9705,1997-2005,650.2890311412317
22,pensioner,M,76,post05,Post-2005,650.2890311412317
23,pensioner,M,68,pre97,Pre-1997,978.2450805635495
23,pensioner,M,68,9705,1997-2005,733.6838104226621
23,pensioner,M,68,post05,Post-2005,733.6838104226621
24,pensioner,F,69,pre97,Pre-1997,6367.5661645542095
24,pensioner,F,69,9705,1997-2005,4775.674623415657
24,pensioner,F,69,post05,Post-2005,4775.674623415657
25,pensioner,M,70,pre97,Pre-1997,16568.325323640776
25,pensioner,M,70,9705,1997-2005,12426.243992730582
25,pensioner,M,70,post05,Post-2005,12426.243992730582
26,pensioner,F,67,pre97,Pre-1997,5030.357270824287
26,pensioner,F,67,9705,1997-2005,3772.7679531182152
26,pensioner,F,67,post05,Post-2005,3772.7679531182152
27,pensioner,M,67,pre97,Pre-1997,1462.2031916653414
27,pensioner,M,67,9705,1997-2005,1096.6523937490058
27,pensioner,M,67,post05,Post-2005,1096.6523937490058
28,pensioner,F,73,pre97,Pre-1997,3436.9256997164734
28,pensioner,F,73,9705,1997-2005,2577.694274787355
28,pensioner,F,73,post05,Post-2005,2577.694274787355
29,pensioner,M,81,pre97,Pre-1997,11345.589896486104
29,pensioner,M,81,9705,1997-2005,8509.192422364578
29,pensioner,M,81,post05,Post-2005,8509.192422364578
30,pensioner,F,68,pre97,Pre-1997,1444.1321532554882
30,pensioner,F,68,9705,1997-2005,1083.099114941616
30,pensioner,F,68,post05,Post-2005,1083.099114941616
31,pensioner,M,72,pre97,Pre-1997,5538.721552270962
31,pensioner,M,72,9705,1997-2005,4154.041164203221
31,pensioner,M,72,post05,Post-2005,4154.041164203221
32,pensioner,F,79,pre97,Pre-1997,1959.9398259266247
32,pensioner,F,79,9705,1997-2005,1469.9548694449684
32,pensioner,F,79,post05,Post-2005,1469.9548694449684
33,pensioner,M,73,pre97,Pre-1997,7467.871881908423
33,pensioner,M,73,9705,1997-2005,5600.903911431317
33,pensioner,M,73,post05,Post-2005,5600.903911431317
34,pensioner,M,72,pre97,Pre-1997,2612.661026081054
34,pensioner,M,72,9705,1997-2005,1959.49576956079
34,pensioner,M,72,post05,Post-2005,1959.49576956079
35,pensioner,M,68,pre97,Pre-1997,5210.692688679149
35,pensioner,M,68,9705,1997-2005,3908.0195165093614
35,pensioner,M,68,post05,Post-2005,3908.0195165093614
36,pensioner,F,78,pre97,Pre-1997,4031.247242995968
36,pensioner,F,78,9705,1997-2005,3023.435432246976
36,pensioner,F,78,post05,Post-2005,3023.435432246976
37,pensioner,M,69,pre97,Pre-1997,3173.8539145822415
37,pensioner,M,69,9705,1997-2005,2380.3904359366807
37,pensioner,M,69,post05,Post-2005,2380.3904359366807
38,pensioner,F,73,pre97,Pre-1997,10608.923092169483
38,pensioner,F,73,9705,1997-2005,7956.692319127111
38,pensioner,F,73,post05,Post-2005,7956.692319127111
39,pensioner,F,72,pre97,Pre-1997,1994.0098105868722
39,pensioner,F,72,9705,1997-2005,1495.507357940154
39,pensioner,F,72,post05,Post-2005,1495.507357940154
40,pensioner,F,65,pre97,Pre-1997,2901.4653005881123
40,pensioner,F,65,9705,1997-2005,2176.098975441084
40,pensioner,F,65,post05,Post-2005,2176.098975441084
41,pensioner,M,75,pre97,Pre-1997,2993.2562153184663
41,pensioner,M,75,9705,1997-2005,2244.9421614888493
41,pensioner,M,75,post05,Post-2005,2244.9421614888493
42,pensioner,F,81,pre97,Pre-1997,7082.931185814661
42,pensioner,F,81,9705,1997-2005,5312.198389360996
42,pensioner,F,81,post05,Post-2005,5312.198389360996
43,pensioner,M,76,pre97,Pre-1997,7353.089807196588
43,pensioner,M,76,9705,1997-2005,5514.81735539744
43,pensioner,M,76,post05,Post-2005,5514.81735539744
44,pensioner,F,77,pre97,Pre-1997,4439.802790005374
44,pensioner,F,77,9705,1997-2005,3329.8520925040298
44,pensioner,F,77,post05,Post-2005,3329.8520925040298
45,pensioner,F,71,pre97,Pre-1997,3968.0979668686887
45,pensioner,F,71,9705,1997-2005,2976.0734751515165
45,pensioner,F,71,post05,Post-2005,2976.0734751515165
46,pensioner,M,72,pre97,Pre-1997,3081.746925274097
46,pensioner,M,72,9705,1997-2005,2311.3101939555727
46,pensioner,M,72,post05,Post-2005,2311.3101939555727
47,pensioner,M,69,pre97,Pre-1997,8724.69566846819
47,pensioner,M,69,9705,1997-2005,6543.521751351142
47,pensioner,M,69,post05,Post-2005,6543.521751351142
48,pensioner,F,77,pre97,Pre-1997,5733.933331454438
48,pensioner,F,77,9705,1997-2005,4300.449998590828
48,pensioner,F,77,post05,Post-2005,4300.449998590828
49,pensioner,M,71,pre97,Pre-1997,3724.2372247578833
49,pensioner,M,71,9705,1997-2005,2793.177918568412
49,pensioner,M,71,post05,Post-2005,2793.177918568412
50,pensioner,F,85,pre97,Pre-1997,5907.984185927088
50,pensioner,F,85,9705,1997-2005,4430.988139445316
50,pensioner,F,85,post05,Post-2005,4430.988139445316
51,pensioner,M,72,pre97,Pre-1997,3178.7697642987423
51,pensioner,M,72,9705,1997-2005,2384.0773232240563
51,pensioner,M,72,post05,Post-2005,2384.0773232240563
52,pensioner,M,82,pre97,Pre-1997,2248.424553805312
52,pensioner,M,82,9705,1997-2005,1686.3184153539837
52,pensioner,M,82,post05,Post-2005,1686.3184153539837
53,pensioner,M,71,pre97,Pre-1997,916.9472441616077
53,pensioner,M,71,9705,1997-2005,687.7104331212057
53,pensioner,M,71,post05,Post-2005,687.7104331212057
54,pensioner,M,61,pre97,Pre-1997,17905.490570061476
54,pensioner,M,61,9705,1997-2005,13429.117927546107
54,pensioner,M,61,post05,Post-2005,13429.117927546107
55,pensioner,F,71,pre97,Pre-1997,6227.853879300499
55,pensioner,F,71,9705,1997-2005,4670.890409475373
55,pensioner,F,71,post05,Post-2005,4670.890409475373
56,pensioner,M,81,pre97,Pre-1997,1142.0991095613626
56,pensioner,M,81,9705,1997-2005,856.574332171022
56,pensioner,M,81,post05,Post-2005,856.574332171022
57,pensioner,M,79,pre97,Pre-1997,12127.885028625611
57,pensioner,M,79,9705,1997-2005,9095.913771469208
57,pensioner,M,79,post05,Post-2005,9095.913771469208
58,pensioner,M,75,pre97,Pre-1997,4270.5394605510455
58,pensioner,M,75,9705,1997-2005,3202.904595413284
58,pensioner,M,75,post05,Post-2005,3202.904595413284
59,pensioner,M,76,pre97,Pre-1997,6759.662669988268
59,pensioner,M,76,9705,1997-2005,5069.747002491201
59,pensioner,M,76,post05,Post-2005,5069.747002491201
60,pensioner,M,70,pre97,Pre-1997,3459.253698900113
60,pensioner,M,70,9705,1997-2005,2594.4402741750846
60,pensioner,M,70,post05,Post-2005,2594.4402741750846
61,pensioner,F,69,pre97,Pre-1997,4185.044307419925
61,pensioner,F,69,9705,1997-2005,3138.7832305649436
61,pensioner,F,69,post05,Post-2005,3138.7832305649436
62,pensioner,F,72,pre97,Pre-1997,6129.377798498252
62,pensioner,F,72,9705,1997-2005,4597.033348873689
62,pensioner,F,72,post05,Post-2005,4597.033348873689
63,pensioner,F,78,pre97,Pre-1997,1656.029907432407
63,pensioner,F,78,9705,1997-2005,1242.0224305743052
63,pensioner,F,78,post05,Post-2005,1242.0224305743052
64,pensioner,M,75,pre97,Pre-1997,3581.735103994256
64,pensioner,M,75,9705,1997-2005,2686.3013279956917
64,pensioner,M,75,post05,Post-2005,2686.3013279956917
65,pensioner,M,78,pre97,Pre-1997,3270.100458633253
65,pensioner,M,78,9705,1997-2005,2452.5753439749396
65,pensioner,M,78,post05,Post-2005,2452.5753439749396
66,pensioner,M,70,pre97,Pre-1997,9023.070838365535
66,pensioner,M,70,9705,1997-2005,6767.30312877415
66,pensioner,M,70,post05,Post-2005,6767.30312877415
67,pensioner,F,82,pre97,Pre-1997,9770.333335689322
67,pensioner,F,82,9705,1997-2005,7327.750001766991
67,pensioner,F,82,post05,Post-2005,7327.750001766991
68,pensioner,M,64,pre97,Pre-1997,4210.737749471581
68,pensioner,M,64,9705,1997-2005,3158.0533121036856
68,pensioner,M,64,post05,Post-2005,3158.0533121036856
69,pensioner,M,80,pre97,Pre-1997,14156.63496100461
69,pensioner,M,80,9705,1997-2005,10617.476220753457
69,pensioner,M,80,post05,Post-2005,10617.476220753457
70,pensioner,M,71,pre97,Pre-1997,5753.49330288666
70,pensioner,M,71,9705,1997-2005,4315.119977164994
70,pensioner,M,71,post05,Post-2005,4315.119977164994
71,pensioner,M,82,pre97,Pre-1997,3896.1563094736734
71,pensioner,M,82,9705,1997-2005,2922.117232105255
71,pensioner,M,82,post05,Post-2005,2922.117232105255
72,pensioner,M,69,pre97,Pre-1997,1312.1918162589673
72,pensioner,M,69,9705,1997-2005,984.1438621942254
72,pensioner,M,69,post05,Post-2005,984.1438621942254
73,pensioner,M,81,pre97,Pre-1997,5748.174369702109
73,pensioner,M,81,9705,1997-2005,4311.130777276581
73,pensioner,M,81,post05,Post-2005,4311.130777276581
74,pensioner,F,78,pre97,Pre-1997,1038.3904504638585
74,pensioner,F,78,9705,1997-2005,778.7928378478939
74,pensioner,F,78,post05,Post-2005,778.7928378478939
75,pensioner,M,75,pre97,Pre-1997,3358.9434265547775
75,pensioner,M,75,9705,1997-2005,2519.207569916083
75,pensioner,M,75,post05,Post-2005,2519.207569916083
76,pensioner,M,69,pre97,Pre-1997,1364.3830766063736
76,pensioner,M,69,9705,1997-2005,1023.28730745478
76,pensioner,M,69,post05,Post-2005,1023.28730745478
77,pensioner,M,74,pre97,Pre-1997,15227.603305916877
77,pensioner,M,74,9705,1997-2005,11420.702479437656
77,pensioner,M,74,post05,Post-2005,11420.702479437656
78,pensioner,M,64,pre97,Pre-1997,5792.919973350639
78,pensioner,M,64,9705,1997-2005,4344.6899800129795
78,pensioner,M,64,post05,Post-2005,4344.6899800129795
79,pensioner,M,79,pre97,Pre-1997,5850.6337100246565
79,pensioner,M,79,9705,1997-2005,4387.975282518491
79,pensioner,M,79,post05,Post-2005,4387.975282518491
80,pensioner,M,80,pre97,Pre-1997,8542.098234469797
80,pensioner,M,80,9705,1997-2005,6406.573675852346
80,pensioner,M,80,post05,Post-2005,6406.573675852346
81,pensioner,F,65,pre97,Pre-1997,4174.76461466882
81,pensioner,F,65,9705,1997-2005,3131.073461001615
81,pensioner,F,65,post05,Post-2005,3131.073461001615
82,pensioner,F,70,pre97,Pre-1997,2311.3823363184324
82,pensioner,F,70,9705,1997-2005,1733.536752238824
82,pensioner,F,70,post05,Post-2005,1733.536752238824
83,pensioner,M,77,pre97,Pre-1997,2147.560435701021
83,pensioner,M,77,9705,1997-2005,1610.6703267757655
83,pensioner,M,77,post05,Post-2005,1610.6703267757655
84,pensioner,M,75,pre97,Pre-1997,1921.4297955977706
84,pensioner,M,75,9705,1997-2005,1441.072346698328
84,pensioner,M,75,post05,Post-2005,1441.072346698328
85,pensioner,F,92,pre97,Pre-1997,1550.1312796003585
85,pensioner,F,92,9705,1997-2005,1162.5984597002687
85,pensioner,F,92,post05,Post-2005,1162.5984597002687
86,pensioner,M,75,pre97,Pre-1997,3571.4079836420806
86,pensioner,M,75,9705,1997-2005,2678.55598773156
86,pensioner,M,75,post05,Post-2005,2678.55598773156
87,pensioner,M,70,pre97,Pre-1997,9381.452213813332
87,pensioner,M,70,9705,1997-2005,7036.089160359999
87,pensioner,M,70,post05,Post-2005,7036.089160359999
88,pensioner,M,65,pre97,Pre-1997,2361.9712389949505
88,pensioner,M,65,9705,1997-2005,1771.4784292462125
88,pensioner,M,65,post05,Post-2005,1771.4784292462125
89,pensioner,M,71,pre97,Pre-1997,3584.0592034004326
89,pensioner,M,71,9705,1997-2005,2688.0444025503243
89,pensioner,M,71,post05,Post-2005,2688.0444025503243
90,pensioner,M,66,pre97,Pre-1997,7410.613828723497
90,pensioner,M,66,9705,1997-2005,5557.960371542622
90,pensioner,M,66,post05,Post-2005,5557.960371542622
91,pensioner,F,74,pre97,Pre-1997,1976.428938732991
91,pensioner,F,74,9705,1997-2005,1482.321704049743
91,pensioner,F,74,post05,Post-2005,1482.321704049743
92,pensioner,M,81,pre97,Pre-1997,2712.9333811777633
92,pensioner,M,81,9705,1997-2005,2034.700035883322
92,pensioner,M,81,post05,Post-2005,2034.700035883322
93,pensioner,M,62,pre97,Pre-1997,2606.29418391228
93,pensioner,M,62,9705,1997-2005,1954.72063793421
93,pensioner,M,62,post05,Post-2005,1954.72063793421
94,pensioner,F,80,pre97,Pre-1997,9798.778413686305
94,pensioner,F,80,9705,1997-2005,7349.0838102647285
94,pensioner,F,80,post05,Post-2005,7349.0838102647285
95,pensioner,M,78,pre97,Pre-1997,3766.272560736215
95,pensioner,M,78,9705,1997-2005,2824.704420552161
95,pensioner,M,78,post05,Post-2005,2824.704420552161
96,pensioner,M,85,pre97,Pre-1997,1259.6140038206358
96,pensioner,M,85,9705,1997-2005,944.7105028654767
96,pensioner,M,85,post05,Post-2005,944.7105028654767
97,pensioner,M,83,pre97,Pre-1997,6863.30055969557
97,pensioner,M,83,9705,1997-2005,5147.4754197716775
97,pensioner,M,83,post05,Post-2005,5147.4754197716775
98,pensioner,M,68,pre97,Pre-1997,2307.9134763549787
98,pensioner,M,68,9705,1997-2005,1730.9351072662337
98,pensioner,M,68,post05,Post-2005,1730.9351072662337
99,pensioner,F,83,pre97,Pre-1997,10814.2546972241
99,pensioner,F,83,9705,1997-2005,8110.691022918074
99,pensioner,F,83,post05,Post-2005,8110.691022918074
100,pensioner,F,70,pre97,Pre-1997,4888.803311050773
100,pensioner,F,70,9705,1997-2005,3666.6024832880794
100,pensioner,F,70,post05,Post-2005,3666.6024832880794
101,pensioner,M,70,pre97,Pre-1997,297.1555395616717
101,pensioner,M,70,9705,1997-2005,222.8666546712537
101,pensioner,M,70,post05,Post-2005,222.8666546712537
102,pensioner,M,70,pre97,Pre-1997,9497.254874591967
102,pensioner,M,70,9705,1997-2005,7122.941155943974
102,pensioner,M,70,post05,Post-2005,7122.941155943974
103,pensioner,M,76,pre97,Pre-1997,5700.931395299722
103,pensioner,M,76,9705,1997-2005,4275.69854647479
103,pensioner,M,76,post05,Post-2005,4275.69854647479
104,pensioner,M,80,pre97,Pre-1997,1272.6577605524153
104,pensioner,M,80,9705,1997-2005,954.4933204143113
104,pensioner,M,80,post05,Post-2005,954.4933204143113
105,pensioner,M,69,pre97,Pre-1997,6302.059998535678
105,pensioner,M,69,9705,1997-2005,4726.544998901758
105,pensioner,M,69,post05,Post-2005,4726.544998901758
106,pensioner,M,77,pre97,Pre-1997,9012.679195884863
106,pensioner,M,77,9705,1997-2005,6759.509396913647
106,pensioner,M,77,post05,Post-2005,6759.509396913647
107,pensioner,M,72,pre97,Pre-1997,6881.408089683377
107,pensioner,M,72,9705,1997-2005,5161.056067262532
107,pensioner,M,72,post05,Post-2005,5161.056067262532
108,pensioner,F,81,pre97,Pre-1997,3704.6266563814506
108,pensioner,F,81,9705,1997-2005,2778.4699922860877
108,pensioner,F,81,post05,Post-2005,2778.4699922860877
109,pensioner,M,65,pre97,Pre-1997,5959.971674670334
109,pensioner,M,65,9705,1997-2005,4469.978756002751
109,pensioner,M,65,post05,Post-2005,4469.978756002751
110,pensioner,M,75,pre97,Pre-1997,1293.5983238149868
110,pensioner,M,75,9705,1997-2005,970.19874286124
110,pensioner,M,75,post05,Post-2005,970.19874286124
111,pensioner,F,76,pre97,Pre-1997,2912.076218162082
111,pensioner,F,76,9705,1997-2005,2184.0571636215614
111,pensioner,F,76,post05,Post-2005,2184.0571636215614
112,pensioner,M,79,pre97,Pre-1997,1214.765512890188
112,pensioner,M,79,9705,1997-2005,911.0741346676409
112,pensioner,M,79,post05,Post-2005,911.0741346676409
113,pensioner,F,61,pre97,Pre-1997,6173.16749470685
113,pensioner,F,61,9705,1997-2005,4629.875621030137
113,pensioner,F,61,post05,Post-2005,4629.875621030137
114,pensioner,M,77,pre97,Pre-1997,1327.2724134897012
114,pensioner,M,77,9705,1997-2005,995.4543101172758
114,pensioner,M,77,post05,Post-2005,995.4543101172758
115,pensioner,F,70,pre97,Pre-1997,1017.5469212135231
115,pensioner,F,70,9705,1997-2005,763.1601909101423
115,pensioner,F,70,post05,Post-2005,763.1601909101423
116,pensioner,M,64,pre97,Pre-1997,4558.1768601678405
116,pensioner,M,64,9705,1997-2005,3418.6326451258797
116,pensioner,M,64,post05,Post-2005,3418.6326451258797
117,pensioner,F,68,pre97,Pre-1997,6738.311024100757
117,pensioner,F,68,9705,1997-2005,5053.733268075567
117,pensioner,F,68,post05,Post-2005,5053.733268075567
118,pensioner,M,63,pre97,Pre-1997,2627.1142888305512
118,pensioner,M,63,9705,1997-2005,1970.3357166229134
118,pensioner,M,63,post05,Post-2005,1970.3357166229134
119,pensioner,M,61,pre97,Pre-1997,2453.7878606087115
119,pensioner,M,61,9705,1997-2005,1840.3408954565334
119,pensioner,M,61,post05,Post-2005,1840.3408954565334
120,pensioner,M,80,pre97,Pre-1997,7471.44374052713
120,pensioner,M,80,9705,1997-2005,5603.582805395347
120,pensioner,M,80,post05,Post-2005,5603.582805395347
121,pensioner,M,67,pre97,Pre-1997,2938.220475761087
121,pensioner,M,67,9705,1997-2005,2203.665356820815
121,pensioner,M,67,post05,Post-2005,2203.665356820815
122,pensioner,M,69,pre97,Pre-1997,5643.919652282497
122,pensioner,M,69,9705,1997-2005,4232.939739211873
122,pensioner,M,69,post05,Post-2005,4232.939739211873
123,pensioner,F,69,pre97,Pre-1997,6361.60213421008
123,pensioner,F,69,9705,1997-2005,4771.2016006575595
123,pensioner,F,69,post05,Post-2005,4771.2016006575595
124,pensioner,M,90,pre97,Pre-1997,2357.0156979492217
124,pensioner,M,90,9705,1997-2005,1767.7617734619164
124,pensioner,M,90,post05,Post-2005,1767.7617734619164
125,pensioner,F,62,pre97,Pre-1997,5733.888960661071
125,pensioner,F,62,9705,1997-2005,4300.416720495803
125,pensioner,F,62,post05,Post-2005,4300.416720495803
126,pensioner,M,79,pre97,Pre-1997,3285.4037716120847
126,pensioner,M,79,9705,1997-2005,2464.0528287090633
126,pensioner,M,79,post05,Post-2005,2464.0528287090633
127,pensioner,F,60,pre97,Pre-1997,1252.43149268601
127,pensioner,F,60,9705,1997-2005,939.3236195145074
127,pensioner,F,60,post05,Post-2005,939.3236195145074
128,pensioner,M,81,pre97,Pre-1997,4747.531804355459
128,pensioner,M,81,9705,1997-2005,3560.648853266594
128,pensioner,M,81,post05,Post-2005,3560.648853266594
129,pensioner,M,70,pre97,Pre-1997,2911.5390423007466
129,pensioner,M,70,9705,1997-2005,2183.6542817255595
129,pensioner,M,70,post05,Post-2005,2183.6542817255595
130,pensioner,M,66,pre97,Pre-1997,2419.1894330693035
130,pensioner,M,66,9705,1997-2005,1814.3920748019775
130,pensioner,M,66,post05,Post-2005,1814.3920748019775
131,pensioner,F,73,pre97,Pre-1997,4069.611890406428
131,pensioner,F,73,9705,1997-2005,3052.208917804821
131,pensioner,F,73,post05,Post-2005,3052.208917804821
132,pensioner,F,75,pre97,Pre-1997,10531.004086066885
132,pensioner,F,75,9705,1997-2005,7898.253064550163
132,pensioner,F,75,post05,Post-2005,7898.253064550163
133,pensioner,M,85,pre97,Pre-1997,2020.4923306549365
133,pensioner,M,85,9705,1997-2005,1515.3692479912022
133,pensioner,M,85,post05,Post-2005,1515.3692479912022
134,pensioner,M,72,pre97,Pre-1997,15975.993530989637
134,pensioner,M,72,9705,1997-2005,11981.995148242228
134,pensioner,M,72,post05,Post-2005,11981.995148242228
135,pensioner,F,75,pre97,Pre-1997,455.91493787609147
135,pensioner,F,75,9705,1997-2005,341.93620340706855
135,pensioner,F,75,post05,Post-2005,341.93620340706855
136,pensioner,M,73,pre97,Pre-1997,1269.5499574811697
136,pensioner,M,73,9705,1997-2005,952.1624681108772
136,pensioner,M,73,post05,Post-2005,952.1624681108772
137,pensioner,M,79,pre97,Pre-1997,3996.791614105738
137,pensioner,M,79,9705,1997-2005,2997.593710579303
137,pensioner,M,79,post05,Post-2005,2997.593710579303
138,pensioner,F,69,pre97,Pre-1997,7243.235063202337
138,pensioner,F,69,9705,1997-2005,5432.426297401753
138,pensioner,F,69,post05,Post-2005,5432.426297401753
139,pensioner,M,77,pre97,Pre-1997,2291.3058724903126
139,pensioner,M,77,9705,1997-2005,1718.479404367734
139,pensioner,M,77,post05,Post-2005,1718.479404367734
140,pensioner,M,80,pre97,Pre-1997,3740.6444775353684
140,pensioner,M,80,9705,1997-2005,2805.483358151526
140,pensioner,M,80,post05,Post-2005,2805.483358151526
141,pensioner,M,80,pre97,Pre-1997,6376.962922695238
141,pensioner,M,80,9705,1997-2005,4782.722192021429
141,pensioner,M,80,post05,Post-2005,4782.722192021429
142,pensioner,M,71,pre97,Pre-1997,6264.436554725767
142,pensioner,M,71,9705,1997-2005,4698.327416044324
142,pensioner,M,71,post05,Post-2005,4698.327416044324
143,pensioner,F,74,pre97,Pre-1997,5922.982886953514
143,pensioner,F,74,9705,1997-2005,4442.237165215135
143,pensioner,F,74,post05,Post-2005,4442.237165215135
144,pensioner,F,77,pre97,Pre-1997,1939.0280340992229
144,pensioner,F,77,9705,1997-2005,1454.271025574417
144,pensioner,F,77,post05,Post-2005,1454.271025574417
145,pensioner,M,62,pre97,Pre-1997,1443.2315804354048
145,pensioner,M,62,9705,1997-2005,1082.4236853265534
145,pensioner,M,62,post05,Post-2005,1082.4236853265534
146,pensioner,M,72,pre97,Pre-1997,5792.36467235805
146,pensioner,M,72,9705,1997-2005,4344.273504268537
146,pensioner,M,72,post05,Post-2005,4344.273504268537
147,pensioner,M,69,pre97,Pre-1997,1859.467604717387
147,pensioner,M,69,9705,1997-2005,1394.6007035380403
147,pensioner,M,69,post05,Post-2005,1394.6007035380403
148,pensioner,M,73,pre97,Pre-1997,14274.431495547391
148,pensioner,M,73,9705,1997-2005,10705.823621660542
148,pensioner,M,73,post05,Post-2005,10705.823621660542
149,pensioner,M,75,pre97,Pre-1997,4214.160581366096
149,pensioner,M,75,9705,1997-2005,3160.6204360245715
149,pensioner,M,75,post05,Post-2005,3160.6204360245715
150,pensioner,M,79,pre97,Pre-1997,27037.787378881232
150,pensioner,M,79,9705,1997-2005,20278.34053416092
150,pensioner,M,79,post05,Post-2005,20278.34053416092
151,pensioner,M,84,pre97,Pre-1997,3072.2010482455357
151,pensioner,M,84,9705,1997-2005,2304.1507861841515
151,pensioner,M,84,post05,Post-2005,2304.1507861841515
152,pensioner,M,71,pre97,Pre-1997,3080.4839897394613
152,pensioner,M,71,9705,1997-2005,2310.362992304596
152,pensioner,M,71,post05,Post-2005,2310.362992304596
153,pensioner,M,78,pre97,Pre-1997,2828.8893894684793
153,pensioner,M,78,9705,1997-2005,2121.667042101359
153,pensioner,M,78,post05,Post-2005,2121.667042101359
154,pensioner,M,68,pre97,Pre-1997,3463.946225586258
154,pensioner,M,68,9705,1997-2005,2597.959669189693
154,pensioner,M,68,post05,Post-2005,2597.959669189693
155,pensioner,M,77,pre97,Pre-1997,16734.76425176617
155,pensioner,M,77,9705,1997-2005,12551.073188824628
155,pensioner,M,77,post05,Post-2005,12551.073188824628
156,pensioner,M,78,pre97,Pre-1997,2092.7676541654882
156,pensioner,M,78,9705,1997-2005,1569.575740624116
156,pensioner,M,78,post05,Post-2005,1569.575740624116
157,pensioner,M,78,pre97,Pre-1997,2010.337743089593
157,pensioner,M,78,9705,1997-2005,1507.7533073171946
157,pensioner,M,78,post05,Post-2005,1507.7533073171946
158,pensioner,M,77,pre97,Pre-1997,29821.426023732973
158,pensioner,M,77,9705,1997-2005,22366.069517799726
158,pensioner,M,77,post05,Post-2005,22366.069517799726
159,pensioner,M,83,pre97,Pre-1997,9301.502320757061
159,pensioner,M,83,9705,1997-2005,6976.1267405677945
159,pensioner,M,83,post05,Post-2005,6976.1267405677945
160,pensioner,F,86,pre97,Pre-1997,8838.176714442754
160,pensioner,F,86,9705,1997-2005,6628.632535832065
160,pensioner,F,86,post05,Post-2005,6628.632535832065
161,pensioner,M,70,pre97,Pre-1997,1272.8973771213177
161,pensioner,M,70,9705,1997-2005,954.6730328409881
161,pensioner,M,70,post05,Post-2005,954.6730328409881
162,pensioner,M,86,pre97,Pre-1997,3313.07788934294
162,pensioner,M,86,9705,1997-2005,2484.8084170072048
162,pensioner,M,86,post05,Post-2005,2484.8084170072048
163,pensioner,M,65,pre97,Pre-1997,3578.222495222257
163,pensioner,M,65,9705,1997-2005,2683.6668714166926
163,pensioner,M,65,post05,Post-2005,2683.6668714166926
164,pensioner,F,73,pre97,Pre-1997,9326.360108470253
164,pensioner,F,73,9705,1997-2005,6994.77008135269
164,pensioner,F,73,post05,Post-2005,6994.77008135269
165,pensioner,M,70,pre97,Pre-1997,1699.5617677900136
165,pensioner,M,70,9705,1997-2005,1274.6713258425102
165,pensioner,M,70,post05,Post-2005,1274.6713258425102
166,pensioner,F,71,pre97,Pre-1997,2377.143643810848
166,pensioner,F,71,9705,1997-2005,1782.8577328581362
166,pensioner,F,71,post05,Post-2005,1782.8577328581362
167,pensioner,M,80,pre97,Pre-1997,4799.786162654103
167,pensioner,M,80,9705,1997-2005,3599.8396219905767
167,pensioner,M,80,post05,Post-2005,3599.8396219905767
168,pensioner,M,89,pre97,Pre-1997,6563.357077854833
168,pensioner,M,89,9705,1997-2005,4922.517808391124
168,pensioner,M,89,post05,Post-2005,4922.517808391124
169,pensioner,M,72,pre97,Pre-1997,1414.9761011671162
169,pensioner,M,72,9705,1997-2005,1061.2320758753372
169,pensioner,M,72,post05,Post-2005,1061.2320758753372
170,pensioner,F,74,pre97,Pre-1997,2044.4294910391218
170,pensioner,F,74,9705,1997-2005,1533.3221182793413
170,pensioner,F,74,post05,Post-2005,1533.3221182793413
171,pensioner,M,76,pre97,Pre-1997,1359.804268362965
171,pensioner,M,76,9705,1997-2005,1019.8532012722237
171,pensioner,M,76,post05,Post-2005,1019.8532012722237
172,pensioner,M,71,pre97,Pre-1997,804.5278713411286
172,pensioner,M,71,9705,1997-2005,603.3959035058464
172,pensioner,M,71,post05,Post-2005,603.3959035058464
173,pensioner,F,78,pre97,Pre-1997,5977.074570482014
173,pensioner,F,78,9705,1997-2005,4482.80592786151
173,pensioner,F,78,post05,Post-2005,4482.80592786151
174,pensioner,M,60,pre97,Pre-1997,7628.918561881957
174,pensioner,M,60,9705,1997-2005,5721.688921411467
174,pensioner,M,60,post05,Post-2005,5721.688921411467
175,pensioner,M,79,pre97,Pre-1997,4171.5525084781575
175,pensioner,M,79,9705,1997-2005,3128.6643813586184
175,pensioner,M,79,post05,Post-2005,3128.6643813586184
176,pensioner,M,86,pre97,Pre-1997,1845.6490067767309
176,pensioner,M,86,9705,1997-2005,1384.236755082548
176,pensioner,M,86,post05,Post-2005,1384.236755082548
177,pensioner,M,62,pre97,Pre-1997,2175.3407913731317
177,pensioner,M,62,9705,1997-2005,1631.5055935298487
177,pensioner,M,62,post05,Post-2005,1631.5055935298487
178,pensioner,M,78,pre97,Pre-1997,8021.766776899809
178,pensioner,M,78,9705,1997-2005,6016.325082674856
178,pensioner,M,78,post05,Post-2005,6016.325082674856
179,pensioner,M,61,pre97,Pre-1997,5110.882551543119
179,pensioner,M,61,9705,1997-2005,3833.1619136573386
179,pensioner,M,61,post05,Post-2005,3833.1619136573386
180,pensioner,F,68,pre97,Pre-1997,2931.1041255279065
180,pensioner,F,68,9705,1997-2005,2198.3280941459298
180,pensioner,F,68,post05,Post-2005,2198.3280941459298
181,pensioner,M,64,pre97,Pre-1997,7365.227885246055
181,pensioner,M,64,9705,1997-2005,5523.92091393454
181,pensioner,M,64,post05,Post-2005,5523.92091393454
182,pensioner,F,72,pre97,Pre-1997,2725.037052783045
182,pensioner,F,72,9705,1997-2005,2043.7777895872835
182,pensioner,F,72,post05,Post-2005,2043.7777895872835
183,pensioner,M,65,pre97,Pre-1997,1862.6281601199744
183,pensioner,M,65,9705,1997-2005,1396.9711200899806
183,pensioner,M,65,post05,Post-2005,1396.9711200899806
184,pensioner,M,67,pre97,Pre-1997,8883.754288805167
184,pensioner,M,67,9705,1997-2005,6662.815716603875
184,pensioner,M,67,post05,Post-2005,6662.815716603875
185,pensioner,M,82,pre97,Pre-1997,1837.2686239225968
185,pensioner,M,82,9705,1997-2005,1377.9514679419476
185,pensioner,M,82,post05,Post-2005,1377.9514679419476
186,pensioner,M,64,pre97,Pre-1997,924.899605025864
186,pensioner,M,64,9705,1997-2005,693.674703769398
186,pensioner,M,64,post05,Post-2005,693.674703769398
187,pensioner,M,69,pre97,Pre-1997,14562.519602486136
187,pensioner,M,69,9705,1997-2005,10921.889701864602
187,pensioner,M,69,post05,Post-2005,10921.889701864602
188,pensioner,M,78,pre97,Pre-1997,738.3501930835544
188,pensioner,M,78,9705,1997-2005,553.7626448126657
188,pensioner,M,78,post05,Post-2005,553.7626448126657
189,pensioner,M,80,pre97,Pre-1997,6217.804374520785
189,pensioner,M,80,9705,1997-2005,4663.353280890588
189,pensioner,M,80,post05,Post-2005,4663.353280890588
190,pensioner,M,79,pre97,Pre-1997,2091.1992647194566
190,pensioner,M,79,9705,1997-2005,1568.3994485395924
190,pensioner,M,79,post05,Post-2005,1568.3994485395924
191,pensioner,M,74,pre97,Pre-1997,20179.390622252715
191,pensioner,M,74,9705,1997-2005,15134.542966689536
191,pensioner,M,74,post05,Post-2005,15134.542966689536
192,pensioner,M,80,pre97,Pre-1997,1865.031285364798
192,pensioner,M,80,9705,1997-2005,1398.7734640235983
192,pensioner,M,80,post05,Post-2005,1398.7734640235983
193,pensioner,M,61,pre97,Pre-1997,1204.0170598498473
193,pensioner,M,61,9705,1997-2005,903.0127948873854
193,pensioner,M,61,post05,Post-2005,903.0127948873854
194,pensioner,F,76,pre97,Pre-1997,2780.2058226250356
194,pensioner,F,76,9705,1997-2005,2085.1543669687762
194,pensioner,F,76,post05,Post-2005,2085.1543669687762
195,pensioner,F,66,pre97,Pre-1997,1370.6478262939245
195,pensioner,F,66,9705,1997-2005,1027.9858697204434
195,pensioner,F,66,post05,Post-2005,1027.9858697204434
196,pensioner,M,85,pre97,Pre-1997,10035.031828404997
196,pensioner,M,85,9705,1997-2005,7526.273871303747
196,pensioner,M,85,post05,Post-2005,7526.273871303747
197,pensioner,M,65,pre97,Pre-1997,1850.2538514926355
197,pensioner,M,65,9705,1997-2005,1387.6903886194764
197,pensioner,M,65,post05,Post-2005,1387.6903886194764
198,pensioner,M,68,pre97,Pre-1997,9850.240605088655
198,pensioner,M,68,9705,1997-2005,7387.68045381649
198,pensioner,M,68,post05,Post-2005,7387.68045381649
199,pensioner,M,80,pre97,Pre-1997,2393.52051957436
199,pensioner,M,80,9705,1997-2005,1795.14038968077
199,pensioner,M,80,post05,Post-2005,1795.14038968077
200,pensioner,F,66,pre97,Pre-1997,16540.507890734876
200,pensioner,F,66,9705,1997-2005,12405.380918051154
200,pensioner,F,66,post05,Post-2005,12405.380918051154
201,pensioner,F,78,pre97,Pre-1997,3278.901466200202
201,pensioner,F,78,9705,1997-2005,2459.176099650151
201,pensioner,F,78,post05,Post-2005,2459.176099650151
202,pensioner,M,71,pre97,Pre-1997,1380.846781874814
202,pensioner,M,71,9705,1997-2005,1035.6350864061103
202,pensioner,M,71,post05,Post-2005,1035.6350864061103
203,pensioner,F,74,pre97,Pre-1997,2302.0851635998874
203,pensioner,F,74,9705,1997-2005,1726.5638726999157
203,pensioner,F,74,post05,Post-2005,1726.5638726999157
204,pensioner,M,73,pre97,Pre-1997,1022.6626147660669
204,pensioner,M,73,9705,1997-2005,766.9969610745501
204,pensioner,M,73,post05,Post-2005,766.9969610745501
205,pensioner,M,86,pre97,Pre-1997,7812.39349926613
205,pensioner,M,86,9705,1997-2005,5859.295124449597
205,pensioner,M,86,post05,Post-2005,5859.295124449597
206,pensioner,M,80,pre97,Pre-1997,2110.119336770678
206,pensioner,M,80,9705,1997-2005,1582.589502578008
206,pensioner,M,80,post05,Post-2005,1582.589502578008
207,pensioner,M,75,pre97,Pre-1997,4817.975112252577
207,pensioner,M,75,9705,1997-2005,3613.481334189433
207,pensioner,M,75,post05,Post-2005,3613.481334189433
208,pensioner,M,64,pre97,Pre-1997,2414.761575187624
208,pensioner,M,64,9705,1997-2005,1811.071181390718
208,pensioner,M,64,post05,Post-2005,1811.071181390718
209,pensioner,F,68,pre97,Pre-1997,2935.795156864616
209,pensioner,F,68,9705,1997-2005,2201.8463676484616
209,pensioner,F,68,post05,Post-2005,2201.8463676484616
210,pensioner,F,79,pre97,Pre-1997,10648.12320708686
210,pensioner,F,79,9705,1997-2005,7986.092405315144
210,pensioner,F,79,post05,Post-2005,7986.092405315144
211,pensioner,M,68,pre97,Pre-1997,4837.518859039682
211,pensioner,M,68,9705,1997-2005,3628.1391442797617
211,pensioner,M,68,post05,Post-2005,3628.1391442797617
212,pensioner,M,77,pre97,Pre-1997,1548.4387877534853
212,pensioner,M,77,9705,1997-2005,1161.329090815114
212,pensioner,M,77,post05,Post-2005,1161.329090815114
213,pensioner,F,73,pre97,Pre-1997,1229.3723292604536
213,pensioner,F,73,9705,1997-2005,922.0292469453402
213,pensioner,F,73,post05,Post-2005,922.0292469453402
214,pensioner,M,68,pre97,Pre-1997,5151.456126448518
214,pensioner,M,68,9705,1997-2005,3863.5920948363882
214,pensioner,M,68,post05,Post-2005,3863.5920948363882
215,pensioner,M,69,pre97,Pre-1997,5702.281884300383
215,pensioner,M,69,9705,1997-2005,4276.711413225287
215,pensioner,M,69,post05,Post-2005,4276.711413225287
216,pensioner,M,65,pre97,Pre-1997,5750.508781420115
216,pensioner,M,65,9705,1997-2005,4312.881586065086
216,pensioner,M,65,post05,Post-2005,4312.881586065086
217,pensioner,M,77,pre97,Pre-1997,3164.2117229633973
217,pensioner,M,77,9705,1997-2005,2373.1587922225476
217,pensioner,M,77,post05,Post-2005,2373.1587922225476
218,pensioner,M,76,pre97,Pre-1997,3572.2970016657378
218,pensioner,M,76,9705,1997-2005,2679.222751249303
218,pensioner,M,76,post05,Post-2005,2679.222751249303
219,pensioner,M,80,pre97,Pre-1997,39802.51976236171
219,pensioner,M,80,9705,1997-2005,29851.889821771278
219,pensioner,M,80,post05,Post-2005,29851.889821771278
220,pensioner,F,70,pre97,Pre-1997,12879.327007599164
220,pensioner,F,70,9705,1997-2005,9659.495255699372
220,pensioner,F,70,post05,Post-2005,9659.495255699372
221,pensioner,M,68,pre97,Pre-1997,1706.0641565805888
221,pensioner,M,68,9705,1997-2005,1279.5481174354416
221,pensioner,M,68,post05,Post-2005,1279.5481174354416
222,pensioner,M,63,pre97,Pre-1997,1207.9918875525257
222,pensioner,M,63,9705,1997-2005,905.9939156643942
222,pensioner,M,63,post05,Post-2005,905.9939156643942
223,pensioner,F,79,pre97,Pre-1997,10912.605177655129
223,pensioner,F,79,9705,1997-2005,8184.4538832413455
223,pensioner,F,79,post05,Post-2005,8184.4538832413455
224,pensioner,F,86,pre97,Pre-1997,3657.0084368268836
224,pensioner,F,86,9705,1997-2005,2742.7563276201627
224,pensioner,F,86,post05,Post-2005,2742.7563276201627
225,pensioner,M,61,pre97,Pre-1997,5010.758122754009
225,pensioner,M,61,9705,1997-2005,3758.068592065506
225,pensioner,M,61,post05,Post-2005,3758.068592065506
226,pensioner,F,72,pre97,Pre-1997,4347.022701354705
226,pensioner,F,72,9705,1997-2005,3260.2670260160285
226,pensioner,F,72,post05,Post-2005,3260.2670260160285
227,pensioner,M,61,pre97,Pre-1997,2681.775753379087
227,pensioner,M,61,9705,1997-2005,2011.331815034315
227,pensioner,M,61,post05,Post-2005,2011.331815034315
228,pensioner,M,76,pre97,Pre-1997,13338.463744183706
228,pensioner,M,76,9705,1997-2005,10003.847808137778
228,pensioner,M,76,post05,Post-2005,10003.847808137778
229,pensioner,F,81,pre97,Pre-1997,1816.2233545100528
229,pensioner,F,81,9705,1997-2005,1362.1675158825394
229,pensioner,F,81,post05,Post-2005,1362.1675158825394
230,pensioner,M,81,pre97,Pre-1997,2827.8415556257037
230,pensioner,M,81,9705,1997-2005,2120.8811667192776
230,pensioner,M,81,post05,Post-2005,2120.8811667192776
231,pensioner,M,68,pre97,Pre-1997,2064.3636808530837
231,pensioner,M,68,9705,1997-2005,1548.2727606398125
231,pensioner,M,68,post05,Post-2005,1548.2727606398125
232,pensioner,F,65,pre97,Pre-1997,3408.134552219407
232,pensioner,F,65,9705,1997-2005,2556.100914164555
232,pensioner,F,65,post05,Post-2005,2556.100914164555
233,pensioner,M,68,pre97,Pre-1997,2785.542879668006
233,pensioner,M,68,9705,1997-2005,2089.1571597510047
233,pensioner,M,68,post05,Post-2005,2089.1571597510047
234,pensioner,F,76,pre97,Pre-1997,8078.956448604462
234,pensioner,F,76,9705,1997-2005,6059.217336453346
234,pensioner,F,76,post05,Post-2005,6059.217336453346
235,pensioner,M,78,pre97,Pre-1997,5712.645878552219
235,pensioner,M,78,9705,1997-2005,4284.484408914164
235,pensioner,M,78,post05,Post-2005,4284.484408914164
236,pensioner,M,76,pre97,Pre-1997,8311.837799988469
236,pensioner,M,76,9705,1997-2005,6233.878349991352
236,pensioner,M,76,post05,Post-2005,6233.878349991352
237,pensioner,F,89,pre97,Pre-1997,3395.4406176255416
237,pensioner,F,89,9705,1997-2005,2546.5804632191557
237,pensioner,F,89,post05,Post-2005,2546.5804632191557
238,pensioner,F,74,pre97,Pre-1997,11056.524539475038
238,pensioner,F,74,9705,1997-2005,8292.393404606279
238,pensioner,F,74,post05,Post-2005,8292.393404606279
239,pensioner,M,74,pre97,Pre-1997,7033.875350163169
239,pensioner,M,74,9705,1997-2005,5275.406512622376
239,pensioner,M,74,post05,Post-2005,5275.406512622376
240,pensioner,M,84,pre97,Pre-1997,3743.5761154471375
240,pensioner,M,84,9705,1997-2005,2807.682086585353
240,pensioner,M,84,post05,Post-2005,2807.682086585353
241,pensioner,F,72,pre97,Pre-1997,979.0893113802842
241,pensioner,F,72,9705,1997-2005,734.3169835352131
241,pensioner,F,72,post05,Post-2005,734.3169835352131
242,pensioner,F,85,pre97,Pre-1997,9408.042591620073
242,pensioner,F,85,9705,1997-2005,7056.031943715054
242,pensioner,F,85,post05,Post-2005,7056.031943715054
243,pensioner,M,60,pre97,Pre-1997,5067.644335967083
243,pensioner,M,60,9705,1997-2005,3800.7332519753118
243,pensioner,M,60,post05,Post-2005,3800.7332519753118
244,pensioner,M,68,pre97,Pre-1997,2210.5372914350387
244,pensioner,M,68,9705,1997-2005,1657.9029685762787
244,pensioner,M,68,post05,Post-2005,1657.9029685762787
245,pensioner,M,68,pre97,Pre-1997,797.0915006258354
245,pensioner,M,68,9705,1997-2005,597.8186254693765
245,pensioner,M,68,post05,Post-2005,597.8186254693765
246,pensioner,M,67,pre97,Pre-1997,3803.7910192073814
246,pensioner,M,67,9705,1997-2005,2852.8432644055356
246,pensioner,M,67,post05,Post-2005,2852.8432644055356
247,pensioner,F,76,pre97,Pre-1997,7029.260803470174
247,pensioner,F,76,9705,1997-2005,5271.94560260263
247,pensioner,F,76,post05,Post-2005,5271.94560260263
248,pensioner,F,81,pre97,Pre-1997,6826.883748673899
248,pensioner,F,81,9705,1997-2005,5120.1628115054245
248,pensioner,F,81,post05,Post-2005,5120.1628115054245
249,pensioner,F,68,pre97,Pre-1997,4467.230549963937
249,pensioner,F,68,9705,1997-2005,3350.4229124729527
249,pensioner,F,68,post05,Post-2005,3350.4229124729527
250,pensioner,M,77,pre97,Pre-1997,4448.557443924158
250,pensioner,M,77,9705,1997-2005,3336.4180829431184
250,pensioner,M,77,post05,Post-2005,3336.4180829431184
251,pensioner,F,73,pre97,Pre-1997,6405.328849120808
251,pensioner,F,73,9705,1997-2005,4803.996636840606
251,pensioner,F,73,post05,Post-2005,4803.996636840606
252,pensioner,F,78,pre97,Pre-1997,1212.269269847881
252,pensioner,F,78,9705,1997-2005,909.2019523859109
252,pensioner,F,78,post05,Post-2005,909.2019523859109
253,pensioner,M,90,pre97,Pre-1997,2011.631945370896
253,pensioner,M,90,9705,1997-2005,1508.7239590281717
253,pensioner,M,90,post05,Post-2005,1508.7239590281717
254,pensioner,M,75,pre97,Pre-1997,5880.551014633002
254,pensioner,M,75,9705,1997-2005,4410.413260974751
254,pensioner,M,75,post05,Post-2005,4410.413260974751
255,pensioner,M,69,pre97,Pre-1997,3375.487708825215
255,pensioner,M,69,9705,1997-2005,2531.615781618911
255,pensioner,M,69,post05,Post-2005,2531.615781618911
256,pensioner,M,75,pre97,Pre-1997,11524.083541381951
256,pensioner,M,75,9705,1997-2005,8643.062656036464
256,pensioner,M,75,post05,Post-2005,8643.062656036464
257,pensioner,M,73,pre97,Pre-1997,4807.821531639189
257,pensioner,M,73,9705,1997-2005,3605.866148729391
257,pensioner,M,73,post05,Post-2005,3605.866148729391
258,pensioner,F,80,pre97,Pre-1997,2382.4785646038104
258,pensioner,F,80,9705,1997-2005,1786.8589234528579
258,pensioner,F,80,post05,Post-2005,1786.8589234528579
259,pensioner,F,80,pre97,Pre-1997,2322.738756843535
259,pensioner,F,80,9705,1997-2005,1742.0540676326514
259,pensioner,F,80,post05,Post-2005,1742.0540676326514
260,pensioner,M,62,pre97,Pre-1997,6968.994196392826
260,pensioner,M,62,9705,1997-2005,5226.745647294619
260,pensioner,M,62,post05,Post-2005,5226.745647294619
261,pensioner,M,73,pre97,Pre-1997,3759.32323595203
261,pensioner,M,73,9705,1997-2005,2819.4924269640223
261,pensioner,M,73,post05,Post-2005,2819.4924269640223
262,pensioner,F,72,pre97,Pre-1997,5968.899010740084
262,pensioner,F,72,9705,1997-2005,4476.674258055063
262,pensioner,F,72,post05,Post-2005,4476.674258055063
263,pensioner,M,74,pre97,Pre-1997,2172.919165002762
263,pensioner,M,74,9705,1997-2005,1629.689373752071
263,pensioner,M,74,post05,Post-2005,1629.689373752071
264,pensioner,M,86,pre97,Pre-1997,8115.1947946419305
264,pensioner,M,86,9705,1997-2005,6086.396095981448
264,pensioner,M,86,post05,Post-2005,6086.396095981448
265,pensioner,F,83,pre97,Pre-1997,7135.062434306892
265,pensioner,F,83,9705,1997-2005,5351.296825730169
265,pensioner,F,83,post05,Post-2005,5351.296825730169
266,pensioner,M,76,pre97,Pre-1997,5981.404734480583
266,pensioner,M,76,9705,1997-2005,4486.053550860437
266,pensioner,M,76,post05,Post-2005,4486.053550860437
267,pensioner,M,69,pre97,Pre-1997,1330.963115142311
267,pensioner,M,69,9705,1997-2005,998.222336356733
267,pensioner,M,69,post05,Post-2005,998.222336356733
268,pensioner,M,69,pre97,Pre-1997,5520.344697888294
268,pensioner,M,69,9705,1997-2005,4140.25852341622
268,pensioner,M,69,post05,Post-2005,4140.25852341622
269,pensioner,F,84,pre97,Pre-1997,2020.8241550915802
269,pensioner,F,84,9705,1997-2005,1515.618116318685
269,pensioner,F,84,post05,Post-2005,1515.618116318685
270,pensioner,F,66,pre97,Pre-1997,8179.5382952766995
270,pensioner,F,66,9705,1997-2005,6134.653721457524
270,pensioner,F,66,post05,Post-2005,6134.653721457524
271,pensioner,M,86,pre97,Pre-1997,15853.80903947389
271,pensioner,M,86,9705,1997-2005,11890.356779605416
271,pensioner,M,86,post05,Post-2005,11890.356779605416
272,pensioner,F,73,pre97,Pre-1997,2661.1262279526363
272,pensioner,F,73,9705,1997-2005,1995.8446709644772
272,pensioner,F,73,post05,Post-2005,1995.8446709644772
273,pensioner,M,76,pre97,Pre-1997,8298.864187998783
273,pensioner,M,76,9705,1997-2005,6224.148140999086
273,pensioner,M,76,post05,Post-2005,6224.148140999086
274,pensioner,M,72,pre97,Pre-1997,12375.049038944153
274,pensioner,M,72,9705,1997-2005,9281.286779208114
274,pensioner,M,72,post05,Post-2005,9281.286779208114
275,pensioner,F,67,pre97,Pre-1997,4540.180261263219
275,pensioner,F,67,9705,1997-2005,3405.1351959474146
275,pensioner,F,67,post05,Post-2005,3405.1351959474146
276,pensioner,M,74,pre97,Pre-1997,3942.676511015364
276,pensioner,M,74,9705,1997-2005,2957.007383261523
276,pensioner,M,74,post05,Post-2005,2957.007383261523
277,pensioner,M,77,pre97,Pre-1997,3645.852995697036
277,pensioner,M,77,9705,1997-2005,2734.3897467727766
277,pensioner,M,77,post05,Post-2005,2734.3897467727766
278,pensioner,M,73,pre97,Pre-1997,1668.679628662621
278,pensioner,M,73,9705,1997-2005,1251.5097214969658
278,pensioner,M,73,post05,Post-2005,1251.5097214969658
279,pensioner,F,74,pre97,Pre-1997,2788.4423911187355
279,pensioner,F,74,9705,1997-2005,2091.3317933390513
279,pensioner,F,74,post05,Post-2005,2091.3317933390513
280,pensioner,M,65,pre97,Pre-1997,2772.5936845513042
280,pensioner,M,65,9705,1997-2005,2079.445263413478
280,pensioner,M,65,post05,Post-2005,2079.445263413478
281,pensioner,M,68,pre97,Pre-1997,5482.397410150029
281,pensioner,M,68,9705,1997-2005,4111.798057612521
281,pensioner,M,68,post05,Post-2005,4111.798057612521
282,pensioner,M,77,pre97,Pre-1997,8960.92084102978
282,pensioner,M,77,9705,1997-2005,6720.690630772335
282,pensioner,M,77,post05,Post-2005,6720.690630772335
283,pensioner,F,63,pre97,Pre-1997,23614.50764314845
283,pensioner,F,63,9705,1997-2005,17710.880732361333
283,pensioner,F,63,post05,Post-2005,17710.880732361333
284,pensioner,F,78,pre97,Pre-1997,1843.5101962904844
284,pensioner,F,78,9705,1997-2005,1382.6326472178632
284,pensioner,F,78,post05,Post-2005,1382.6326472178632
285,pensioner,M,72,pre97,Pre-1997,1161.621318300522
285,pensioner,M,72,9705,1997-2005,871.2159887253915
285,pensioner,M,72,post05,Post-2005,871.2159887253915
286,pensioner,M,81,pre97,Pre-1997,9457.81513626121
286,pensioner,M,81,9705,1997-2005,7093.361352195906
286,pensioner,M,81,post05,Post-2005,7093.361352195906
287,pensioner,F,74,pre97,Pre-1997,1359.9038057893497
287,pensioner,F,74,9705,1997-2005,1019.9278543420122
287,pensioner,F,74,post05,Post-2005,1019.9278543420122
288,pensioner,M,67,pre97,Pre-1997,16410.197699715958
288,pensioner,M,67,9705,1997-2005,12307.648274786967
288,pensioner,M,67,post05,Post-2005,12307.648274786967
289,pensioner,M,82,pre97,Pre-1997,2325.428794478721
289,pensioner,M,82,9705,1997-2005,1744.0715958590408
289,pensioner,M,82,post05,Post-2005,1744.0715958590408
290,pensioner,F,77,pre97,Pre-1997,1057.7723343713342
290,pensioner,F,77,9705,1997-2005,793.3292507785006
290,pensioner,F,77,post05,Post-2005,793.3292507785006
291,pensioner,F,76,pre97,Pre-1997,13991.138280634681
291,pensioner,F,76,9705,1997-2005,10493.35371047601
291,pensioner,F,76,post05,Post-2005,10493.35371047601
292,pensioner,M,68,pre97,Pre-1997,2291.422474494608
292,pensioner,M,68,9705,1997-2005,1718.566855870956
292,pensioner,M,68,post05,Post-2005,1718.566855870956
293,pensioner,M,70,pre97,Pre-1997,3906.9592600684855
293,pensioner,M,70,9705,1997-2005,2930.219445051364
293,pensioner,M,70,post05,Post-2005,2930.219445051364
294,pensioner,M,86,pre97,Pre-1997,865.627476429741
294,pensioner,M,86,9705,1997-2005,649.2206073223057
294,pensioner,M,86,post05,Post-2005,649.2206073223057
295,pensioner,M,81,pre97,Pre-1997,3020.4220687621837
295,pensioner,M,81,9705,1997-2005,2265.316551571638
295,pensioner,M,81,post05,Post-2005,2265.316551571638
296,pensioner,M,63,pre97,Pre-1997,1007.8497912877762
296,pensioner,M,63,9705,1997-2005,755.887343465832
296,pensioner,M,63,post05,Post-2005,755.887343465832
297,pensioner,F,77,pre97,Pre-1997,3000.6604656996897
297,pensioner,F,77,9705,1997-2005,2250.4953492747672
297,pensioner,F,77,post05,Post-2005,2250.4953492747672
298,pensioner,M,79,pre97,Pre-1997,555.5404480514748
298,pensioner,M,79,9705,1997-2005,416.655336038606
298,pensioner,M,79,post05,Post-2005,416.655336038606
299,pensioner,F,84,pre97,Pre-1997,5941.849025777665
299,pensioner,F,84,9705,1997-2005,4456.386769333248
299,pensioner,F,84,post05,Post-2005,4456.386769333248
300,pensioner,M,76,pre97,Pre-1997,9309.803820045092
300,pensioner,M,76,9705,1997-2005,6982.3528650338185
300,pensioner,M,76,post05,Post-2005,6982.3528650338185
301,pensioner,M,78,pre97,Pre-1997,5588.491363365242
301,pensioner,M,78,9705,1997-2005,4191.3685225239315
301,pensioner,M,78,post05,Post-2005,4191.3685225239315
302,pensioner,M,81,pre97,Pre-1997,9730.047258043489
302,pensioner,M,81,9705,1997-2005,7297.535443532616
302,pensioner,M,81,post05,Post-2005,7297.535443532616
303,pensioner,M,72,pre97,Pre-1997,551.9176497709536
303,pensioner,M,72,9705,1997-2005,413.9382373282152
303,pensioner,M,72,post05,Post-2005,413.9382373282152
304,pensioner,F,72,pre97,Pre-1997,4556.896400937294
304,pensioner,F,72,9705,1997-2005,3417.6723007029705
304,pensioner,F,72,post05,Post-2005,3417.6723007029705
305,pensioner,F,84,pre97,Pre-1997,5976.608023930741
305,pensioner,F,84,9705,1997-2005,4482.456017948055
305,pensioner,F,84,post05,Post-2005,4482.456017948055
306,pensioner,F,70,pre97,Pre-1997,5400.00457030773
306,pensioner,F,70,9705,1997-2005,4050.0034277307977
306,pensioner,F,70,post05,Post-2005,4050.0034277307977
307,pensioner,F,86,pre97,Pre-1997,7278.166354498237
307,pensioner,F,86,9705,1997-2005,5458.6247658736775
307,pensioner,F,86,post05,Post-2005,5458.6247658736775
308,pensioner,M,80,pre97,Pre-1997,8687.145044008688
308,pensioner,M,80,9705,1997-2005,6515.358783006515
308,pensioner,M,80,post05,Post-2005,6515.358783006515
309,pensioner,M,80,pre97,Pre-1997,1291.3035057501056
309,pensioner,M,80,9705,1997-2005,968.477629312579
309,pensioner,M,80,post05,Post-2005,968.477629312579
310,pensioner,M,61,pre97,Pre-1997,4392.025341085288
310,pensioner,M,61,9705,1997-2005,3294.0190058139656
310,pensioner,M,61,post05,Post-2005,3294.0190058139656
311,pensioner,F,65,pre97,Pre-1997,1775.6166116775273
311,pensioner,F,65,9705,1997-2005,1331.7124587581454
311,pensioner,F,65,post05,Post-2005,1331.7124587581454
312,pensioner,M,83,pre97,Pre-1997,655.7099340967997
312,pensioner,M,83,9705,1997-2005,491.78245057259966
312,pensioner,M,83,post05,Post-2005,491.78245057259966
313,pensioner,M,67,pre97,Pre-1997,1816.5220269863567
313,pensioner,M,67,9705,1997-2005,1362.3915202397675
313,pensioner,M,67,post05,Post-2005,1362.3915202397675
314,pensioner,M,66,pre97,Pre-1997,3237.781410350251
314,pensioner,M,66,9705,1997-2005,2428.336057762688
314,pensioner,M,66,post05,Post-2005,2428.336057762688
315,pensioner,M,73,pre97,Pre-1997,11249.262103418841
315,pensioner,M,73,9705,1997-2005,8436.94657756413
315,pensioner,M,73,post05,Post-2005,8436.94657756413
316,pensioner,F,76,pre97,Pre-1997,1596.6726592792083
316,pensioner,F,76,9705,1997-2005,1197.504494459406
316,pensioner,F,76,post05,Post-2005,1197.504494459406
317,pensioner,M,71,pre97,Pre-1997,7295.935342346395
317,pensioner,M,71,9705,1997-2005,5471.951506759796
317,pensioner,M,71,post05,Post-2005,5471.951506759796
318,pensioner,M,74,pre97,Pre-1997,2770.706760360258
318,pensioner,M,74,9705,1997-2005,2078.0300702701934
318,pensioner,M,74,post05,Post-2005,2078.0300702701934
319,pensioner,M,85,pre97,Pre-1997,2004.5410829644397
319,pensioner,M,85,9705,1997-2005,1503.4058122233296
319,pensioner,M,85,post05,Post-2005,1503.4058122233296
320,pensioner,M,72,pre97,Pre-1997,13336.174815861783
320,pensioner,M,72,9705,1997-2005,10002.131111896337
320,pensioner,M,72,post05,Post-2005,10002.131111896337
321,pensioner,M,83,pre97,Pre-1997,2317.7811900506745
321,pensioner,M,83,9705,1997-2005,1738.3358925380055
321,pensioner,M,83,post05,Post-2005,1738.3358925380055
322,pensioner,F,76,pre97,Pre-1997,2638.5227311411727
322,pensioner,F,76,9705,1997-2005,1978.8920483558795
322,pensioner,F,76,post05,Post-2005,1978.8920483558795
323,pensioner,M,69,pre97,Pre-1997,1113.3289654894618
323,pensioner,M,69,9705,1997-2005,834.9967241170963
323,pensioner,M,69,post05,Post-2005,834.9967241170963
324,pensioner,M,73,pre97,Pre-1997,5653.511020550128
324,pensioner,M,73,9705,1997-2005,4240.133265412595
324,pensioner,M,73,post05,Post-2005,4240.133265412595
325,pensioner,F,69,pre97,Pre-1997,1666.567609750856
325,pensioner,F,69,9705,1997-2005,1249.9257073131419
325,pensioner,F,69,post05,Post-2005,1249.9257073131419
326,pensioner,F,77,pre97,Pre-1997,632.4416184919363
326,pensioner,F,77,9705,1997-2005,474.33121386895215
326,pensioner,F,77,post05,Post-2005,474.33121386895215
327,pensioner,F,66,pre97,Pre-1997,11145.395995914483
327,pensioner,F,66,9705,1997-2005,8359.046996935862
327,pensioner,F,66,post05,Post-2005,8359.046996935862
328,pensioner,F,88,pre97,Pre-1997,3048.8970550681643
328,pensioner,F,88,9705,1997-2005,2286.6727913011227
328,pensioner,F,88,post05,Post-2005,2286.6727913011227
329,pensioner,M,67,pre97,Pre-1997,3993.4531550875836
329,pensioner,M,67,9705,1997-2005,2995.0898663156877
329,pensioner,M,67,post05,Post-2005,2995.0898663156877
330,pensioner,F,67,pre97,Pre-1997,4673.527900902019
330,pensioner,F,67,9705,1997-2005,3505.1459256765143
330,pensioner,F,67,post05,Post-2005,3505.1459256765143
331,pensioner,M,65,pre97,Pre-1997,2301.2035162743514
331,pensioner,M,65,9705,1997-2005,1725.9026372057633
331,pensioner,M,65,post05,Post-2005,1725.9026372057633
332,pensioner,F,86,pre97,Pre-1997,869.3868909713476
332,pensioner,F,86,9705,1997-2005,652.0401682285107
332,pensioner,F,86,post05,Post-2005,652.0401682285107
333,pensioner,M,77,pre97,Pre-1997,4856.410468547482
333,pensioner,M,77,9705,1997-2005,3642.3078514106114
333,pensioner,M,77,post05,Post-2005,3642.3078514106114
334,pensioner,M,73,pre97,Pre-1997,9990.861123165228
334,pensioner,M,73,9705,1997-2005,7493.1458423739205
334,pensioner,M,73,post05,Post-2005,7493.1458423739205
335,pensioner,M,69,pre97,Pre-1997,859.4739954670899
335,pensioner,M,69,9705,1997-2005,644.6054966003173
335,pensioner,M,69,post05,Post-2005,644.6054966003173
336,pensioner,M,62,pre97,Pre-1997,2638.838799938558
336,pensioner,M,62,9705,1997-2005,1979.1290999539185
336,pensioner,M,62,post05,Post-2005,1979.1290999539185
337,pensioner,M,90,pre97,Pre-1997,770.4170291800873
337,pensioner,M,90,9705,1997-2005,577.8127718850654
337,pensioner,M,90,post05,Post-2005,577.8127718850654
338,pensioner,M,81,pre97,Pre-1997,1968.127506558703
338,pensioner,M,81,9705,1997-2005,1476.0956299190273
338,pensioner,M,81,post05,Post-2005,1476.0956299190273
339,pensioner,M,70,pre97,Pre-1997,4632.433554175132
339,pensioner,M,70,9705,1997-2005,3474.3251656313487
339,pensioner,M,70,post05,Post-2005,3474.3251656313487
340,pensioner,M,71,pre97,Pre-1997,3618.657237504789
340,pensioner,M,71,9705,1997-2005,2713.9929281285913
340,pensioner,M,71,post05,Post-2005,2713.9929281285913
341,pensioner,M,62,pre97,Pre-1997,4200.692769135
341,pensioner,M,62,9705,1997-2005,3150.51957685125
341,pensioner,M,62,post05,Post-2005,3150.51957685125
342,pensioner,M,83,pre97,Pre-1997,20498.72973053154
342,pensioner,M,83,9705,1997-2005,15374.047297898653
342,pensioner,M,83,post05,Post-2005,15374.047297898653
343,pensioner,M,81,pre97,Pre-1997,3751.6785045245633
343,pensioner,M,81,9705,1997-2005,2813.7588783934225
343,pensioner,M,81,post05,Post-2005,2813.7588783934225
344,pensioner,M,71,pre97,Pre-1997,3672.544067890435
344,pensioner,M,71,9705,1997-2005,2754.408050917826
344,pensioner,M,71,post05,Post-2005,2754.408050917826
345,pensioner,M,79,pre97,Pre-1997,20649.790121027916
345,pensioner,M,79,9705,1997-2005,15487.342590770935
345,pensioner,M,79,post05,Post-2005,15487.342590770935
346,pensioner,M,71,pre97,Pre-1997,3247.802475561878
346,pensioner,M,71,9705,1997-2005,2435.8518566714083
346,pensioner,M,71,post05,Post-2005,2435.8518566714083
347,pensioner,M,73,pre97,Pre-1997,7670.611616718718
347,pensioner,M,73,9705,1997-2005,5752.958712539038
347,pensioner,M,73,post05,Post-2005,5752.958712539038
348,pensioner,F,71,pre97,Pre-1997,4836.86567373915
348,pensioner,F,71,9705,1997-2005,3627.6492553043627
348,pensioner,F,71,post05,Post-2005,3627.6492553043627
349,pensioner,F,77,pre97,Pre-1997,1486.2210189565603
349,pensioner,F,77,9705,1997-2005,1114.66576421742
349,pensioner,F,77,post05,Post-2005,1114.66576421742
350,pensioner,F,81,pre97,Pre-1997,757.7062227674437
350,pensioner,F,81,9705,1997-2005,568.2796670755828
350,pensioner,F,81,post05,Post-2005,568.2796670755828
351,pensioner,M,65,pre97,Pre-1997,641.9802434955946
351,pensioner,M,65,9705,1997-2005,481.4851826216958
351,pensioner,M,65,post05,Post-2005,481.4851826216958
352,pensioner,M,92,pre97,Pre-1997,675.1110110710538
352,pensioner,M,92,9705,1997-2005,506.3332583032902
352,pensioner,M,92,post05,Post-2005,506.3332583032902
353,pensioner,F,75,pre97,Pre-1997,5755.746449399572
353,pensioner,F,75,9705,1997-2005,4316.809837049679
353,pensioner,F,75,post05,Post-2005,4316.809837049679
354,pensioner,M,80,pre97,Pre-1997,5700.778540274774
354,pensioner,M,80,9705,1997-2005,4275.58390520608
354,pensioner,M,80,post05,Post-2005,4275.58390520608
355,pensioner,F,64,pre97,Pre-1997,2143.890732513993
355,pensioner,F,64,9705,1997-2005,1607.9180493854944
355,pensioner,F,64,post05,Post-2005,1607.9180493854944
356,pensioner,M,63,pre97,Pre-1997,6749.40508012192
356,pensioner,M,63,9705,1997-2005,5062.05381009144
356,pensioner,M,63,post05,Post-2005,5062.05381009144
357,pensioner,M,80,pre97,Pre-1997,4563.880553284824
357,pensioner,M,80,9705,1997-2005,3422.9104149636178
357,pensioner,M,80,post05,Post-2005,3422.9104149636178
358,pensioner,M,74,pre97,Pre-1997,5229.134188532258
358,pensioner,M,74,9705,1997-2005,3921.8506413991936
358,pensioner,M,74,post05,Post-2005,3921.8506413991936
359,pensioner,F,76,pre97,Pre-1997,4909.263804603707
359,pensioner,F,76,9705,1997-2005,3681.9478534527802
359,pensioner,F,76,post05,Post-2005,3681.9478534527802
360,pensioner,M,83,pre97,Pre-1997,2420.9794925406436
360,pensioner,M,83,9705,1997-2005,1815.7346194054828
360,pensioner,M,83,post05,Post-2005,1815.7346194054828
361,pensioner,F,86,pre97,Pre-1997,2086.7445642394
361,pensioner,F,86,9705,1997-2005,1565.05842317955
361,pensioner,F,86,post05,Post-2005,1565.05842317955
362,pensioner,M,75,pre97,Pre-1997,10086.173325414864
362,pensioner,M,75,9705,1997-2005,7564.629994061146
362,pensioner,M,75,post05,Post-2005,7564.629994061146
363,pensioner,F,78,pre97,Pre-1997,3068.3137041005193
363,pensioner,F,78,9705,1997-2005,2301.2352780753895
363,pensioner,F,78,post05,Post-2005,2301.2352780753895
364,pensioner,F,81,pre97,Pre-1997,16676.937924949896
364,pensioner,F,81,9705,1997-2005,12507.70344371242
364,pensioner,F,81,post05,Post-2005,12507.70344371242
365,pensioner,M,91,pre97,Pre-1997,11214.820882544329
365,pensioner,M,91,9705,1997-2005,8411.115661908245
365,pensioner,M,91,post05,Post-2005,8411.115661908245
366,pensioner,M,82,pre97,Pre-1997,5811.0576630000805
366,pensioner,M,82,9705,1997-2005,4358.29324725006
366,pensioner,M,82,post05,Post-2005,4358.29324725006
367,pensioner,M,86,pre97,Pre-1997,1445.7447190655373
367,pensioner,M,86,9705,1997-2005,1084.308539299153
367,pensioner,M,86,post05,Post-2005,1084.308539299153
368,pensioner,M,62,pre97,Pre-1997,1996.859037593395
368,pensioner,M,62,9705,1997-2005,1497.6442781950461
368,pensioner,M,62,post05,Post-2005,1497.6442781950461
369,pensioner,M,77,pre97,Pre-1997,20116.701508239596
369,pensioner,M,77,9705,1997-2005,15087.526131179697
369,pensioner,M,77,post05,Post-2005,15087.526131179697
370,pensioner,F,64,pre97,Pre-1997,1283.3755850626023
370,pensioner,F,64,9705,1997-2005,962.5316887969517
370,pensioner,F,64,post05,Post-2005,962.5316887969517
371,pensioner,M,77,pre97,Pre-1997,966.4785158426865
371,pensioner,M,77,9705,1997-2005,724.8588868820149
371,pensioner,M,77,post05,Post-2005,724.8588868820149
372,pensioner,M,75,pre97,Pre-1997,8413.93570197161
372,pensioner,M,75,9705,1997-2005,6310.451776478708
372,pensioner,M,75,post05,Post-2005,6310.451776478708
373,pensioner,F,83,pre97,Pre-1997,7663.272233237305
373,pensioner,F,83,9705,1997-2005,5747.454174927978
373,pensioner,F,83,post05,Post-2005,5747.454174927978
374,pensioner,M,75,pre97,Pre-1997,1127.5046652078952
374,pensioner,M,75,9705,1997-2005,845.6284989059214
374,pensioner,M,75,post05,Post-2005,845.6284989059214
375,pensioner,M,80,pre97,Pre-1997,1838.6651246469346
375,pensioner,M,80,9705,1997-2005,1378.9988434852007
375,pensioner,M,80,post05,Post-2005,1378.9988434852007
376,pensioner,F,65,pre97,Pre-1997,3781.0151782135035
376,pensioner,F,65,9705,1997-2005,2835.7613836601276
376,pensioner,F,65,post05,Post-2005,2835.7613836601276
377,pensioner,M,73,pre97,Pre-1997,4323.8347898691545
377,pensioner,M,73,9705,1997-2005,3242.8760924018657
377,pensioner,M,73,post05,Post-2005,3242.8760924018657
378,pensioner,F,81,pre97,Pre-1997,7008.475147115684
378,pensioner,F,81,9705,1997-2005,5256.356360336763
378,pensioner,F,81,post05,Post-2005,5256.356360336763
379,pensioner,M,74,pre97,Pre-1997,38112.43938070156
379,pensioner,M,74,9705,1997-2005,28584.329535526165
379,pensioner,M,74,post05,Post-2005,28584.329535526165
380,pensioner,M,79,pre97,Pre-1997,9896.47797820434
380,pensioner,M,79,9705,1997-2005,7422.358483653254
380,pensioner,M,79,post05,Post-2005,7422.358483653254
381,pensioner,M,76,pre97,Pre-1997,3365.149927842018
381,pensioner,M,76,9705,1997-2005,2523.862445881513
381,pensioner,M,76,post05,Post-2005,2523.862445881513
382,pensioner,M,71,pre97,Pre-1997,33725.972642460765
382,pensioner,M,71,9705,1997-2005,25294.47948184557
382,pensioner,M,71,post05,Post-2005,25294.47948184557
383,pensioner,M,79,pre97,Pre-1997,1401.2082037942814
383,pensioner,M,79,9705,1997-2005,1050.906152845711
383,pensioner,M,79,post05,Post-2005,1050.906152845711
384,pensioner,F,77,pre97,Pre-1997,6631.044513048208
384,pensioner,F,77,9705,1997-2005,4973.283384786155
384,pensioner,F,77,post05,Post-2005,4973.283384786155
385,pensioner,F,61,pre97,Pre-1997,1463.2417139463646
385,pensioner,F,61,9705,1997-2005,1097.4312854597733
385,pensioner,F,61,post05,Post-2005,1097.4312854597733
386,pensioner,F,77,pre97,Pre-1997,2620.684277121365
386,pensioner,F,77,9705,1997-2005,1965.5132078410238
386,pensioner,F,77,post05,Post-2005,1965.5132078410238
387,pensioner,M,67,pre97,Pre-1997,3878.8150329906903
387,pensioner,M,67,9705,1997-2005,2909.1112747430175
387,pensioner,M,67,post05,Post-2005,2909.1112747430175
388,pensioner,F,76,pre97,Pre-1997,566.3383694627797
388,pensioner,F,76,9705,1997-2005,424.75377709708476
388,pensioner,F,76,post05,Post-2005,424.75377709708476
389,pensioner,F,74,pre97,Pre-1997,9564.335565311645
389,pensioner,F,74,9705,1997-2005,7173.251673983734
389,pensioner,F,74,post05,Post-2005,7173.251673983734
390,pensioner,M,77,pre97,Pre-1997,14716.960261550747
390,pensioner,M,77,9705,1997-2005,11037.72019616306
390,pensioner,M,77,post05,Post-2005,11037.72019616306
391,pensioner,M,69,pre97,Pre-1997,6995.370673803335
391,pensioner,M,69,9705,1997-2005,5246.528005352501
391,pensioner,M,69,post05,Post-2005,5246.528005352501
392,pensioner,F,78,pre97,Pre-1997,6524.127094680517
392,pensioner,F,78,9705,1997-2005,4893.095321010387
392,pensioner,F,78,post05,Post-2005,4893.095321010387
393,pensioner,M,68,pre97,Pre-1997,2779.8543872612213
393,pensioner,M,68,9705,1997-2005,2084.8907904459156
393,pensioner,M,68,post05,Post-2005,2084.8907904459156
394,pensioner,M,80,pre97,Pre-1997,5865.04204993635
394,pensioner,M,80,9705,1997-2005,4398.7815374522625
394,pensioner,M,80,post05,Post-2005,4398.7815374522625
395,pensioner,F,80,pre97,Pre-1997,2301.7246772475205
395,pensioner,F,80,9705,1997-2005,1726.29350793564
395,pensioner,F,80,post05,Post-2005,1726.29350793564
396,pensioner,M,78,pre97,Pre-1997,2968.0103062773123
396,pensioner,M,78,9705,1997-2005,2226.007729707984
396,pensioner,M,78,post05,Post-2005,2226.007729707984
397,pensioner,F,73,pre97,Pre-1997,3057.256999672845
397,pensioner,F,73,9705,1997-2005,2292.9427497546335
397,pensioner,F,73,post05,Post-2005,2292.9427497546335
398,pensioner,F,75,pre97,Pre-1997,5281.602278936801
398,pensioner,F,75,9705,1997-2005,3961.2017092026003
398,pensioner,F,75,post05,Post-2005,3961.2017092026003
399,pensioner,F,61,pre97,Pre-1997,4885.470222599428
399,pensioner,F,61,9705,1997-2005,3664.1026669495704
399,pensioner,F,61,post05,Post-2005,3664.1026669495704
400,pensioner,F,82,pre97,Pre-1997,2822.1913001708645
400,pensioner,F,82,9705,1997-2005,2116.643475128148
400,pensioner,F,82,post05,Post-2005,2116.643475128148
401,pensioner,M,61,pre97,Pre-1997,5281.521811167241
401,pensioner,M,61,9705,1997-2005,3961.1413583754306
401,pensioner,M,61,post05,Post-2005,3961.1413583754306
402,pensioner,M,68,pre97,Pre-1997,1383.3815731384755
402,pensioner,M,68,9705,1997-2005,1037.5361798538565
402,pensioner,M,68,post05,Post-2005,1037.5361798538565
403,pensioner,F,63,pre97,Pre-1997,961.6258416383833
403,pensioner,F,63,9705,1997-2005,721.2193812287875
403,pensioner,F,63,post05,Post-2005,721.2193812287875
404,pensioner,M,61,pre97,Pre-1997,3070.9987135892293
404,pensioner,M,61,9705,1997-2005,2303.249035191922
404,pensioner,M,61,post05,Post-2005,2303.249035191922
405,pensioner,F,81,pre97,Pre-1997,4031.9088282836733
405,pensioner,F,81,9705,1997-2005,3023.9316212127546
405,pensioner,F,81,post05,Post-2005,3023.9316212127546
406,pensioner,M,74,pre97,Pre-1997,4905.288656712781
406,pensioner,M,74,9705,1997-2005,3678.966492534585
406,pensioner,M,74,post05,Post-2005,3678.966492534585
407,pensioner,M,87,pre97,Pre-1997,10911.249675383733
407,pensioner,M,87,9705,1997-2005,8183.437256537798
407,pensioner,M,87,post05,Post-2005,8183.437256537798
408,pensioner,M,60,pre97,Pre-1997,3516.061943148992
408,pensioner,M,60,9705,1997-2005,2637.0464573617437
408,pensioner,M,60,post05,Post-2005,2637.0464573617437
409,pensioner,M,66,pre97,Pre-1997,1336.3849742757566
409,pensioner,M,66,9705,1997-2005,1002.2887307068172
409,pensioner,M,66,post05,Post-2005,1002.2887307068172
410,pensioner,F,66,pre97,Pre-1997,2232.878046370811
410,pensioner,F,66,9705,1997-2005,1674.6585347781079
410,pensioner,F,66,post05,Post-2005,1674.6585347781079
411,pensioner,M,64,pre97,Pre-1997,897.569590208546
411,pensioner,M,64,9705,1997-2005,673.1771926564094
411,pensioner,M,64,post05,Post-2005,673.1771926564094
412,pensioner,F,68,pre97,Pre-1997,4389.344546946143
412,pensioner,F,68,9705,1997-2005,3292.0084102096066
412,pensioner,F,68,post05,Post-2005,3292.0084102096066
413,pensioner,M,63,pre97,Pre-1997,2213.795933884713
413,pensioner,M,63,9705,1997-2005,1660.3469504135346
413,pensioner,M,63,post05,Post-2005,1660.3469504135346
414,pensioner,M,75,pre97,Pre-1997,1926.266062435447
414,pensioner,M,75,9705,1997-2005,1444.6995468265852
414,pensioner,M,75,post05,Post-2005,1444.6995468265852
415,pensioner,F,77,pre97,Pre-1997,1149.7460483604177
415,pensioner,F,77,9705,1997-2005,862.3095362703132
415,pensioner,F,77,post05,Post-2005,862.3095362703132
416,pensioner,F,64,pre97,Pre-1997,6062.369348185668
416,pensioner,F,64,9705,1997-2005,4546.777011139251
416,pensioner,F,64,post05,Post-2005,4546.777011139251
417,pensioner,F,79,pre97,Pre-1997,1527.6495720025775
417,pensioner,F,79,9705,1997-2005,1145.737179001933
417,pensioner,F,79,post05,Post-2005,1145.737179001933
418,pensioner,M,68,pre97,Pre-1997,957.2940648066102
418,pensioner,M,68,9705,1997-2005,717.9705486049576
418,pensioner,M,68,post05,Post-2005,717.9705486049576
419,pensioner,M,70,pre97,Pre-1997,5584.2714717548915
419,pensioner,M,70,9705,1997-2005,4188.203603816169
419,pensioner,M,70,post05,Post-2005,4188.203603816169
420,pensioner,M,81,pre97,Pre-1997,3617.19825751783
420,pensioner,M,81,9705,1997-2005,2712.8986931383724
420,pensioner,M,81,post05,Post-2005,2712.8986931383724
421,pensioner,M,88,pre97,Pre-1997,9277.766243397728
421,pensioner,M,88,9705,1997-2005,6958.324682548295
421,pensioner,M,88,post05,Post-2005,6958.324682548295
422,pensioner,M,71,pre97,Pre-1997,6193.630169553669
422,pensioner,M,71,9705,1997-2005,4645.222627165251
422,pensioner,M,71,post05,Post-2005,4645.222627165251
423,pensioner,M,71,pre97,Pre-1997,1159.3393485463585
423,pensioner,M,71,9705,1997-2005,869.5045114097688
423,pensioner,M,71,post05,Post-2005,869.5045114097688
424,pensioner,F,69,pre97,Pre-1997,7753.392862975815
424,pensioner,F,69,9705,1997-2005,5815.044647231861
424,pensioner,F,69,post05,Post-2005,5815.044647231861
425,pensioner,M,69,pre97,Pre-1997,4157.804941503775
425,pensioner,M,69,9705,1997-2005,3118.353706127831
425,pensioner,M,69,post05,Post-2005,3118.353706127831
426,pensioner,M,79,pre97,Pre-1997,769.9055228296164
426,pensioner,M,79,9705,1997-2005,577.4291421222123
426,pensioner,M,79,post05,Post-2005,577.4291421222123
427,pensioner,M,77,pre97,Pre-1997,832.1348778253849
427,pensioner,M,77,9705,1997-2005,624.1011583690387
427,pensioner,M,77,post05,Post-2005,624.1011583690387
428,pensioner,F,72,pre97,Pre-1997,4315.618233038202
428,pensioner,F,72,9705,1997-2005,3236.713674778651
428,pensioner,F,72,post05,Post-2005,3236.713674778651
429,pensioner,M,87,pre97,Pre-1997,25494.545051454767
429,pensioner,M,87,9705,1997-2005,19120.908788591074
429,pensioner,M,87,post05,Post-2005,19120.908788591074
430,pensioner,F,90,pre97,Pre-1997,752.6351708474541
430,pensioner,F,90,9705,1997-2005,564.4763781355905
430,pensioner,F,90,post05,Post-2005,564.4763781355905
431,pensioner,M,83,pre97,Pre-1997,3601.2477198266674
431,pensioner,M,83,9705,1997-2005,2700.9357898700005
431,pensioner,M,83,post05,Post-2005,2700.9357898700005
432,pensioner,F,69,pre97,Pre-1997,15314.809534045648
432,pensioner,F,69,9705,1997-2005,11486.107150534235
432,pensioner,F,69,post05,Post-2005,11486.107150534235
433,pensioner,M,80,pre97,Pre-1997,14245.718695380827
433,pensioner,M,80,9705,1997-2005,10684.28902153562
433,pensioner,M,80,post05,Post-2005,10684.28902153562
434,pensioner,M,77,pre97,Pre-1997,5353.438413589141
434,pensioner,M,77,9705,1997-2005,4015.078810191855
434,pensioner,M,77,post05,Post-2005,4015.078810191855
435,pensioner,F,65,pre97,Pre-1997,2179.010651239529
435,pensioner,F,65,9705,1997-2005,1634.2579884296467
435,pensioner,F,65,post05,Post-2005,1634.2579884296467
436,pensioner,M,79,pre97,Pre-1997,18630.74645512868
436,pensioner,M,79,9705,1997-2005,13973.059841346507
436,pensioner,M,79,post05,Post-2005,13973.059841346507
437,pensioner,M,81,pre97,Pre-1997,1901.3032636406588
437,pensioner,M,81,9705,1997-2005,1425.977447730494
437,pensioner,M,81,post05,Post-2005,1425.977447730494
438,pensioner,M,63,pre97,Pre-1997,4476.368231499996
438,pensioner,M,63,9705,1997-2005,3357.276173624997
438,pensioner,M,63,post05,Post-2005,3357.276173624997
439,pensioner,M,73,pre97,Pre-1997,2300.155697452987
439,pensioner,M,73,9705,1997-2005,1725.1167730897403
439,pensioner,M,73,post05,Post-2005,1725.1167730897403
440,pensioner,M,71,pre97,Pre-1997,6725.114097280617
440,pensioner,M,71,9705,1997-2005,5043.835572960463
440,pensioner,M,71,post05,Post-2005,5043.835572960463
441,pensioner,M,70,pre97,Pre-1997,1667.0978731357766
441,pensioner,M,70,9705,1997-2005,1250.3234048518323
441,pensioner,M,70,post05,Post-2005,1250.3234048518323
442,pensioner,M,79,pre97,Pre-1997,4155.388033514758
442,pensioner,M,79,9705,1997-2005,3116.5410251360677
442,pensioner,M,79,post05,Post-2005,3116.5410251360677
443,pensioner,F,74,pre97,Pre-1997,6884.259496114418
443,pensioner,F,74,9705,1997-2005,5163.194622085813
443,pensioner,F,74,post05,Post-2005,5163.194622085813
444,pensioner,M,76,pre97,Pre-1997,6554.651983040072
444,pensioner,M,76,9705,1997-2005,4915.988987280054
444,pensioner,M,76,post05,Post-2005,4915.988987280054
445,pensioner,F,63,pre97,Pre-1997,6483.716215193799
445,pensioner,F,63,9705,1997-2005,4862.787161395349
445,pensioner,F,63,post05,Post-2005,4862.787161395349
446,pensioner,F,75,pre97,Pre-1997,11878.802216566262
446,pensioner,F,75,9705,1997-2005,8909.101662424695
446,pensioner,F,75,post05,Post-2005,8909.101662424695
447,pensioner,F,70,pre97,Pre-1997,3565.8596680650844
447,pensioner,F,70,9705,1997-2005,2674.3947510488133
447,pensioner,F,70,post05,Post-2005,2674.3947510488133
448,pensioner,M,78,pre97,Pre-1997,2613.7629262456685
448,pensioner,M,78,9705,1997-2005,1960.322194684251
448,pensioner,M,78,post05,Post-2005,1960.322194684251
449,pensioner,M,79,pre97,Pre-1997,779.8699597940423
449,pensioner,M,79,9705,1997-2005,584.9024698455316
449,pensioner,M,79,post05,Post-2005,584.9024698455316
450,pensioner,M,80,pre97,Pre-1997,1886.0577010209927
450,pensioner,M,80,9705,1997-2005,1414.5432757657445
450,pensioner,M,80,post05,Post-2005,1414.5432757657445
451,pensioner,F,91,pre97,Pre-1997,9363.644432885545
451,pensioner,F,91,9705,1997-2005,7022.733324664158
451,pensioner,F,91,post05,Post-2005,7022.733324664158
452,pensioner,F,72,pre97,Pre-1997,3544.3196207989345
452,pensioner,F,72,9705,1997-2005,2658.2397155992007
452,pensioner,F,72,post05,Post-2005,2658.2397155992007
453,pensioner,M,76,pre97,Pre-1997,705.2331090047991
453,pensioner,M,76,9705,1997-2005,528.9248317535993
453,pensioner,M,76,post05,Post-2005,528.9248317535993
454,pensioner,M,95,pre97,Pre-1997,1008.7095165589934
454,pensioner,M,95,9705,1997-2005,756.532137419245
454,pensioner,M,95,post05,Post-2005,756.532137419245
455,pensioner,M,78,pre97,Pre-1997,16867.44084196033
455,pensioner,M,78,9705,1997-2005,12650.580631470248
455,pensioner,M,78,post05,Post-2005,12650.580631470248
456,pensioner,M,69,pre97,Pre-1997,4644.624671666226
456,pensioner,M,69,9705,1997-2005,3483.4685037496693
456,pensioner,M,69,post05,Post-2005,3483.4685037496693
457,pensioner,M,62,pre97,Pre-1997,5493.937558612801
457,pensioner,M,62,9705,1997-2005,4120.453168959601
457,pensioner,M,62,post05,Post-2005,4120.453168959601
458,pensioner,M,85,pre97,Pre-1997,1627.0315872243746
458,pensioner,M,85,9705,1997-2005,1220.2736904182807
458,pensioner,M,85,post05,Post-2005,1220.2736904182807
459,pensioner,F,82,pre97,Pre-1997,4191.992264107976
459,pensioner,F,82,9705,1997-2005,3143.9941980809817
459,pensioner,F,82,post05,Post-2005,3143.9941980809817
460,pensioner,M,66,pre97,Pre-1997,916.9679056153648
460,pensioner,M,66,9705,1997-2005,687.7259292115235
460,pensioner,M,66,post05,Post-2005,687.7259292115235
461,pensioner,M,76,pre97,Pre-1997,3317.4365079001263
461,pensioner,M,76,9705,1997-2005,2488.0773809250945
461,pensioner,M,76,post05,Post-2005,2488.0773809250945
462,pensioner,M,65,pre97,Pre-1997,10544.566452242285
462,pensioner,M,65,9705,1997-2005,7908.424839181713
462,pensioner,M,65,post05,Post-2005,7908.424839181713
463,pensioner,M,79,pre97,Pre-1997,1719.5831731296541
463,pensioner,M,79,9705,1997-2005,1289.6873798472404
463,pensioner,M,79,post05,Post-2005,1289.6873798472404
464,pensioner,F,80,pre97,Pre-1997,853.6980610512946
464,pensioner,F,80,9705,1997-2005,640.273545788471
464,pensioner,F,80,post05,Post-2005,640.273545788471
465,pensioner,M,82,pre97,Pre-1997,2932.1062416503137
465,pensioner,M,82,9705,1997-2005,2199.079681237735
465,pensioner,M,82,post05,Post-2005,2199.079681237735
466,pensioner,F,72,pre97,Pre-1997,9686.72169442573
466,pensioner,F,72,9705,1997-2005,7265.041270819298
466,pensioner,F,72,post05,Post-2005,7265.041270819298
467,pensioner,M,72,pre97,Pre-1997,1530.100156377869
467,pensioner,M,72,9705,1997-2005,1147.5751172834018
467,pensioner,M,72,post05,Post-2005,1147.5751172834018
468,pensioner,M,69,pre97,Pre-1997,1693.9716581191587
468,pensioner,M,69,9705,1997-2005,1270.478743589369
468,pensioner,M,69,post05,Post-2005,1270.478743589369
469,pensioner,M,68,pre97,Pre-1997,1983.3479895311452
469,pensioner,M,68,9705,1997-2005,1487.5109921483588
469,pensioner,M,68,post05,Post-2005,1487.5109921483588
470,pensioner,M,67,pre97,Pre-1997,11405.1786940367
470,pensioner,M,67,9705,1997-2005,8553.884020527525
470,pensioner,M,67,post05,Post-2005,8553.884020527525
471,pensioner,F,78,pre97,Pre-1997,3275.6438390238955
471,pensioner,F,78,9705,1997-2005,2456.7328792679214
471,pensioner,F,78,post05,Post-2005,2456.7328792679214
472,pensioner,F,87,pre97,Pre-1997,12548.669695707718
472,pensioner,F,87,9705,1997-2005,9411.502271780788
472,pensioner,F,87,post05,Post-2005,9411.502271780788
473,pensioner,M,79,pre97,Pre-1997,6393.1296032198225
473,pensioner,M,79,9705,1997-2005,4794.847202414866
473,pensioner,M,79,post05,Post-2005,4794.847202414866
474,pensioner,M,80,pre97,Pre-1997,2353.9464787643956
474,pensioner,M,80,9705,1997-2005,1765.4598590732967
474,pensioner,M,80,post05,Post-2005,1765.4598590732967
475,pensioner,M,78,pre97,Pre-1997,2004.1555113761908
475,pensioner,M,78,9705,1997-2005,1503.116633532143
475,pensioner,M,78,post05,Post-2005,1503.116633532143
476,pensioner,F,76,pre97,Pre-1997,7253.843314316558
476,pensioner,F,76,9705,1997-2005,5440.3824857374175
476,pensioner,F,76,post05,Post-2005,5440.3824857374175
477,pensioner,F,76,pre97,Pre-1997,2474.9564988650827
477,pensioner,F,76,9705,1997-2005,1856.2173741488118
477,pensioner,F,76,post05,Post-2005,1856.2173741488118
478,pensioner,M,67,pre97,Pre-1997,2949.5214666022703
478,pensioner,M,67,9705,1997-2005,2212.1410999517025
478,pensioner,M,67,post05,Post-2005,2212.1410999517025
479,pensioner,M,70,pre97,Pre-1997,6263.189288403436
479,pensioner,M,70,9705,1997-2005,4697.391966302576
479,pensioner,M,70,post05,Post-2005,4697.391966302576
480,pensioner,F,73,pre97,Pre-1997,4045.7707158208877
480,pensioner,F,73,9705,1997-2005,3034.3280368656656
480,pensioner,F,73,post05,Post-2005,3034.3280368656656
481,pensioner,M,70,pre97,Pre-1997,3748.011232979006
481,pensioner,M,70,9705,1997-2005,2811.0084247342543
481,pensioner,M,70,post05,Post-2005,2811.0084247342543
482,pensioner,M,81,pre97,Pre-1997,3107.1436888994504
482,pensioner,M,81,9705,1997-2005,2330.3577666745873
482,pensioner,M,81,post05,Post-2005,2330.3577666745873
483,pensioner,M,65,pre97,Pre-1997,8079.599519781848
483,pensioner,M,65,9705,1997-2005,6059.699639836386
483,pensioner,M,65,post05,Post-2005,6059.699639836386
484,pensioner,F,65,pre97,Pre-1997,7252.96246249423
484,pensioner,F,65,9705,1997-2005,5439.721846870672
484,pensioner,F,65,post05,Post-2005,5439.721846870672
485,pensioner,M,84,pre97,Pre-1997,2954.5446090760984
485,pensioner,M,84,9705,1997-2005,2215.9084568070734
485,pensioner,M,84,post05,Post-2005,2215.9084568070734
486,pensioner,M,68,pre97,Pre-1997,2555.859520628401
486,pensioner,M,68,9705,1997-2005,1916.8946404713006
486,pensioner,M,68,post05,Post-2005,1916.8946404713006
487,pensioner,M,84,pre97,Pre-1997,8859.410783928082
487,pensioner,M,84,9705,1997-2005,6644.55808794606
487,pensioner,M,84,post05,Post-2005,6644.55808794606
488,pensioner,F,73,pre97,Pre-1997,1572.0268491684337
488,pensioner,F,73,9705,1997-2005,1179.0201368763253
488,pensioner,F,73,post05,Post-2005,1179.0201368763253
489,pensioner,M,65,pre97,Pre-1997,3005.411020859712
489,pensioner,M,65,9705,1997-2005,2254.0582656447837
489,pensioner,M,65,post05,Post-2005,2254.0582656447837
490,pensioner,M,77,pre97,Pre-1997,1761.224844333031
490,pensioner,M,77,9705,1997-2005,1320.918633249773
490,pensioner,M,77,post05,Post-2005,1320.918633249773
491,pensioner,M,69,pre97,Pre-1997,11075.887108360621
491,pensioner,M,69,9705,1997-2005,8306.915331270466
491,pensioner,M,69,post05,Post-2005,8306.915331270466
492,pensioner,M,79,pre97,Pre-1997,12656.197130825441
492,pensioner,M,79,9705,1997-2005,9492.14784811908
492,pensioner,M,79,post05,Post-2005,9492.14784811908
493,pensioner,M,83,pre97,Pre-1997,3806.33783612588
493,pensioner,M,83,9705,1997-2005,2854.75337709441
493,pensioner,M,83,post05,Post-2005,2854.75337709441
494,pensioner,F,86,pre97,Pre-1997,4743.258162409109
494,pensioner,F,86,9705,1997-2005,3557.4436218068313
494,pensioner,F,86,post05,Post-2005,3557.4436218068313
495,pensioner,M,73,pre97,Pre-1997,2227.441330025362
495,pensioner,M,73,9705,1997-2005,1670.5809975190214
495,pensioner,M,73,post05,Post-2005,1670.5809975190214
496,pensioner,M,70,pre97,Pre-1997,2492.264122287367
496,pensioner,M,70,9705,1997-2005,1869.1980917155252
496,pensioner,M,70,post05,Post-2005,1869.1980917155252
497,pensioner,M,78,pre97,Pre-1997,2814.3568227001256
497,pensioner,M,78,9705,1997-2005,2110.767617025094
497,pensioner,M,78,post05,Post-2005,2110.767617025094
498,pensioner,F,67,pre97,Pre-1997,1371.115849656708
498,pensioner,F,67,9705,1997-2005,1028.3368872425308
498,pensioner,F,67,post05,Post-2005,1028.3368872425308
499,pensioner,M,67,pre97,Pre-1997,3032.6580036950168
499,pensioner,M,67,9705,1997-2005,2274.4935027712622
499,pensioner,M,67,post05,Post-2005,2274.4935027712622
500,pensioner,M,65,pre97,Pre-1997,5462.938632909867
500,pensioner,M,65,9705,1997-2005,4097.2039746824
500,pensioner,M,65,post05,Post-2005,4097.2039746824
501,pensioner,M,88,pre97,Pre-1997,5716.361092235616
501,pensioner,M,88,9705,1997-2005,4287.2708191767115
501,pensioner,M,88,post05,Post-2005,4287.2708191767115
502,pensioner,M,70,pre97,Pre-1997,12344.496677589512
502,pensioner,M,70,9705,1997-2005,9258.372508192133
502,pensioner,M,70,post05,Post-2005,9258.372508192133
503,pensioner,F,81,pre97,Pre-1997,1454.2055084749636
503,pensioner,F,81,9705,1997-2005,1090.6541313562227
503,pensioner,F,81,post05,Post-2005,1090.6541313562227
504,pensioner,F,72,pre97,Pre-1997,1244.3549586982747
504,pensioner,F,72,9705,1997-2005,933.266219023706
504,pensioner,F,72,post05,Post-2005,933.266219023706
505,pensioner,F,72,pre97,Pre-1997,4163.581838628778
505,pensioner,F,72,9705,1997-2005,3122.686378971584
505,pensioner,F,72,post05,Post-2005,3122.686378971584
506,pensioner,M,74,pre97,Pre-1997,5637.333215777362
506,pensioner,M,74,9705,1997-2005,4227.999911833021
506,pensioner,M,74,post05,Post-2005,4227.999911833021
507,pensioner,M,71,pre97,Pre-1997,3561.5103926772827
507,pensioner,M,71,9705,1997-2005,2671.132794507962
507,pensioner,M,71,post05,Post-2005,2671.132794507962
508,pensioner,F,71,pre97,Pre-1997,3652.6539291180234
508,pensioner,F,71,9705,1997-2005,2739.4904468385175
508,pensioner,F,71,post05,Post-2005,2739.4904468385175
509,pensioner,M,78,pre97,Pre-1997,1195.0392525670086
509,pensioner,M,78,9705,1997-2005,896.2794394252564
509,pensioner,M,78,post05,Post-2005,896.2794394252564
510,pensioner,M,83,pre97,Pre-1997,2446.676571765521
510,pensioner,M,83,9705,1997-2005,1835.0074288241406
510,pensioner,M,83,post05,Post-2005,1835.0074288241406
511,pensioner,F,70,pre97,Pre-1997,1040.9988250612764
511,pensioner,F,70,9705,1997-2005,780.7491187959572
511,pensioner,F,70,post05,Post-2005,780.7491187959572
512,pensioner,F,78,pre97,Pre-1997,8204.61729235824
512,pensioner,F,78,9705,1997-2005,6153.46296926868
512,pensioner,F,78,post05,Post-2005,6153.46296926868
513,pensioner,F,76,pre97,Pre-1997,2357.7349392578067
513,pensioner,F,76,9705,1997-2005,1768.3012044433547
513,pensioner,F,76,post05,Post-2005,1768.3012044433547
514,pensioner,M,78,pre97,Pre-1997,1852.9220159824727
514,pensioner,M,78,9705,1997-2005,1389.6915119868545
514,pensioner,M,78,post05,Post-2005,1389.6915119868545
515,pensioner,F,80,pre97,Pre-1997,2758.7968247286753
515,pensioner,F,80,9705,1997-2005,2069.0976185465065
515,pensioner,F,80,post05,Post-2005,2069.0976185465065
516,pensioner,M,64,pre97,Pre-1997,2818.342440001211
516,pensioner,M,64,9705,1997-2005,2113.756830000908
516,pensioner,M,64,post05,Post-2005,2113.756830000908
517,pensioner,M,74,pre97,Pre-1997,12967.845791335672
517,pensioner,M,74,9705,1997-2005,9725.884343501753
517,pensioner,M,74,post05,Post-2005,9725.884343501753
518,pensioner,M,70,pre97,Pre-1997,1153.972008045195
518,pensioner,M,70,9705,1997-2005,865.4790060338963
518,pensioner,M,70,post05,Post-2005,865.4790060338963
519,pensioner,F,77,pre97,Pre-1997,3792.533257732706
519,pensioner,F,77,9705,1997-2005,2844.3999432995292
519,pensioner,F,77,post05,Post-2005,2844.3999432995292
520,pensioner,M,76,pre97,Pre-1997,408.09724980703743
520,pensioner,M,76,9705,1997-2005,306.07293735527804
520,pensioner,M,76,post05,Post-2005,306.07293735527804
521,pensioner,M,65,pre97,Pre-1997,27270.197597229017
521,pensioner,M,65,9705,1997-2005,20452.64819792176
521,pensioner,M,65,post05,Post-2005,20452.64819792176
522,pensioner,M,85,pre97,Pre-1997,1761.186098655386
522,pensioner,M,85,9705,1997-2005,1320.8895739915395
522,pensioner,M,85,post05,Post-2005,1320.8895739915395
523,pensioner,F,84,pre97,Pre-1997,4159.189135156185
523,pensioner,F,84,9705,1997-2005,3119.3918513671383
523,pensioner,F,84,post05,Post-2005,3119.3918513671383
524,pensioner,F,79,pre97,Pre-1997,1171.6085794790476
524,pensioner,F,79,9705,1997-2005,878.7064346092856
524,pensioner,F,79,post05,Post-2005,878.7064346092856
525,pensioner,M,77,pre97,Pre-1997,2566.8951415253846
525,pensioner,M,77,9705,1997-2005,1925.171356144038
525,pensioner,M,77,post05,Post-2005,1925.171356144038
526,pensioner,F,81,pre97,Pre-1997,17313.140087067593
526,pensioner,F,81,9705,1997-2005,12984.855065300693
526,pensioner,F,81,post05,Post-2005,12984.855065300693
527,pensioner,M,67,pre97,Pre-1997,1086.022612934963
527,pensioner,M,67,9705,1997-2005,814.5169597012223
527,pensioner,M,67,post05,Post-2005,814.5169597012223
528,pensioner,M,83,pre97,Pre-1997,432.6722940085234
528,pensioner,M,83,9705,1997-2005,324.5042205063925
528,pensioner,M,83,post05,Post-2005,324.5042205063925
529,pensioner,M,85,pre97,Pre-1997,729.7291266543327
529,pensioner,M,85,9705,1997-2005,547.2968449907495
529,pensioner,M,85,post05,Post-2005,547.2968449907495
530,pensioner,F,67,pre97,Pre-1997,5216.827056946211
530,pensioner,F,67,9705,1997-2005,3912.6202927096574
530,pensioner,F,67,post05,Post-2005,3912.6202927096574
531,pensioner,M,70,pre97,Pre-1997,3716.872790161789
531,pensioner,M,70,9705,1997-2005,2787.6545926213416
531,pensioner,M,70,post05,Post-2005,2787.6545926213416
532,pensioner,M,75,pre97,Pre-1997,3942.0768298890152
532,pensioner,M,75,9705,1997-2005,2956.557622416761
532,pensioner,M,75,post05,Post-2005,2956.557622416761
533,pensioner,M,78,pre97,Pre-1997,7206.968944365463
533,pensioner,M,78,9705,1997-2005,5405.226708274097
533,pensioner,M,78,post05,Post-2005,5405.226708274097
534,pensioner,M,90,pre97,Pre-1997,10403.993048177967
534,pensioner,M,90,9705,1997-2005,7802.994786133475
534,pensioner,M,90,post05,Post-2005,7802.994786133475
535,pensioner,M,80,pre97,Pre-1997,2173.092131157305
535,pensioner,M,80,9705,1997-2005,1629.819098367979
535,pensioner,M,80,post05,Post-2005,1629.819098367979
536,pensioner,F,73,pre97,Pre-1997,2776.6537053868465
536,pensioner,F,73,9705,1997-2005,2082.4902790401347
536,pensioner,F,73,post05,Post-2005,2082.4902790401347
537,pensioner,M,66,pre97,Pre-1997,19046.39571284758
537,pensioner,M,66,9705,1997-2005,14284.796784635684
537,pensioner,M,66,post05,Post-2005,14284.796784635684
538,pensioner,F,87,pre97,Pre-1997,7516.736703517856
538,pensioner,F,87,9705,1997-2005,5637.552527638391
538,pensioner,F,87,post05,Post-2005,5637.552527638391
539,pensioner,M,82,pre97,Pre-1997,6644.904293794498
539,pensioner,M,82,9705,1997-2005,4983.678220345873
539,pensioner,M,82,post05,Post-2005,4983.678220345873
540,pensioner,M,79,pre97,Pre-1997,2001.7226818711906
540,pensioner,M,79,9705,1997-2005,1501.2920114033927
540,pensioner,M,79,post05,Post-2005,1501.2920114033927
541,pensioner,F,76,pre97,Pre-1997,12590.416104140018
541,pensioner,F,76,9705,1997-2005,9442.812078105013
541,pensioner,F,76,post05,Post-2005,9442.812078105013
542,pensioner,F,60,pre97,Pre-1997,4332.630743365268
542,pensioner,F,60,9705,1997-2005,3249.4730575239514
542,pensioner,F,60,post05,Post-2005,3249.4730575239514
543,pensioner,M,69,pre97,Pre-1997,2173.967087735507
543,pensioner,M,69,9705,1997-2005,1630.4753158016304
543,pensioner,M,69,post05,Post-2005,1630.4753158016304
544,pensioner,F,93,pre97,Pre-1997,5539.472699831291
544,pensioner,F,93,9705,1997-2005,4154.604524873468
544,pensioner,F,93,post05,Post-2005,4154.604524873468
545,pensioner,M,91,pre97,Pre-1997,3050.2768229817625
545,pensioner,M,91,9705,1997-2005,2287.7076172363218
545,pensioner,M,91,post05,Post-2005,2287.7076172363218
546,pensioner,M,69,pre97,Pre-1997,5114.6977591880095
546,pensioner,M,69,9705,1997-2005,3836.023319391007
546,pensioner,M,69,post05,Post-2005,3836.023319391007
547,pensioner,M,70,pre97,Pre-1997,29825.150158673696
547,pensioner,M,70,9705,1997-2005,22368.86261900527
547,pensioner,M,70,post05,Post-2005,22368.86261900527
548,pensioner,F,73,pre97,Pre-1997,7480.806691491333
548,pensioner,F,73,9705,1997-2005,5610.605018618499
548,pensioner,F,73,post05,Post-2005,5610.605018618499
549,pensioner,M,72,pre97,Pre-1997,2414.519294393023
549,pensioner,M,72,9705,1997-2005,1810.8894707947672
549,pensioner,M,72,post05,Post-2005,1810.8894707947672
550,pensioner,F,71,pre97,Pre-1997,2160.09668666477
550,pensioner,F,71,9705,1997-2005,1620.0725149985776
550,pensioner,F,71,post05,Post-2005,1620.0725149985776
551,pensioner,M,74,pre97,Pre-1997,2475.200860099554
551,pensioner,M,74,9705,1997-2005,1856.4006450746656
551,pensioner,M,74,post05,Post-2005,1856.4006450746656
552,pensioner,M,84,pre97,Pre-1997,1652.1296505964042
552,pensioner,M,84,9705,1997-2005,1239.097237947303
552,pensioner,M,84,post05,Post-2005,1239.097237947303
553,pensioner,M,74,pre97,Pre-1997,2044.0112013912558
553,pensioner,M,74,9705,1997-2005,1533.0084010434416
553,pensioner,M,74,post05,Post-2005,1533.0084010434416
554,pensioner,M,87,pre97,Pre-1997,2234.390739420569
554,pensioner,M,87,9705,1997-2005,1675.7930545654267
554,pensioner,M,87,post05,Post-2005,1675.7930545654267
555,pensioner,M,72,pre97,Pre-1997,1468.4590439357817
555,pensioner,M,72,9705,1997-2005,1101.344282951836
555,pensioner,M,72,post05,Post-2005,1101.344282951836
556,pensioner,F,74,pre97,Pre-1997,12108.036366175826
556,pensioner,F,74,9705,1997-2005,9081.027274631868
556,pensioner,F,74,post05,Post-2005,9081.027274631868
557,pensioner,F,82,pre97,Pre-1997,1705.7996910760448
557,pensioner,F,82,9705,1997-2005,1279.3497683070336
557,pensioner,F,82,post05,Post-2005,1279.3497683070336
558,pensioner,M,60,pre97,Pre-1997,4230.223575230194
558,pensioner,M,60,9705,1997-2005,3172.6676814226453
558,pensioner,M,60,post05,Post-2005,3172.6676814226453
559,pensioner,F,77,pre97,Pre-1997,9651.042800998488
559,pensioner,F,77,9705,1997-2005,7238.2821007488665
559,pensioner,F,77,post05,Post-2005,7238.2821007488665
560,pensioner,M,69,pre97,Pre-1997,6761.887356176887
560,pensioner,M,69,9705,1997-2005,5071.415517132665
560,pensioner,M,69,post05,Post-2005,5071.415517132665
561,pensioner,M,69,pre97,Pre-1997,3783.3363431642233
561,pensioner,M,69,9705,1997-2005,2837.502257373167
561,pensioner,M,69,post05,Post-2005,2837.502257373167
562,pensioner,M,85,pre97,Pre-1997,2439.825474199058
562,pensioner,M,85,9705,1997-2005,1829.8691056492933
562,pensioner,M,85,post05,Post-2005,1829.8691056492933
563,pensioner,M,67,pre97,Pre-1997,1508.3694638692496
563,pensioner,M,67,9705,1997-2005,1131.2770979019372
563,pensioner,M,67,post05,Post-2005,1131.2770979019372
564,pensioner,M,67,pre97,Pre-1997,3364.380773007939
564,pensioner,M,67,9705,1997-2005,2523.285579755954
564,pensioner,M,67,post05,Post-2005,2523.285579755954
565,pensioner,M,75,pre97,Pre-1997,2200.16477776191
565,pensioner,M,75,9705,1997-2005,1650.1235833214323
565,pensioner,M,75,post05,Post-2005,1650.1235833214323
566,pensioner,M,76,pre97,Pre-1997,1910.000225002087
566,pensioner,M,76,9705,1997-2005,1432.500168751565
566,pensioner,M,76,post05,Post-2005,1432.500168751565
567,pensioner,M,69,pre97,Pre-1997,2768.4396007490054
567,pensioner,M,69,9705,1997-2005,2076.3297005617537
567,pensioner,M,69,post05,Post-2005,2076.3297005617537
568,pensioner,M,72,pre97,Pre-1997,3178.841957816877
568,pensioner,M,72,9705,1997-2005,2384.1314683626574
568,pensioner,M,72,post05,Post-2005,2384.1314683626574
569,pensioner,F,80,pre97,Pre-1997,1860.9132604068368
569,pensioner,F,80,9705,1997-2005,1395.6849453051275
569,pensioner,F,80,post05,Post-2005,1395.6849453051275
570,pensioner,M,74,pre97,Pre-1997,1540.775834664956
570,pensioner,M,74,9705,1997-2005,1155.581875998717
570,pensioner,M,74,post05,Post-2005,1155.581875998717
571,pensioner,M,83,pre97,Pre-1997,13426.570037851385
571,pensioner,M,83,9705,1997-2005,10069.927528388538
571,pensioner,M,83,post05,Post-2005,10069.927528388538
572,pensioner,F,74,pre97,Pre-1997,6687.462426507293
572,pensioner,F,74,9705,1997-2005,5015.596819880469
572,pensioner,F,74,post05,Post-2005,5015.596819880469
573,pensioner,F,74,pre97,Pre-1997,20340.21148188937
573,pensioner,F,74,9705,1997-2005,15255.158611417026
573,pensioner,F,74,post05,Post-2005,15255.158611417026
574,pensioner,M,69,pre97,Pre-1997,3528.671601632015
574,pensioner,M,69,9705,1997-2005,2646.503701224011
574,pensioner,M,69,post05,Post-2005,2646.503701224011
575,pensioner,M,62,pre97,Pre-1997,1633.4390446264895
575,pensioner,M,62,9705,1997-2005,1225.079283469867
575,pensioner,M,62,post05,Post-2005,1225.079283469867
576,pensioner,M,73,pre97,Pre-1997,298.4049423942503
576,pensioner,M,73,9705,1997-2005,223.8037067956877
576,pensioner,M,73,post05,Post-2005,223.8037067956877
577,pensioner,F,68,pre97,Pre-1997,1677.478377144658
577,pensioner,F,68,9705,1997-2005,1258.1087828584934
577,pensioner,F,68,post05,Post-2005,1258.1087828584934
578,pensioner,M,71,pre97,Pre-1997,10486.557240247454
578,pensioner,M,71,9705,1997-2005,7864.917930185589
578,pensioner,M,71,post05,Post-2005,7864.917930185589
579,pensioner,F,69,pre97,Pre-1997,956.3784535539635
579,pensioner,F,69,9705,1997-2005,717.2838401654726
579,pensioner,F,69,post05,Post-2005,717.2838401654726
580,pensioner,M,64,pre97,Pre-1997,3483.660556680913
580,pensioner,M,64,9705,1997-2005,2612.7454175106845
580,pensioner,M,64,post05,Post-2005,2612.7454175106845
581,pensioner,F,74,pre97,Pre-1997,27127.107097384935
581,pensioner,F,74,9705,1997-2005,20345.3303230387
581,pensioner,F,74,post05,Post-2005,20345.3303230387
582,pensioner,M,91,pre97,Pre-1997,2515.3147672043588
582,pensioner,M,91,9705,1997-2005,1886.4860754032688
582,pensioner,M,91,post05,Post-2005,1886.4860754032688
583,pensioner,F,78,pre97,Pre-1997,6620.654696519748
583,pensioner,F,78,9705,1997-2005,4965.4910223898105
583,pensioner,F,78,post05,Post-2005,4965.4910223898105
584,pensioner,M,86,pre97,Pre-1997,4404.362007732344
584,pensioner,M,86,9705,1997-2005,3303.2715057992577
584,pensioner,M,86,post05,Post-2005,3303.2715057992577
585,pensioner,M,73,pre97,Pre-1997,5424.034869843865
585,pensioner,M,73,9705,1997-2005,4068.0261523828976
585,pensioner,M,73,post05,Post-2005,4068.0261523828976
586,pensioner,F,66,pre97,Pre-1997,5949.411325055965
586,pensioner,F,66,9705,1997-2005,4462.058493791973
586,pensioner,F,66,post05,Post-2005,4462.058493791973
587,pensioner,M,67,pre97,Pre-1997,7516.408525384761
587,pensioner,M,67,9705,1997-2005,5637.30639403857
587,pensioner,M,67,post05,Post-2005,5637.30639403857
588,pensioner,M,63,pre97,Pre-1997,1713.1157527937303
588,pensioner,M,63,9705,1997-2005,1284.8368145952977
588,pensioner,M,63,post05,Post-2005,1284.8368145952977
589,pensioner,F,82,pre97,Pre-1997,5685.028808439433
589,pensioner,F,82,9705,1997-2005,4263.771606329575
589,pensioner,F,82,post05,Post-2005,4263.771606329575
590,pensioner,M,72,pre97,Pre-1997,3029.517087778921
590,pensioner,M,72,9705,1997-2005,2272.1378158341904
590,pensioner,M,72,post05,Post-2005,2272.1378158341904
591,pensioner,F,77,pre97,Pre-1997,1395.3847284331082
591,pensioner,F,77,9705,1997-2005,1046.538546324831
591,pensioner,F,77,post05,Post-2005,1046.538546324831
592,pensioner,F,79,pre97,Pre-1997,3155.7895442367603
592,pensioner,F,79,9705,1997-2005,2366.84215817757
592,pensioner,F,79,post05,Post-2005,2366.84215817757
593,pensioner,F,70,pre97,Pre-1997,10221.426646546322
593,pensioner,F,70,9705,1997-2005,7666.069984909742
593,pensioner,F,70,post05,Post-2005,7666.069984909742
594,pensioner,F,88,pre97,Pre-1997,7308.361612518203
594,pensioner,F,88,9705,1997-2005,5481.271209388652
594,pensioner,F,88,post05,Post-2005,5481.271209388652
595,pensioner,M,78,pre97,Pre-1997,12301.932393646697
595,pensioner,M,78,9705,1997-2005,9226.449295235023
595,pensioner,M,78,post05,Post-2005,9226.449295235023
596,pensioner,F,71,pre97,Pre-1997,5060.809956742302
596,pensioner,F,71,9705,1997-2005,3795.6074675567265
596,pensioner,F,71,post05,Post-2005,3795.6074675567265
597,pensioner,F,66,pre97,Pre-1997,661.6052731795797
597,pensioner,F,66,9705,1997-2005,496.2039548846847
597,pensioner,F,66,post05,Post-2005,496.2039548846847
598,pensioner,M,74,pre97,Pre-1997,2510.887949130404
598,pensioner,M,74,9705,1997-2005,1883.165961847803
598,pensioner,M,74,post05,Post-2005,1883.165961847803
599,pensioner,M,74,pre97,Pre-1997,6887.887215123778
599,pensioner,M,74,9705,1997-2005,5165.915411342833
599,pensioner,M,74,post05,Post-2005,5165.915411342833
600,pensioner,M,77,pre97,Pre-1997,1539.0947382813838
600,pensioner,M,77,9705,1997-2005,1154.3210537110376
600,pensioner,M,77,post05,Post-2005,1154.3210537110376
601,pensioner,M,77,pre97,Pre-1997,1364.6876400734884
601,pensioner,M,77,9705,1997-2005,1023.5157300551163
601,pensioner,M,77,post05,Post-2005,1023.5157300551163
602,pensioner,F,66,pre97,Pre-1997,4884.301748440771
602,pensioner,F,66,9705,1997-2005,3663.2263113305785
602,pensioner,F,66,post05,Post-2005,3663.2263113305785
603,pensioner,M,67,pre97,Pre-1997,11270.512106541373
603,pensioner,M,67,9705,1997-2005,8452.884079906029
603,pensioner,M,67,post05,Post-2005,8452.884079906029
604,pensioner,M,76,pre97,Pre-1997,13374.98010511036
604,pensioner,M,76,9705,1997-2005,10031.23507883277
604,pensioner,M,76,post05,Post-2005,10031.23507883277
605,pensioner,M,81,pre97,Pre-1997,6122.13771960679
605,pensioner,M,81,9705,1997-2005,4591.603289705092
605,pensioner,M,81,post05,Post-2005,4591.603289705092
606,pensioner,M,77,pre97,Pre-1997,4648.01869500186
606,pensioner,M,77,9705,1997-2005,3486.0140212513943
606,pensioner,M,77,post05,Post-2005,3486.0140212513943
607,pensioner,M,66,pre97,Pre-1997,3023.716593994697
607,pensioner,M,66,9705,1997-2005,2267.787445496023
607,pensioner,M,66,post05,Post-2005,2267.787445496023
608,pensioner,M,70,pre97,Pre-1997,19300.88017407992
608,pensioner,M,70,9705,1997-2005,14475.660130559942
608,pensioner,M,70,post05,Post-2005,14475.660130559942
609,pensioner,M,75,pre97,Pre-1997,831.0457862424064
609,pensioner,M,75,9705,1997-2005,623.2843396818048
609,pensioner,M,75,post05,Post-2005,623.2843396818048
610,pensioner,F,81,pre97,Pre-1997,3714.1515572100348
610,pensioner,F,81,9705,1997-2005,2785.6136679075257
610,pensioner,F,81,post05,Post-2005,2785.6136679075257
611,pensioner,M,60,pre97,Pre-1997,3246.412361998686
611,pensioner,M,60,9705,1997-2005,2434.8092714990144
611,pensioner,M,60,post05,Post-2005,2434.8092714990144
612,pensioner,M,74,pre97,Pre-1997,1920.6956801119004
612,pensioner,M,74,9705,1997-2005,1440.521760083925
612,pensioner,M,74,post05,Post-2005,1440.521760083925
613,pensioner,M,66,pre97,Pre-1997,6494.073258188
613,pensioner,M,66,9705,1997-2005,4870.554943640999
613,pensioner,M,66,post05,Post-2005,4870.554943640999
614,pensioner,M,80,pre97,Pre-1997,13333.149292683607
614,pensioner,M,80,9705,1997-2005,9999.861969512705
614,pensioner,M,80,post05,Post-2005,9999.861969512705
615,pensioner,M,76,pre97,Pre-1997,2207.7070494077175
615,pensioner,M,76,9705,1997-2005,1655.7802870557878
615,pensioner,M,76,post05,Post-2005,1655.7802870557878
616,pensioner,F,79,pre97,Pre-1997,3742.0155931621375
616,pensioner,F,79,9705,1997-2005,2806.511694871603
616,pensioner,F,79,post05,Post-2005,2806.511694871603
617,pensioner,F,69,pre97,Pre-1997,3171.9686374340117
617,pensioner,F,69,9705,1997-2005,2378.9764780755086
617,pensioner,F,69,post05,Post-2005,2378.9764780755086
618,pensioner,F,73,pre97,Pre-1997,2277.4564609469753
618,pensioner,F,73,9705,1997-2005,1708.0923457102313
618,pensioner,F,73,post05,Post-2005,1708.0923457102313
619,pensioner,M,72,pre97,Pre-1997,1516.4840955732973
619,pensioner,M,72,9705,1997-2005,1137.3630716799728
619,pensioner,M,72,post05,Post-2005,1137.3630716799728
620,pensioner,M,75,pre97,Pre-1997,8358.843038026193
620,pensioner,M,75,9705,1997-2005,6269.132278519644
620,pensioner,M,75,post05,Post-2005,6269.132278519644
621,pensioner,M,67,pre97,Pre-1997,4278.80623369101
621,pensioner,M,67,9705,1997-2005,3209.104675268257
621,pensioner,M,67,post05,Post-2005,3209.104675268257
622,pensioner,M,78,pre97,Pre-1997,6319.682905151733
622,pensioner,M,78,9705,1997-2005,4739.7621788638
622,pensioner,M,78,post05,Post-2005,4739.7621788638
623,pensioner,M,67,pre97,Pre-1997,2442.3733688206366
623,pensioner,M,67,9705,1997-2005,1831.7800266154773
623,pensioner,M,67,post05,Post-2005,1831.7800266154773
624,pensioner,F,62,pre97,Pre-1997,1855.9684773706301
624,pensioner,F,62,9705,1997-2005,1391.9763580279725
624,pensioner,F,62,post05,Post-2005,1391.9763580279725
625,pensioner,M,78,pre97,Pre-1997,1638.7463520490035
625,pensioner,M,78,9705,1997-2005,1229.0597640367525
625,pensioner,M,78,post05,Post-2005,1229.0597640367525
626,pensioner,M,73,pre97,Pre-1997,3590.0084129171178
626,pensioner,M,73,9705,1997-2005,2692.506309687838
626,pensioner,M,73,post05,Post-2005,2692.506309687838
627,pensioner,F,70,pre97,Pre-1997,7091.790358121557
627,pensioner,F,70,9705,1997-2005,5318.842768591167
627,pensioner,F,70,post05,Post-2005,5318.842768591167
628,pensioner,F,73,pre97,Pre-1997,11909.793099712826
628,pensioner,F,73,9705,1997-2005,8932.344824784619
628,pensioner,F,73,post05,Post-2005,8932.344824784619
629,pensioner,M,72,pre97,Pre-1997,3391.8343529385966
629,pensioner,M,72,9705,1997-2005,2543.8757647039474
629,pensioner,M,72,post05,Post-2005,2543.8757647039474
630,pensioner,F,84,pre97,Pre-1997,3630.0390046025323
630,pensioner,F,84,9705,1997-2005,2722.529253451899
630,pensioner,F,84,post05,Post-2005,2722.529253451899
631,pensioner,F,78,pre97,Pre-1997,8160.598755959052
631,pensioner,F,78,9705,1997-2005,6120.449066969289
631,pensioner,F,78,post05,Post-2005,6120.449066969289
632,pensioner,M,74,pre97,Pre-1997,15821.164985598858
632,pensioner,M,74,9705,1997-2005,11865.873739199142
632,pensioner,M,74,post05,Post-2005,11865.873739199142
633,pensioner,M,80,pre97,Pre-1997,2872.581154361588
633,pensioner,M,80,9705,1997-2005,2154.4358657711905
633,pensioner,M,80,post05,Post-2005,2154.4358657711905
634,pensioner,F,73,pre97,Pre-1997,10880.093929472738
634,pensioner,F,73,9705,1997-2005,8160.070447104553
634,pensioner,F,73,post05,Post-2005,8160.070447104553
635,pensioner,M,88,pre97,Pre-1997,4933.218716122785
635,pensioner,M,88,9705,1997-2005,3699.9140370920877
635,pensioner,M,88,post05,Post-2005,3699.9140370920877
636,pensioner,M,75,pre97,Pre-1997,14253.879164326361
636,pensioner,M,75,9705,1997-2005,10690.409373244769
636,pensioner,M,75,post05,Post-2005,10690.409373244769
637,pensioner,M,80,pre97,Pre-1997,6706.502054852433
637,pensioner,M,80,9705,1997-2005,5029.876541139324
637,pensioner,M,80,post05,Post-2005,5029.876541139324
638,pensioner,F,76,pre97,Pre-1997,776.245916539749
638,pensioner,F,76,9705,1997-2005,582.1844374048117
638,pensioner,F,76,post05,Post-2005,582.1844374048117
639,pensioner,F,76,pre97,Pre-1997,593.915117065448
639,pensioner,F,76,9705,1997-2005,445.43633779908595
639,pensioner,F,76,post05,Post-2005,445.43633779908595
640,pensioner,M,77,pre97,Pre-1997,4607.663937115005
640,pensioner,M,77,9705,1997-2005,3455.7479528362537
640,pensioner,M,77,post05,Post-2005,3455.7479528362537
641,pensioner,M,77,pre97,Pre-1997,10843.75106961733
641,pensioner,M,77,9705,1997-2005,8132.813302212997
641,pensioner,M,77,post05,Post-2005,8132.813302212997
642,pensioner,M,64,pre97,Pre-1997,981.2448059829408
642,pensioner,M,64,9705,1997-2005,735.9336044872055
642,pensioner,M,64,post05,Post-2005,735.9336044872055
643,pensioner,M,68,pre97,Pre-1997,5026.465449064469
643,pensioner,M,68,9705,1997-2005,3769.8490867983514
643,pensioner,M,68,post05,Post-2005,3769.8490867983514
644,pensioner,M,77,pre97,Pre-1997,2390.4534729707184
644,pensioner,M,77,9705,1997-2005,1792.8401047280386
644,pensioner,M,77,post05,Post-2005,1792.8401047280386
645,pensioner,M,78,pre97,Pre-1997,2946.9245615663945
645,pensioner,M,78,9705,1997-2005,2210.1934211747957
645,pensioner,M,78,post05,Post-2005,2210.1934211747957
646,pensioner,F,74,pre97,Pre-1997,1150.4961654703063
646,pensioner,F,74,9705,1997-2005,862.8721241027296
646,pensioner,F,74,post05,Post-2005,862.8721241027296
647,pensioner,F,73,pre97,Pre-1997,2157.1880450677622
647,pensioner,F,73,9705,1997-2005,1617.8910338008216
647,pensioner,F,73,post05,Post-2005,1617.8910338008216
648,pensioner,F,76,pre97,Pre-1997,6395.022511399187
648,pensioner,F,76,9705,1997-2005,4796.26688354939
648,pensioner,F,76,post05,Post-2005,4796.26688354939
649,pensioner,M,63,pre97,Pre-1997,851.9049615469065
649,pensioner,M,63,9705,1997-2005,638.9287211601799
649,pensioner,M,63,post05,Post-2005,638.9287211601799
650,pensioner,M,81,pre97,Pre-1997,1214.2104101106868
650,pensioner,M,81,9705,1997-2005,910.6578075830149
650,pensioner,M,81,post05,Post-2005,910.6578075830149
651,pensioner,M,64,pre97,Pre-1997,1689.9875283784365
651,pensioner,M,64,9705,1997-2005,1267.4906462838273
651,pensioner,M,64,post05,Post-2005,1267.4906462838273
652,pensioner,M,81,pre97,Pre-1997,4607.138825954191
652,pensioner,M,81,9705,1997-2005,3455.3541194656427
652,pensioner,M,81,post05,Post-2005,3455.3541194656427
653,pensioner,M,70,pre97,Pre-1997,10671.582955858617
653,pensioner,M,70,9705,1997-2005,8003.687216893962
653,pensioner,M,70,post05,Post-2005,8003.687216893962
654,pensioner,F,73,pre97,Pre-1997,1084.556513518782
654,pensioner,F,73,9705,1997-2005,813.4173851390864
654,pensioner,F,73,post05,Post-2005,813.4173851390864
655,pensioner,M,82,pre97,Pre-1997,6531.972806488158
655,pensioner,M,82,9705,1997-2005,4898.979604866118
655,pensioner,M,82,post05,Post-2005,4898.979604866118
656,pensioner,M,79,pre97,Pre-1997,1936.348938741878
656,pensioner,M,79,9705,1997-2005,1452.2617040564085
656,pensioner,M,79,post05,Post-2005,1452.2617040564085
657,pensioner,M,77,pre97,Pre-1997,6170.449872200294
657,pensioner,M,77,9705,1997-2005,4627.83740415022
657,pensioner,M,77,post05,Post-2005,4627.83740415022
658,pensioner,M,68,pre97,Pre-1997,13401.806463686695
658,pensioner,M,68,9705,1997-2005,10051.35484776502
658,pensioner,M,68,post05,Post-2005,10051.35484776502
659,pensioner,M,67,pre97,Pre-1997,10134.975198432052
659,pensioner,M,67,9705,1997-2005,7601.231398824038
659,pensioner,M,67,post05,Post-2005,7601.231398824038
660,pensioner,M,70,pre97,Pre-1997,16953.834947188916
660,pensioner,M,70,9705,1997-2005,12715.376210391685
660,pensioner,M,70,post05,Post-2005,12715.376210391685
661,pensioner,M,69,pre97,Pre-1997,2777.5735132737045
661,pensioner,M,69,9705,1997-2005,2083.1801349552784
661,pensioner,M,69,post05,Post-2005,2083.1801349552784
662,pensioner,M,83,pre97,Pre-1997,8708.528889802123
662,pensioner,M,83,9705,1997-2005,6531.396667351591
662,pensioner,M,83,post05,Post-2005,6531.396667351591
663,pensioner,M,73,pre97,Pre-1997,1397.4509633317266
663,pensioner,M,73,9705,1997-2005,1048.0882224987947
663,pensioner,M,73,post05,Post-2005,1048.0882224987947
664,pensioner,F,63,pre97,Pre-1997,2585.936217022736
664,pensioner,F,63,9705,1997-2005,1939.4521627670515
664,pensioner,F,63,post05,Post-2005,1939.4521627670515
665,pensioner,M,71,pre97,Pre-1997,2460.9534046370845
665,pensioner,M,71,9705,1997-2005,1845.715053477813
665,pensioner,M,71,post05,Post-2005,1845.715053477813
666,pensioner,M,66,pre97,Pre-1997,7909.653362342607
666,pensioner,M,66,9705,1997-2005,5932.240021756955
666,pensioner,M,66,post05,Post-2005,5932.240021756955
667,pensioner,F,86,pre97,Pre-1997,3515.2605542647034
667,pensioner,F,86,9705,1997-2005,2636.4454156985275
667,pensioner,F,86,post05,Post-2005,2636.4454156985275
668,pensioner,M,67,pre97,Pre-1997,1848.2154664506297
668,pensioner,M,67,9705,1997-2005,1386.161599837972
668,pensioner,M,67,post05,Post-2005,1386.161599837972
669,pensioner,M,75,pre97,Pre-1997,450.39697603479027
669,pensioner,M,75,9705,1997-2005,337.79773202609266
669,pensioner,M,75,post05,Post-2005,337.79773202609266
670,pensioner,F,68,pre97,Pre-1997,5940.08162145917
670,pensioner,F,68,9705,1997-2005,4455.0612160943765
670,pensioner,F,68,post05,Post-2005,4455.0612160943765
671,pensioner,F,69,pre97,Pre-1997,6101.7614454674895
671,pensioner,F,69,9705,1997-2005,4576.321084100617
671,pensioner,F,69,post05,Post-2005,4576.321084100617
672,pensioner,F,83,pre97,Pre-1997,3556.076490902065
672,pensioner,F,83,9705,1997-2005,2667.0573681765486
672,pensioner,F,83,post05,Post-2005,2667.0573681765486
673,pensioner,M,73,pre97,Pre-1997,1434.2835692056155
673,pensioner,M,73,9705,1997-2005,1075.7126769042115
673,pensioner,M,73,post05,Post-2005,1075.7126769042115
674,pensioner,M,66,pre97,Pre-1997,6860.4052864611
674,pensioner,M,66,9705,1997-2005,5145.303964845825
674,pensioner,M,66,post05,Post-2005,5145.303964845825
675,pensioner,F,90,pre97,Pre-1997,2003.7173143979417
675,pensioner,F,90,9705,1997-2005,1502.7879857984562
675,pensioner,F,90,post05,Post-2005,1502.7879857984562
676,pensioner,M,71,pre97,Pre-1997,13195.863048778498
676,pensioner,M,71,9705,1997-2005,9896.897286583873
676,pensioner,M,71,post05,Post-2005,9896.897286583873
677,pensioner,M,76,pre97,Pre-1997,1638.6295377523165
677,pensioner,M,76,9705,1997-2005,1228.9721533142374
677,pensioner,M,76,post05,Post-2005,1228.9721533142374
678,pensioner,F,72,pre97,Pre-1997,10067.226500092926
678,pensioner,F,72,9705,1997-2005,7550.419875069692
678,pensioner,F,72,post05,Post-2005,7550.419875069692
679,pensioner,M,61,pre97,Pre-1997,2732.735390435563
679,pensioner,M,61,9705,1997-2005,2049.551542826672
679,pensioner,M,61,post05,Post-2005,2049.551542826672
680,pensioner,M,69,pre97,Pre-1997,2031.743298459761
680,pensioner,M,69,9705,1997-2005,1523.8074738448206
680,pensioner,M,69,post05,Post-2005,1523.8074738448206
681,pensioner,M,72,pre97,Pre-1997,2210.737216171087
681,pensioner,M,72,9705,1997-2005,1658.052912128315
681,pensioner,M,72,post05,Post-2005,1658.052912128315
682,pensioner,M,73,pre97,Pre-1997,4644.562376189263
682,pensioner,M,73,9705,1997-2005,3483.4217821419475
682,pensioner,M,73,post05,Post-2005,3483.4217821419475
683,pensioner,M,65,pre97,Pre-1997,1833.0827454843018
683,pensioner,M,65,9705,1997-2005,1374.8120591132263
683,pensioner,M,65,post05,Post-2005,1374.8120591132263
684,pensioner,M,69,pre97,Pre-1997,5795.238139220253
684,pensioner,M,69,9705,1997-2005,4346.4286044151895
684,pensioner,M,69,post05,Post-2005,4346.4286044151895
685,pensioner,M,83,pre97,Pre-1997,13204.320681508018
685,pensioner,M,83,9705,1997-2005,9903.240511131013
685,pensioner,M,83,post05,Post-2005,9903.240511131013
686,pensioner,M,78,pre97,Pre-1997,4217.484556562176
686,pensioner,M,78,9705,1997-2005,3163.113417421632
686,pensioner,M,78,post05,Post-2005,3163.113417421632
687,pensioner,F,65,pre97,Pre-1997,4299.856934752818
687,pensioner,F,65,9705,1997-2005,3224.8927010646134
687,pensioner,F,65,post05,Post-2005,3224.8927010646134
688,pensioner,M,70,pre97,Pre-1997,4317.213472088893
688,pensioner,M,70,9705,1997-2005,3237.9101040666696
688,pensioner,M,70,post05,Post-2005,3237.9101040666696
689,pensioner,F,81,pre97,Pre-1997,15463.579900956218
689,pensioner,F,81,9705,1997-2005,11597.684925717163
689,pensioner,F,81,post05,Post-2005,11597.684925717163
690,pensioner,M,62,pre97,Pre-1997,2461.6350492932866
690,pensioner,M,62,9705,1997-2005,1846.2262869699646
690,pensioner,M,62,post05,Post-2005,1846.2262869699646
691,pensioner,M,80,pre97,Pre-1997,6047.588893071851
691,pensioner,M,80,9705,1997-2005,4535.691669803888
691,pensioner,M,80,post05,Post-2005,4535.691669803888
692,pensioner,F,88,pre97,Pre-1997,5232.16432298247
692,pensioner,F,88,9705,1997-2005,3924.1232422368525
692,pensioner,F,88,post05,Post-2005,3924.1232422368525
693,pensioner,M,60,pre97,Pre-1997,7938.534898553421
693,pensioner,M,60,9705,1997-2005,5953.901173915066
693,pensioner,M,60,post05,Post-2005,5953.901173915066
694,pensioner,M,91,pre97,Pre-1997,4655.615627392282
694,pensioner,M,91,9705,1997-2005,3491.7117205442105
694,pensioner,M,91,post05,Post-2005,3491.7117205442105
695,pensioner,M,80,pre97,Pre-1997,4057.643952225348
695,pensioner,M,80,9705,1997-2005,3043.2329641690108
695,pensioner,M,80,post05,Post-2005,3043.2329641690108
696,pensioner,M,74,pre97,Pre-1997,4848.207251678154
696,pensioner,M,74,9705,1997-2005,3636.1554387586148
696,pensioner,M,74,post05,Post-2005,3636.1554387586148
697,pensioner,M,66,pre97,Pre-1997,5240.367046923053
697,pensioner,M,66,9705,1997-2005,3930.2752851922896
697,pensioner,M,66,post05,Post-2005,3930.2752851922896
698,pensioner,M,79,pre97,Pre-1997,12853.473422197463
698,pensioner,M,79,9705,1997-2005,9640.105066648097
698,pensioner,M,79,post05,Post-2005,9640.105066648097
699,pensioner,M,78,pre97,Pre-1997,5436.115841617549
699,pensioner,M,78,9705,1997-2005,4077.086881213161
699,pensioner,M,78,post05,Post-2005,4077.086881213161
700,pensioner,M,80,pre97,Pre-1997,747.2631892466917
700,pensioner,M,80,9705,1997-2005,560.4473919350187
700,pensioner,M,80,post05,Post-2005,560.4473919350187
701,pensioner,M,81,pre97,Pre-1997,10019.048779012426
701,pensioner,M,81,9705,1997-2005,7514.286584259319
701,pensioner,M,81,post05,Post-2005,7514.286584259319
702,pensioner,M,62,pre97,Pre-1997,1704.2076806212187
702,pensioner,M,62,9705,1997-2005,1278.155760465914
702,pensioner,M,62,post05,Post-2005,1278.155760465914
703,pensioner,F,84,pre97,Pre-1997,1730.6795844905814
703,pensioner,F,84,9705,1997-2005,1298.009688367936
703,pensioner,F,84,post05,Post-2005,1298.009688367936
704,pensioner,M,71,pre97,Pre-1997,2110.928675216793
704,pensioner,M,71,9705,1997-2005,1583.196506412595
704,pensioner,M,71,post05,Post-2005,1583.196506412595
705,pensioner,F,76,pre97,Pre-1997,734.427170505382
705,pensioner,F,76,9705,1997-2005,550.8203778790365
705,pensioner,F,76,post05,Post-2005,550.8203778790365
706,pensioner,F,83,pre97,Pre-1997,8241.872779176583
706,pensioner,F,83,9705,1997-2005,6181.404584382436
706,pensioner,F,83,post05,Post-2005,6181.404584382436
707,pensioner,M,68,pre97,Pre-1997,1682.4737438032334
707,pensioner,M,68,9705,1997-2005,1261.855307852425
707,pensioner,M,68,post05,Post-2005,1261.855307852425
708,pensioner,F,67,pre97,Pre-1997,2974.223087058704
708,pensioner,F,67,9705,1997-2005,2230.667315294028
708,pensioner,F,67,post05,Post-2005,2230.667315294028
709,pensioner,M,78,pre97,Pre-1997,1579.0992827355856
709,pensioner,M,78,9705,1997-2005,1184.3244620516891
709,pensioner,M,78,post05,Post-2005,1184.3244620516891
710,pensioner,M,82,pre97,Pre-1997,5855.766825584879
710,pensioner,M,82,9705,1997-2005,4391.825119188659
710,pensioner,M,82,post05,Post-2005,4391.825119188659
711,pensioner,F,65,pre97,Pre-1997,11735.113256431818
711,pensioner,F,65,9705,1997-2005,8801.334942323863
711,pensioner,F,65,post05,Post-2005,8801.334942323863
712,pensioner,M,62,pre97,Pre-1997,8973.472536789395
712,pensioner,M,62,9705,1997-2005,6730.1044025920455
712,pensioner,M,62,post05,Post-2005,6730.1044025920455
713,pensioner,M,72,pre97,Pre-1997,1016.3232764123752
713,pensioner,M,72,9705,1997-2005,762.2424573092813
713,pensioner,M,72,post05,Post-2005,762.2424573092813
714,pensioner,F,60,pre97,Pre-1997,6102.006627337893
714,pensioner,F,60,9705,1997-2005,4576.50497050342
714,pensioner,F,60,post05,Post-2005,4576.50497050342
715,pensioner,F,87,pre97,Pre-1997,4414.269594053137
715,pensioner,F,87,9705,1997-2005,3310.7021955398527
715,pensioner,F,87,post05,Post-2005,3310.7021955398527
716,pensioner,F,83,pre97,Pre-1997,9034.329313658722
716,pensioner,F,83,9705,1997-2005,6775.746985244042
716,pensioner,F,83,post05,Post-2005,6775.746985244042
717,pensioner,M,83,pre97,Pre-1997,3711.858202373407
717,pensioner,M,83,9705,1997-2005,2783.893651780055
717,pensioner,M,83,post05,Post-2005,2783.893651780055
718,pensioner,F,70,pre97,Pre-1997,3672.8888855988553
718,pensioner,F,70,9705,1997-2005,2754.6666641991415
718,pensioner,F,70,post05,Post-2005,2754.6666641991415
719,pensioner,M,69,pre97,Pre-1997,752.2025553749269
719,pensioner,M,69,9705,1997-2005,564.1519165311951
719,pensioner,M,69,post05,Post-2005,564.1519165311951
720,pensioner,F,71,pre97,Pre-1997,3168.4367129013026
720,pensioner,F,71,9705,1997-2005,2376.327534675977
720,pensioner,F,71,post05,Post-2005,2376.327534675977
721,pensioner,F,72,pre97,Pre-1997,4080.9434808395927
721,pensioner,F,72,9705,1997-2005,3060.7076106296945
721,pensioner,F,72,post05,Post-2005,3060.7076106296945
722,pensioner,M,62,pre97,Pre-1997,1330.3994071317527
722,pensioner,M,62,9705,1997-2005,997.7995553488144
722,pensioner,M,62,post05,Post-2005,997.7995553488144
723,pensioner,M,79,pre97,Pre-1997,9599.923829243662
723,pensioner,M,79,9705,1997-2005,7199.942871932747
723,pensioner,M,79,post05,Post-2005,7199.942871932747
724,pensioner,M,75,pre97,Pre-1997,7177.879492075405
724,pensioner,M,75,9705,1997-2005,5383.409619056553
724,pensioner,M,75,post05,Post-2005,5383.409619056553
725,pensioner,M,70,pre97,Pre-1997,2269.192243697294
725,pensioner,M,70,9705,1997-2005,1701.8941827729707
725,pensioner,M,70,post05,Post-2005,1701.8941827729707
726,pensioner,M,61,pre97,Pre-1997,7991.444977986912
726,pensioner,M,61,9705,1997-2005,5993.5837334901835
726,pensioner,M,61,post05,Post-2005,5993.5837334901835
727,pensioner,M,79,pre97,Pre-1997,6594.262996325157
727,pensioner,M,79,9705,1997-2005,4945.6972472438665
727,pensioner,M,79,post05,Post-2005,4945.6972472438665
728,pensioner,F,74,pre97,Pre-1997,16131.358777899648
728,pensioner,F,74,9705,1997-2005,12098.519083424735
728,pensioner,F,74,post05,Post-2005,12098.519083424735
729,pensioner,M,77,pre97,Pre-1997,855.2848634487726
729,pensioner,M,77,9705,1997-2005,641.4636475865794
729,pensioner,M,77,post05,Post-2005,641.4636475865794
730,pensioner,M,86,pre97,Pre-1997,11795.176546202882
730,pensioner,M,86,9705,1997-2005,8846.38240965216
730,pensioner,M,86,post05,Post-2005,8846.38240965216
731,pensioner,F,70,pre97,Pre-1997,642.891861054392
731,pensioner,F,70,9705,1997-2005,482.168895790794
731,pensioner,F,70,post05,Post-2005,482.168895790794
732,pensioner,M,81,pre97,Pre-1997,2247.0947622709496
732,pensioner,M,81,9705,1997-2005,1685.3210717032118
732,pensioner,M,81,post05,Post-2005,1685.3210717032118
733,pensioner,M,73,pre97,Pre-1997,18810.752175122947
733,pensioner,M,73,9705,1997-2005,14108.064131342207
733,pensioner,M,73,post05,Post-2005,14108.064131342207
734,pensioner,M,68,pre97,Pre-1997,1311.6729070899187
734,pensioner,M,68,9705,1997-2005,983.7546803174389
734,pensioner,M,68,post05,Post-2005,983.7546803174389
735,pensioner,F,66,pre97,Pre-1997,1734.1498559394245
735,pensioner,F,66,9705,1997-2005,1300.6123919545682
735,pensioner,F,66,post05,Post-2005,1300.6123919545682
736,pensioner,M,76,pre97,Pre-1997,4120.075771504259
736,pensioner,M,76,9705,1997-2005,3090.0568286281946
736,pensioner,M,76,post05,Post-2005,3090.0568286281946
737,pensioner,M,72,pre97,Pre-1997,4276.554935213491
737,pensioner,M,72,9705,1997-2005,3207.4162014101184
737,pensioner,M,72,post05,Post-2005,3207.4162014101184
738,pensioner,M,69,pre97,Pre-1997,2911.5899473340833
738,pensioner,M,69,9705,1997-2005,2183.6924605005624
738,pensioner,M,69,post05,Post-2005,2183.6924605005624
739,pensioner,M,81,pre97,Pre-1997,2332.4470996129253
739,pensioner,M,81,9705,1997-2005,1749.3353247096936
739,pensioner,M,81,post05,Post-2005,1749.3353247096936
740,pensioner,M,71,pre97,Pre-1997,4844.0673751557815
740,pensioner,M,71,9705,1997-2005,3633.050531366836
740,pensioner,M,71,post05,Post-2005,3633.050531366836
741,pensioner,M,82,pre97,Pre-1997,2277.363767203053
741,pensioner,M,82,9705,1997-2005,1708.0228254022898
741,pensioner,M,82,post05,Post-2005,1708.0228254022898
742,pensioner,M,70,pre97,Pre-1997,9128.325351780662
742,pensioner,M,70,9705,1997-2005,6846.244013835496
742,pensioner,M,70,post05,Post-2005,6846.244013835496
743,pensioner,F,91,pre97,Pre-1997,7974.256158536718
743,pensioner,F,91,9705,1997-2005,5980.692118902538
743,pensioner,F,91,post05,Post-2005,5980.692118902538
744,pensioner,M,77,pre97,Pre-1997,4422.655594842483
744,pensioner,M,77,9705,1997-2005,3316.991696131862
744,pensioner,M,77,post05,Post-2005,3316.991696131862
745,pensioner,F,75,pre97,Pre-1997,9247.975715200584
745,pensioner,F,75,9705,1997-2005,6935.981786400438
745,pensioner,F,75,post05,Post-2005,6935.981786400438
746,pensioner,M,71,pre97,Pre-1997,504.9495178603309
746,pensioner,M,71,9705,1997-2005,378.71213839524813
746,pensioner,M,71,post05,Post-2005,378.71213839524813
747,pensioner,M,67,pre97,Pre-1997,13420.941695981972
747,pensioner,M,67,9705,1997-2005,10065.706271986477
747,pensioner,M,67,post05,Post-2005,10065.706271986477
748,pensioner,M,70,pre97,Pre-1997,5679.182109814483
748,pensioner,M,70,9705,1997-2005,4259.386582360862
748,pensioner,M,70,post05,Post-2005,4259.386582360862
749,pensioner,M,70,pre97,Pre-1997,1747.1433996275741
749,pensioner,M,70,9705,1997-2005,1310.3575497206805
749,pensioner,M,70,post05,Post-2005,1310.3575497206805
750,pensioner,M,71,pre97,Pre-1997,3541.224152694719
750,pensioner,M,71,9705,1997-2005,2655.918114521039
750,pensioner,M,71,post05,Post-2005,2655.918114521039
751,pensioner,F,89,pre97,Pre-1997,3856.1593133306305
751,pensioner,F,89,9705,1997-2005,2892.119484997973
751,pensioner,F,89,post05,Post-2005,2892.119484997973
752,pensioner,F,80,pre97,Pre-1997,9029.725588491956
752,pensioner,F,80,9705,1997-2005,6772.294191368967
752,pensioner,F,80,post05,Post-2005,6772.294191368967
753,pensioner,F,75,pre97,Pre-1997,3463.1257588481367
753,pensioner,F,75,9705,1997-2005,2597.344319136102
753,pensioner,F,75,post05,Post-2005,2597.344319136102
754,pensioner,F,70,pre97,Pre-1997,13961.05292147715
754,pensioner,F,70,9705,1997-2005,10470.789691107862
754,pensioner,F,70,post05,Post-2005,10470.789691107862
755,pensioner,M,85,pre97,Pre-1997,5333.725396853154
755,pensioner,M,85,9705,1997-2005,4000.294047639865
755,pensioner,M,85,post05,Post-2005,4000.294047639865
756,pensioner,F,66,pre97,Pre-1997,3151.2635362687643
756,pensioner,F,66,9705,1997-2005,2363.447652201573
756,pensioner,F,66,post05,Post-2005,2363.447652201573
757,pensioner,M,74,pre97,Pre-1997,2644.3465250514496
757,pensioner,M,74,9705,1997-2005,1983.259893788587
757,pensioner,M,74,post05,Post-2005,1983.259893788587
758,pensioner,F,74,pre97,Pre-1997,471.26324522749474
758,pensioner,F,74,9705,1997-2005,353.44743392062105
758,pensioner,F,74,post05,Post-2005,353.44743392062105
759,pensioner,F,64,pre97,Pre-1997,6559.392487549489
759,pensioner,F,64,9705,1997-2005,4919.5443656621155
759,pensioner,F,64,post05,Post-2005,4919.5443656621155
760,pensioner,M,84,pre97,Pre-1997,4015.4088901335135
760,pensioner,M,84,9705,1997-2005,3011.556667600135
760,pensioner,M,84,post05,Post-2005,3011.556667600135
761,pensioner,F,76,pre97,Pre-1997,1615.4491055893845
761,pensioner,F,76,9705,1997-2005,1211.5868291920383
761,pensioner,F,76,post05,Post-2005,1211.5868291920383
762,pensioner,F,74,pre97,Pre-1997,2860.0924760948187
762,pensioner,F,74,9705,1997-2005,2145.0693570711137
762,pensioner,F,74,post05,Post-2005,2145.0693570711137
763,pensioner,F,77,pre97,Pre-1997,14970.526280145328
763,pensioner,F,77,9705,1997-2005,11227.894710108994
763,pensioner,F,77,post05,Post-2005,11227.894710108994
764,pensioner,M,73,pre97,Pre-1997,1634.749356808215
764,pensioner,M,73,9705,1997-2005,1226.0620176061611
764,pensioner,M,73,post05,Post-2005,1226.0620176061611
765,pensioner,F,69,pre97,Pre-1997,23419.010300419515
765,pensioner,F,69,9705,1997-2005,17564.257725314634
765,pensioner,F,69,post05,Post-2005,17564.257725314634
766,pensioner,M,70,pre97,Pre-1997,4529.117031901601
766,pensioner,M,70,9705,1997-2005,3396.8377739262
766,pensioner,M,70,post05,Post-2005,3396.8377739262
767,pensioner,F,69,pre97,Pre-1997,5560.731997955326
767,pensioner,F,69,9705,1997-2005,4170.548998466494
767,pensioner,F,69,post05,Post-2005,4170.548998466494
768,pensioner,F,72,pre97,Pre-1997,3925.7770783565716
768,pensioner,F,72,9705,1997-2005,2944.3328087674286
768,pensioner,F,72,post05,Post-2005,2944.3328087674286
769,pensioner,M,72,pre97,Pre-1997,3738.076759557164
769,pensioner,M,72,9705,1997-2005,2803.557569667873
769,pensioner,M,72,post05,Post-2005,2803.557569667873
770,pensioner,M,62,pre97,Pre-1997,1245.9392481805517
770,pensioner,M,62,9705,1997-2005,934.4544361354137
770,pensioner,M,62,post05,Post-2005,934.4544361354137
771,pensioner,M,73,pre97,Pre-1997,1164.128855827474
771,pensioner,M,73,9705,1997-2005,873.0966418706054
771,pensioner,M,73,post05,Post-2005,873.0966418706054
772,pensioner,F,82,pre97,Pre-1997,4236.310049350828
772,pensioner,F,82,9705,1997-2005,3177.232537013121
772,pensioner,F,82,post05,Post-2005,3177.232537013121
773,pensioner,M,71,pre97,Pre-1997,11736.669091639811
773,pensioner,M,71,9705,1997-2005,8802.501818729857
773,pensioner,M,71,post05,Post-2005,8802.501818729857
774,pensioner,M,61,pre97,Pre-1997,3353.7903590323463
774,pensioner,M,61,9705,1997-2005,2515.3427692742594
774,pensioner,M,61,post05,Post-2005,2515.3427692742594
775,pensioner,F,71,pre97,Pre-1997,12859.131866518794
775,pensioner,F,71,9705,1997-2005,9644.348899889095
775,pensioner,F,71,post05,Post-2005,9644.348899889095
776,pensioner,M,75,pre97,Pre-1997,3441.8025060324853
776,pensioner,M,75,9705,1997-2005,2581.3518795243635
776,pensioner,M,75,post05,Post-2005,2581.3518795243635
777,pensioner,F,67,pre97,Pre-1997,4892.549527095488
777,pensioner,F,67,9705,1997-2005,3669.4121453216153
777,pensioner,F,67,post05,Post-2005,3669.4121453216153
778,pensioner,M,70,pre97,Pre-1997,1364.4782171771235
778,pensioner,M,70,9705,1997-2005,1023.3586628828425
778,pensioner,M,70,post05,Post-2005,1023.3586628828425
779,pensioner,F,66,pre97,Pre-1997,2567.331985318035
779,pensioner,F,66,9705,1997-2005,1925.4989889885262
779,pensioner,F,66,post05,Post-2005,1925.4989889885262
780,pensioner,F,81,pre97,Pre-1997,3717.3828133245297
780,pensioner,F,81,9705,1997-2005,2788.0371099933973
780,pensioner,F,81,post05,Post-2005,2788.0371099933973
781,pensioner,M,70,pre97,Pre-1997,17886.709993158624
781,pensioner,M,70,9705,1997-2005,13415.032494868965
781,pensioner,M,70,post05,Post-2005,13415.032494868965
782,pensioner,M,76,pre97,Pre-1997,631.8855228127286
782,pensioner,M,76,9705,1997-2005,473.91414210954645
782,pensioner,M,76,post05,Post-2005,473.91414210954645
783,pensioner,M,75,pre97,Pre-1997,5650.659644528727
783,pensioner,M,75,9705,1997-2005,4237.994733396545
783,pensioner,M,75,post05,Post-2005,4237.994733396545
784,pensioner,M,70,pre97,Pre-1997,6248.950806025531
784,pensioner,M,70,9705,1997-2005,4686.713104519148
784,pensioner,M,70,post05,Post-2005,4686.713104519148
785,pensioner,M,71,pre97,Pre-1997,4452.158974417709
785,pensioner,M,71,9705,1997-2005,3339.1192308132813
785,pensioner,M,71,post05,Post-2005,3339.1192308132813
786,pensioner,M,74,pre97,Pre-1997,743.8839782544624
786,pensioner,M,74,9705,1997-2005,557.9129836908468
786,pensioner,M,74,post05,Post-2005,557.9129836908468
787,pensioner,F,89,pre97,Pre-1997,2541.286883542236
787,pensioner,F,89,9705,1997-2005,1905.965162656677
787,pensioner,F,89,post05,Post-2005,1905.965162656677
788,pensioner,M,66,pre97,Pre-1997,2362.263854277745
788,pensioner,M,66,9705,1997-2005,1771.6978907083085
788,pensioner,M,66,post05,Post-2005,1771.6978907083085
789,pensioner,M,73,pre97,Pre-1997,5140.053080396445
789,pensioner,M,73,9705,1997-2005,3855.039810297333
789,pensioner,M,73,post05,Post-2005,3855.039810297333
790,pensioner,M,81,pre97,Pre-1997,2725.8931823497696
790,pensioner,M,81,9705,1997-2005,2044.4198867623268
790,pensioner,M,81,post05,Post-2005,2044.4198867623268
791,pensioner,M,60,pre97,Pre-1997,2074.1617319682236
791,pensioner,M,60,9705,1997-2005,1555.6212989761675
791,pensioner,M,60,post05,Post-2005,1555.6212989761675
792,pensioner,F,88,pre97,Pre-1997,16079.797406636164
792,pensioner,F,88,9705,1997-2005,12059.848054977123
792,pensioner,F,88,post05,Post-2005,12059.848054977123
793,pensioner,M,64,pre97,Pre-1997,12224.772718388074
793,pensioner,M,64,9705,1997-2005,9168.579538791055
793,pensioner,M,64,post05,Post-2005,9168.579538791055
794,pensioner,M,75,pre97,Pre-1997,3316.3820520491413
794,pensioner,M,75,9705,1997-2005,2487.2865390368556
794,pensioner,M,75,post05,Post-2005,2487.2865390368556
795,pensioner,M,85,pre97,Pre-1997,1660.7186279667549
795,pensioner,M,85,9705,1997-2005,1245.5389709750661
795,pensioner,M,85,post05,Post-2005,1245.5389709750661
796,pensioner,F,83,pre97,Pre-1997,1528.097606903754
796,pensioner,F,83,9705,1997-2005,1146.0732051778155
796,pensioner,F,83,post05,Post-2005,1146.0732051778155
797,pensioner,F,73,pre97,Pre-1997,6124.391050238456
797,pensioner,F,73,9705,1997-2005,4593.293287678842
797,pensioner,F,73,post05,Post-2005,4593.293287678842
798,pensioner,F,73,pre97,Pre-1997,9485.193159262597
798,pensioner,F,73,9705,1997-2005,7113.894869446948
798,pensioner,F,73,post05,Post-2005,7113.894869446948
799,pensioner,F,77,pre97,Pre-1997,987.6505959496677
799,pensioner,F,77,9705,1997-2005,740.7379469622507
799,pensioner,F,77,post05,Post-2005,740.7379469622507
800,pensioner,M,75,pre97,Pre-1997,3494.2735257822296
800,pensioner,M,75,9705,1997-2005,2620.7051443366718
800,pensioner,M,75,post05,Post-2005,2620.7051443366718
801,pensioner,M,67,pre97,Pre-1997,6965.640111532351
801,pensioner,M,67,9705,1997-2005,5224.230083649262
801,pensioner,M,67,post05,Post-2005,5224.230083649262
802,pensioner,M,78,pre97,Pre-1997,1069.3145572794663
802,pensioner,M,78,9705,1997-2005,801.9859179595995
802,pensioner,M,78,post05,Post-2005,801.9859179595995
803,pensioner,F,65,pre97,Pre-1997,1919.6146348953844
803,pensioner,F,65,9705,1997-2005,1439.7109761715383
803,pensioner,F,65,post05,Post-2005,1439.7109761715383
804,pensioner,M,76,pre97,Pre-1997,8605.265406330562
804,pensioner,M,76,9705,1997-2005,6453.949054747921
804,pensioner,M,76,post05,Post-2005,6453.949054747921
805,pensioner,M,70,pre97,Pre-1997,18057.383232377215
805,pensioner,M,70,9705,1997-2005,13543.03742428291
805,pensioner,M,70,post05,Post-2005,13543.03742428291
806,pensioner,F,85,pre97,Pre-1997,1711.4620521182246
806,pensioner,F,85,9705,1997-2005,1283.5965390886684
806,pensioner,F,85,post05,Post-2005,1283.5965390886684
807,pensioner,M,74,pre97,Pre-1997,4442.148716379217
807,pensioner,M,74,9705,1997-2005,3331.6115372844124
807,pensioner,M,74,post05,Post-2005,3331.6115372844124
808,pensioner,M,79,pre97,Pre-1997,7124.894307527658
808,pensioner,M,79,9705,1997-2005,5343.670730645743
808,pensioner,M,79,post05,Post-2005,5343.670730645743
809,pensioner,M,61,pre97,Pre-1997,6436.795030773037
809,pensioner,M,61,9705,1997-2005,4827.596273079777
809,pensioner,M,61,post05,Post-2005,4827.596273079777
810,pensioner,M,82,pre97,Pre-1997,3230.426123003949
810,pensioner,M,82,9705,1997-2005,2422.8195922529617
810,pensioner,M,82,post05,Post-2005,2422.8195922529617
811,pensioner,F,89,pre97,Pre-1997,3998.977948040226
811,pensioner,F,89,9705,1997-2005,2999.233461030169
811,pensioner,F,89,post05,Post-2005,2999.233461030169
812,pensioner,M,70,pre97,Pre-1997,1621.6006936408155
812,pensioner,M,70,9705,1997-2005,1216.2005202306116
812,pensioner,M,70,post05,Post-2005,1216.2005202306116
813,pensioner,M,72,pre97,Pre-1997,3570.5329773811677
813,pensioner,M,72,9705,1997-2005,2677.8997330358757
813,pensioner,M,72,post05,Post-2005,2677.8997330358757
814,pensioner,M,75,pre97,Pre-1997,9174.364775733146
814,pensioner,M,75,9705,1997-2005,6880.773581799858
814,pensioner,M,75,post05,Post-2005,6880.773581799858
815,pensioner,M,62,pre97,Pre-1997,18945.138127962007
815,pensioner,M,62,9705,1997-2005,14208.853595971506
815,pensioner,M,62,post05,Post-2005,14208.853595971506
816,pensioner,F,74,pre97,Pre-1997,9839.734349357454
816,pensioner,F,74,9705,1997-2005,7379.80076201809
816,pensioner,F,74,post05,Post-2005,7379.80076201809
817,pensioner,M,86,pre97,Pre-1997,895.357756095078
817,pensioner,M,86,9705,1997-2005,671.5183170713085
817,pensioner,M,86,post05,Post-2005,671.5183170713085
818,pensioner,F,70,pre97,Pre-1997,2220.0925956942533
818,pensioner,F,70,9705,1997-2005,1665.06944677069
818,pensioner,F,70,post05,Post-2005,1665.06944677069
819,pensioner,M,67,pre97,Pre-1997,1031.499674796279
819,pensioner,M,67,9705,1997-2005,773.6247560972091
819,pensioner,M,67,post05,Post-2005,773.6247560972091
820,pensioner,M,74,pre97,Pre-1997,1485.2351146278652
820,pensioner,M,74,9705,1997-2005,1113.9263359708987
820,pensioner,M,74,post05,Post-2005,1113.9263359708987
821,pensioner,F,82,pre97,Pre-1997,6093.904878400215
821,pensioner,F,82,9705,1997-2005,4570.428658800161
821,pensioner,F,82,post05,Post-2005,4570.428658800161
822,pensioner,M,66,pre97,Pre-1997,2021.5973961953705
822,pensioner,M,66,9705,1997-2005,1516.1980471465276
822,pensioner,M,66,post05,Post-2005,1516.1980471465276
823,pensioner,F,72,pre97,Pre-1997,1918.9194428461183
823,pensioner,F,72,9705,1997-2005,1439.1895821345886
823,pensioner,F,72,post05,Post-2005,1439.1895821345886
824,pensioner,M,67,pre97,Pre-1997,11824.006635186492
824,pensioner,M,67,9705,1997-2005,8868.004976389868
824,pensioner,M,67,post05,Post-2005,8868.004976389868
825,pensioner,F,74,pre97,Pre-1997,2061.6629794849327
825,pensioner,F,74,9705,1997-2005,1546.2472346136994
825,pensioner,F,74,post05,Post-2005,1546.2472346136994
826,pensioner,M,75,pre97,Pre-1997,1733.0622647444525
826,pensioner,M,75,9705,1997-2005,1299.7966985583394
826,pensioner,M,75,post05,Post-2005,1299.7966985583394
827,pensioner,M,71,pre97,Pre-1997,1365.5411520497119
827,pensioner,M,71,9705,1997-2005,1024.155864037284
827,pensioner,M,71,post05,Post-2005,1024.155864037284
828,pensioner,M,70,pre97,Pre-1997,8650.577942386253
828,pensioner,M,70,9705,1997-2005,6487.93345678969
828,pensioner,M,70,post05,Post-2005,6487.93345678969
829,pensioner,M,72,pre97,Pre-1997,1018.2860862114809
829,pensioner,M,72,9705,1997-2005,763.7145646586106
829,pensioner,M,72,post05,Post-2005,763.7145646586106
830,pensioner,M,70,pre97,Pre-1997,3017.0716123540274
830,pensioner,M,70,9705,1997-2005,2262.8037092655204
830,pensioner,M,70,post05,Post-2005,2262.8037092655204
831,pensioner,F,69,pre97,Pre-1997,1405.8614423353022
831,pensioner,F,69,9705,1997-2005,1054.3960817514765
831,pensioner,F,69,post05,Post-2005,1054.3960817514765
832,pensioner,M,79,pre97,Pre-1997,3122.9399740934673
832,pensioner,M,79,9705,1997-2005,2342.2049805701004
832,pensioner,M,79,post05,Post-2005,2342.2049805701004
833,pensioner,F,75,pre97,Pre-1997,2203.90818399638
833,pensioner,F,75,9705,1997-2005,1652.931137997285
833,pensioner,F,75,post05,Post-2005,1652.931137997285
834,pensioner,M,81,pre97,Pre-1997,2479.62344493156
834,pensioner,M,81,9705,1997-2005,1859.7175836986698
834,pensioner,M,81,post05,Post-2005,1859.7175836986698
835,pensioner,M,86,pre97,Pre-1997,3886.619729258041
835,pensioner,M,86,9705,1997-2005,2914.9647969435305
835,pensioner,M,86,post05,Post-2005,2914.9647969435305
836,pensioner,M,62,pre97,Pre-1997,4698.585596894495
836,pensioner,M,62,9705,1997-2005,3523.9391976708707
836,pensioner,M,62,post05,Post-2005,3523.9391976708707
837,pensioner,F,84,pre97,Pre-1997,2226.045134248972
837,pensioner,F,84,9705,1997-2005,1669.5338506867286
837,pensioner,F,84,post05,Post-2005,1669.5338506867286
838,pensioner,M,68,pre97,Pre-1997,5150.037721048155
838,pensioner,M,68,9705,1997-2005,3862.5282907861156
838,pensioner,M,68,post05,Post-2005,3862.5282907861156
839,pensioner,M,82,pre97,Pre-1997,3424.951531192055
839,pensioner,M,82,9705,1997-2005,2568.7136483940412
839,pensioner,M,82,post05,Post-2005,2568.7136483940412
840,pensioner,M,88,pre97,Pre-1997,3820.549759064933
840,pensioner,M,88,9705,1997-2005,2865.4123192986995
840,pensioner,M,88,post05,Post-2005,2865.4123192986995
841,pensioner,M,65,pre97,Pre-1997,4772.630290600474
841,pensioner,M,65,9705,1997-2005,3579.4727179503548
841,pensioner,M,65,post05,Post-2005,3579.4727179503548
842,pensioner,F,72,pre97,Pre-1997,3127.0907062413885
842,pensioner,F,72,9705,1997-2005,2345.318029681041
842,pensioner,F,72,post05,Post-2005,2345.318029681041
843,pensioner,F,88,pre97,Pre-1997,1216.7318328603374
843,pensioner,F,88,9705,1997-2005,912.5488746452529
843,pensioner,F,88,post05,Post-2005,912.5488746452529
844,pensioner,F,71,pre97,Pre-1997,4557.03307290525
844,pensioner,F,71,9705,1997-2005,3417.774804678937
844,pensioner,F,71,post05,Post-2005,3417.774804678937
845,pensioner,M,74,pre97,Pre-1997,1611.4527625270107
845,pensioner,M,74,9705,1997-2005,1208.589571895258
845,pensioner,M,74,post05,Post-2005,1208.589571895258
846,pensioner,M,82,pre97,Pre-1997,1224.844726985623
846,pensioner,M,82,9705,1997-2005,918.6335452392174
846,pensioner,M,82,post05,Post-2005,918.6335452392174
847,pensioner,F,81,pre97,Pre-1997,7000.498856726466
847,pensioner,F,81,9705,1997-2005,5250.37414254485
847,pensioner,F,81,post05,Post-2005,5250.37414254485
848,pensioner,M,66,pre97,Pre-1997,2850.113643819626
848,pensioner,M,66,9705,1997-2005,2137.5852328647193
848,pensioner,M,66,post05,Post-2005,2137.5852328647193
849,pensioner,F,82,pre97,Pre-1997,4689.5632453998505
849,pensioner,F,82,9705,1997-2005,3517.172434049887
849,pensioner,F,82,post05,Post-2005,3517.172434049887
850,pensioner,M,76,pre97,Pre-1997,4995.838350542973
850,pensioner,M,76,9705,1997-2005,3746.878762907229
850,pensioner,M,76,post05,Post-2005,3746.878762907229
851,pensioner,M,64,pre97,Pre-1997,6718.290069385103
851,pensioner,M,64,9705,1997-2005,5038.717552038827
851,pensioner,M,64,post05,Post-2005,5038.717552038827
852,pensioner,M,82,pre97,Pre-1997,10427.294634068941
852,pensioner,M,82,9705,1997-2005,7820.470975551705
852,pensioner,M,82,post05,Post-2005,7820.470975551705
853,pensioner,M,81,pre97,Pre-1997,2915.9243136747027
853,pensioner,M,81,9705,1997-2005,2186.9432352560266
853,pensioner,M,81,post05,Post-2005,2186.9432352560266
854,pensioner,M,73,pre97,Pre-1997,976.9883128448879
854,pensioner,M,73,9705,1997-2005,732.7412346336658
854,pensioner,M,73,post05,Post-2005,732.7412346336658
855,pensioner,F,70,pre97,Pre-1997,3888.077166928246
855,pensioner,F,70,9705,1997-2005,2916.057875196184
855,pensioner,F,70,post05,Post-2005,2916.057875196184
856,pensioner,F,77,pre97,Pre-1997,3146.438033303331
856,pensioner,F,77,9705,1997-2005,2359.828524977498
856,pensioner,F,77,post05,Post-2005,2359.828524977498
857,pensioner,F,79,pre97,Pre-1997,7689.905304823994
857,pensioner,F,79,9705,1997-2005,5767.428978617995
857,pensioner,F,79,post05,Post-2005,5767.428978617995
858,pensioner,M,78,pre97,Pre-1997,12827.725649104299
858,pensioner,M,78,9705,1997-2005,9620.794236828224
858,pensioner,M,78,post05,Post-2005,9620.794236828224
859,pensioner,F,76,pre97,Pre-1997,6560.265023788999
859,pensioner,F,76,9705,1997-2005,4920.198767841749
859,pensioner,F,76,post05,Post-2005,4920.198767841749
860,pensioner,M,71,pre97,Pre-1997,6766.129072028306
860,pensioner,M,71,9705,1997-2005,5074.596804021229
860,pensioner,M,71,post05,Post-2005,5074.596804021229
861,pensioner,M,84,pre97,Pre-1997,10672.43050490431
861,pensioner,M,84,9705,1997-2005,8004.322878678233
861,pensioner,M,84,post05,Post-2005,8004.322878678233
862,pensioner,F,75,pre97,Pre-1997,3703.0950931678353
862,pensioner,F,75,9705,1997-2005,2777.3213198758763
862,pensioner,F,75,post05,Post-2005,2777.3213198758763
863,pensioner,F,71,pre97,Pre-1997,2233.7425569076113
863,pensioner,F,71,9705,1997-2005,1675.3069176807085
863,pensioner,F,71,post05,Post-2005,1675.3069176807085
864,pensioner,M,76,pre97,Pre-1997,5373.327087916667
864,pensioner,M,76,9705,1997-2005,4029.9953159375
864,pensioner,M,76,post05,Post-2005,4029.9953159375
865,pensioner,F,76,pre97,Pre-1997,6315.292948793302
865,pensioner,F,76,9705,1997-2005,4736.469711594976
865,pensioner,F,76,post05,Post-2005,4736.469711594976
866,pensioner,F,65,pre97,Pre-1997,610.3907845373417
866,pensioner,F,65,9705,1997-2005,457.7930884030062
866,pensioner,F,65,post05,Post-2005,457.7930884030062
867,pensioner,F,77,pre97,Pre-1997,3161.013284704744
867,pensioner,F,77,9705,1997-2005,2370.759963528558
867,pensioner,F,77,post05,Post-2005,2370.759963528558
868,pensioner,M,66,pre97,Pre-1997,4176.090095622378
868,pensioner,M,66,9705,1997-2005,3132.0675717167833
868,pensioner,M,66,post05,Post-2005,3132.0675717167833
869,pensioner,M,67,pre97,Pre-1997,12477.230061224478
869,pensioner,M,67,9705,1997-2005,9357.922545918358
869,pensioner,M,67,post05,Post-2005,9357.922545918358
870,pensioner,F,77,pre97,Pre-1997,10964.524818062922
870,pensioner,F,77,9705,1997-2005,8223.39361354719
870,pensioner,F,77,post05,Post-2005,8223.39361354719
871,pensioner,F,67,pre97,Pre-1997,1790.6396519150003
871,pensioner,F,67,9705,1997-2005,1342.9797389362502
871,pensioner,F,67,post05,Post-2005,1342.9797389362502
872,pensioner,M,77,pre97,Pre-1997,2605.1994915340006
872,pensioner,M,77,9705,1997-2005,1953.8996186505003
872,pensioner,M,77,post05,Post-2005,1953.8996186505003
873,pensioner,M,84,pre97,Pre-1997,10452.162613023427
873,pensioner,M,84,9705,1997-2005,7839.121959767569
873,pensioner,M,84,post05,Post-2005,7839.121959767569
874,pensioner,M,81,pre97,Pre-1997,4052.734626841697
874,pensioner,M,81,9705,1997-2005,3039.550970131272
874,pensioner,M,81,post05,Post-2005,3039.550970131272
875,pensioner,F,65,pre97,Pre-1997,3439.217504086836
875,pensioner,F,65,9705,1997-2005,2579.413128065127
875,pensioner,F,65,post05,Post-2005,2579.413128065127
876,pensioner,M,63,pre97,Pre-1997,2665.0922445651245
876,pensioner,M,63,9705,1997-2005,1998.819183423843
876,pensioner,M,63,post05,Post-2005,1998.819183423843
877,pensioner,M,78,pre97,Pre-1997,8982.371267810871
877,pensioner,M,78,9705,1997-2005,6736.7784508581535
877,pensioner,M,78,post05,Post-2005,6736.7784508581535
878,pensioner,M,67,pre97,Pre-1997,5412.666524187855
878,pensioner,M,67,9705,1997-2005,4059.4998931408913
878,pensioner,M,67,post05,Post-2005,4059.4998931408913
879,pensioner,M,71,pre97,Pre-1997,5710.558214832091
879,pensioner,M,71,9705,1997-2005,4282.9186611240675
879,pensioner,M,71,post05,Post-2005,4282.9186611240675
880,pensioner,M,69,pre97,Pre-1997,2600.876395773823
880,pensioner,M,69,9705,1997-2005,1950.6572968303667
880,pensioner,M,69,post05,Post-2005,1950.6572968303667
881,pensioner,M,77,pre97,Pre-1997,12487.09490071897
881,pensioner,M,77,9705,1997-2005,9365.321175539226
881,pensioner,M,77,post05,Post-2005,9365.321175539226
882,pensioner,M,74,pre97,Pre-1997,829.5256561920793
882,pensioner,M,74,9705,1997-2005,622.1442421440594
882,pensioner,M,74,post05,Post-2005,622.1442421440594
883,pensioner,F,79,pre97,Pre-1997,2840.839074340934
883,pensioner,F,79,9705,1997-2005,2130.6293057557004
883,pensioner,F,79,post05,Post-2005,2130.6293057557004
884,pensioner,M,85,pre97,Pre-1997,2583.6806970936227
884,pensioner,M,85,9705,1997-2005,1937.7605228202167
884,pensioner,M,85,post05,Post-2005,1937.7605228202167
885,pensioner,M,70,pre97,Pre-1997,2171.0287939413834
885,pensioner,M,70,9705,1997-2005,1628.2715954560374
885,pensioner,M,70,post05,Post-2005,1628.2715954560374
886,pensioner,M,76,pre97,Pre-1997,2754.1739766566193
886,pensioner,M,76,9705,1997-2005,2065.630482492464
886,pensioner,M,76,post05,Post-2005,2065.630482492464
887,pensioner,M,85,pre97,Pre-1997,1960.792424936986
887,pensioner,M,85,9705,1997-2005,1470.5943187027394
887,pensioner,M,85,post05,Post-2005,1470.5943187027394
888,pensioner,M,83,pre97,Pre-1997,1360.5129177146769
888,pensioner,M,83,9705,1997-2005,1020.3846882860075
888,pensioner,M,83,post05,Post-2005,1020.3846882860075
889,pensioner,M,65,pre97,Pre-1997,3724.614234112436
889,pensioner,M,65,9705,1997-2005,2793.460675584327
889,pensioner,M,65,post05,Post-2005,2793.460675584327
890,pensioner,M,76,pre97,Pre-1997,1114.7316941809227
890,pensioner,M,76,9705,1997-2005,836.0487706356919
890,pensioner,M,76,post05,Post-2005,836.0487706356919
891,pensioner,M,60,pre97,Pre-1997,2876.4159950402645
891,pensioner,M,60,9705,1997-2005,2157.3119962801984
891,pensioner,M,60,post05,Post-2005,2157.3119962801984
892,pensioner,F,68,pre97,Pre-1997,2020.8931115112014
892,pensioner,F,68,9705,1997-2005,1515.669833633401
892,pensioner,F,68,post05,Post-2005,1515.669833633401
893,pensioner,M,76,pre97,Pre-1997,2107.16208673117
893,pensioner,M,76,9705,1997-2005,1580.371565048377
893,pensioner,M,76,post05,Post-2005,1580.371565048377
894,pensioner,F,67,pre97,Pre-1997,5310.083948544201
894,pensioner,F,67,9705,1997-2005,3982.56296140815
894,pensioner,F,67,post05,Post-2005,3982.56296140815
895,pensioner,M,79,pre97,Pre-1997,3688.8573558020757
895,pensioner,M,79,9705,1997-2005,2766.6430168515567
895,pensioner,M,79,post05,Post-2005,2766.6430168515567
896,pensioner,M,81,pre97,Pre-1997,2779.3939128264906
896,pensioner,M,81,9705,1997-2005,2084.5454346198676
896,pensioner,M,81,post05,Post-2005,2084.5454346198676
897,pensioner,M,62,pre97,Pre-1997,11503.109573047666
897,pensioner,M,62,9705,1997-2005,8627.33217978575
897,pensioner,M,62,post05,Post-2005,8627.33217978575
898,pensioner,M,83,pre97,Pre-1997,2862.5998533786224
898,pensioner,M,83,9705,1997-2005,2146.9498900339663
898,pensioner,M,83,post05,Post-2005,2146.9498900339663
899,pensioner,F,67,pre97,Pre-1997,7485.288196488443
899,pensioner,F,67,9705,1997-2005,5613.966147366332
899,pensioner,F,67,post05,Post-2005,5613.966147366332
900,pensioner,M,69,pre97,Pre-1997,12943.573613124474
900,pensioner,M,69,9705,1997-2005,9707.680209843355
900,pensioner,M,69,post05,Post-2005,9707.680209843355
901,pensioner,F,70,pre97,Pre-1997,5956.198800152386
901,pensioner,F,70,9705,1997-2005,4467.1491001142895
901,pensioner,F,70,post05,Post-2005,4467.1491001142895
902,pensioner,M,75,pre97,Pre-1997,4833.69476739751
902,pensioner,M,75,9705,1997-2005,3625.271075548132
902,pensioner,M,75,post05,Post-2005,3625.271075548132
903,pensioner,F,71,pre97,Pre-1997,11333.38681065161
903,pensioner,F,71,9705,1997-2005,8500.040107988707
903,pensioner,F,71,post05,Post-2005,8500.040107988707
904,pensioner,M,76,pre97,Pre-1997,10471.098496557934
904,pensioner,M,76,9705,1997-2005,7853.32387241845
904,pensioner,M,76,post05,Post-2005,7853.32387241845
905,pensioner,M,68,pre97,Pre-1997,1839.2040958346388
905,pensioner,M,68,9705,1997-2005,1379.403071875979
905,pensioner,M,68,post05,Post-2005,1379.403071875979
906,pensioner,F,66,pre97,Pre-1997,1026.1397642831787
906,pensioner,F,66,9705,1997-2005,769.6048232123838
906,pensioner,F,66,post05,Post-2005,769.6048232123838
907,pensioner,F,78,pre97,Pre-1997,4176.724087318794
907,pensioner,F,78,9705,1997-2005,3132.5430654890956
907,pensioner,F,78,post05,Post-2005,3132.5430654890956
908,pensioner,M,87,pre97,Pre-1997,2143.2544246835278
908,pensioner,M,87,9705,1997-2005,1607.4408185126458
908,pensioner,M,87,post05,Post-2005,1607.4408185126458
909,pensioner,M,86,pre97,Pre-1997,6418.533546819009
909,pensioner,M,86,9705,1997-2005,4813.900160114256
909,pensioner,M,86,post05,Post-2005,4813.900160114256
910,pensioner,M,61,pre97,Pre-1997,7882.608328171175
910,pensioner,M,61,9705,1997-2005,5911.956246128381
910,pensioner,M,61,post05,Post-2005,5911.956246128381
911,pensioner,M,81,pre97,Pre-1997,1612.634032150343
911,pensioner,M,81,9705,1997-2005,1209.475524112757
911,pensioner,M,81,post05,Post-2005,1209.475524112757
912,pensioner,M,74,pre97,Pre-1997,4237.962474758294
912,pensioner,M,74,9705,1997-2005,3178.47185606872
912,pensioner,M,74,post05,Post-2005,3178.47185606872
913,pensioner,F,73,pre97,Pre-1997,5880.784855285672
913,pensioner,F,73,9705,1997-2005,4410.588641464254
913,pensioner,F,73,post05,Post-2005,4410.588641464254
914,pensioner,M,63,pre97,Pre-1997,3243.7782848631714
914,pensioner,M,63,9705,1997-2005,2432.8337136473783
914,pensioner,M,63,post05,Post-2005,2432.8337136473783
915,pensioner,M,84,pre97,Pre-1997,9759.13403767671
915,pensioner,M,84,9705,1997-2005,7319.3505282575325
915,pensioner,M,84,post05,Post-2005,7319.3505282575325
916,pensioner,F,83,pre97,Pre-1997,21738.986494859648
916,pensioner,F,83,9705,1997-2005,16304.239871144733
916,pensioner,F,83,post05,Post-2005,16304.239871144733
917,pensioner,M,83,pre97,Pre-1997,1263.0875684123585
917,pensioner,M,83,9705,1997-2005,947.3156763092686
917,pensioner,M,83,post05,Post-2005,947.3156763092686
918,pensioner,M,79,pre97,Pre-1997,1350.8443272396335
918,pensioner,M,79,9705,1997-2005,1013.1332454297249
918,pensioner,M,79,post05,Post-2005,1013.1332454297249
919,pensioner,M,73,pre97,Pre-1997,1082.020571185784
919,pensioner,M,73,9705,1997-2005,811.5154283893379
919,pensioner,M,73,post05,Post-2005,811.5154283893379
920,pensioner,M,74,pre97,Pre-1997,2586.221371660719
920,pensioner,M,74,9705,1997-2005,1939.666028745539
920,pensioner,M,74,post05,Post-2005,1939.666028745539
921,pensioner,M,70,pre97,Pre-1997,6564.731301754181
921,pensioner,M,70,9705,1997-2005,4923.5484763156355
921,pensioner,M,70,post05,Post-2005,4923.5484763156355
922,pensioner,F,66,pre97,Pre-1997,1029.2245208200034
922,pensioner,F,66,9705,1997-2005,771.9183906150024
922,pensioner,F,66,post05,Post-2005,771.9183906150024
923,pensioner,M,75,pre97,Pre-1997,4602.662147723194
923,pensioner,M,75,9705,1997-2005,3451.996610792395
923,pensioner,M,75,post05,Post-2005,3451.996610792395
924,pensioner,M,76,pre97,Pre-1997,3213.082265474818
924,pensioner,M,76,9705,1997-2005,2409.8116991061133
924,pensioner,M,76,post05,Post-2005,2409.8116991061133
925,pensioner,M,76,pre97,Pre-1997,3692.487222737801
925,pensioner,M,76,9705,1997-2005,2769.3654170533505
925,pensioner,M,76,post05,Post-2005,2769.3654170533505
926,pensioner,M,73,pre97,Pre-1997,13761.205662600667
926,pensioner,M,73,9705,1997-2005,10320.9042469505
926,pensioner,M,73,post05,Post-2005,10320.9042469505
927,pensioner,M,84,pre97,Pre-1997,7376.084682636767
927,pensioner,M,84,9705,1997-2005,5532.063511977574
927,pensioner,M,84,post05,Post-2005,5532.063511977574
928,pensioner,M,79,pre97,Pre-1997,9696.875451104737
928,pensioner,M,79,9705,1997-2005,7272.656588328553
928,pensioner,M,79,post05,Post-2005,7272.656588328553
929,pensioner,M,83,pre97,Pre-1997,1886.018435620593
929,pensioner,M,83,9705,1997-2005,1414.5138267154446
929,pensioner,M,83,post05,Post-2005,1414.5138267154446
930,pensioner,M,62,pre97,Pre-1997,1924.4012409755328
930,pensioner,M,62,9705,1997-2005,1443.3009307316495
930,pensioner,M,62,post05,Post-2005,1443.3009307316495
931,pensioner,F,80,pre97,Pre-1997,6075.941989185812
931,pensioner,F,80,9705,1997-2005,4556.956491889359
931,pensioner,F,80,post05,Post-2005,4556.956491889359
932,pensioner,M,73,pre97,Pre-1997,3427.9818054469783
932,pensioner,M,73,9705,1997-2005,2570.9863540852334
932,pensioner,M,73,post05,Post-2005,2570.9863540852334
933,pensioner,M,89,pre97,Pre-1997,3510.0848340976772
933,pensioner,M,89,9705,1997-2005,2632.563625573258
933,pensioner,M,89,post05,Post-2005,2632.563625573258
934,pensioner,M,79,pre97,Pre-1997,13392.128752460756
934,pensioner,M,79,9705,1997-2005,10044.096564345566
934,pensioner,M,79,post05,Post-2005,10044.096564345566
935,pensioner,M,69,pre97,Pre-1997,1054.0515191944598
935,pensioner,M,69,9705,1997-2005,790.5386393958448
935,pensioner,M,69,post05,Post-2005,790.5386393958448
936,pensioner,F,77,pre97,Pre-1997,6643.8696994183765
936,pensioner,F,77,9705,1997-2005,4982.902274563782
936,pensioner,F,77,post05,Post-2005,4982.902274563782
937,pensioner,M,66,pre97,Pre-1997,3881.879075214675
937,pensioner,M,66,9705,1997-2005,2911.409306411006
937,pensioner,M,66,post05,Post-2005,2911.409306411006
938,pensioner,M,67,pre97,Pre-1997,3989.9737970972974
938,pensioner,M,67,9705,1997-2005,2992.480347822973
938,pensioner,M,67,post05,Post-2005,2992.480347822973
939,pensioner,M,70,pre97,Pre-1997,2930.672514909448
939,pensioner,M,70,9705,1997-2005,2198.004386182086
939,pensioner,M,70,post05,Post-2005,2198.004386182086
940,pensioner,M,78,pre97,Pre-1997,2273.864461737552
940,pensioner,M,78,9705,1997-2005,1705.398346303164
940,pensioner,M,78,post05,Post-2005,1705.398346303164
941,pensioner,M,75,pre97,Pre-1997,5383.882552443062
941,pensioner,M,75,9705,1997-2005,4037.9119143322964
941,pensioner,M,75,post05,Post-2005,4037.9119143322964
942,pensioner,M,78,pre97,Pre-1997,1045.0438801109683
942,pensioner,M,78,9705,1997-2005,783.7829100832263
942,pensioner,M,78,post05,Post-2005,783.7829100832263
943,pensioner,F,75,pre97,Pre-1997,3470.053500938059
943,pensioner,F,75,9705,1997-2005,2602.540125703544
943,pensioner,F,75,post05,Post-2005,2602.540125703544
944,pensioner,M,80,pre97,Pre-1997,22658.59370602861
944,pensioner,M,80,9705,1997-2005,16993.945279521453
944,pensioner,M,80,post05,Post-2005,16993.945279521453
945,pensioner,M,82,pre97,Pre-1997,60598.784845305294
945,pensioner,M,82,9705,1997-2005,45449.088633978965
945,pensioner,M,82,post05,Post-2005,45449.088633978965
946,pensioner,M,79,pre97,Pre-1997,4866.638853818637
946,pensioner,M,79,9705,1997-2005,3649.9791403639774
946,pensioner,M,79,post05,Post-2005,3649.9791403639774
947,pensioner,M,76,pre97,Pre-1997,4249.800533160093
947,pensioner,M,76,9705,1997-2005,3187.3503998700694
947,pensioner,M,76,post05,Post-2005,3187.3503998700694
948,pensioner,M,75,pre97,Pre-1997,1242.6200936401526
948,pensioner,M,75,9705,1997-2005,931.9650702301143
948,pensioner,M,75,post05,Post-2005,931.9650702301143
949,pensioner,F,71,pre97,Pre-1997,6042.405175109544
949,pensioner,F,71,9705,1997-2005,4531.803881332157
949,pensioner,F,71,post05,Post-2005,4531.803881332157
950,pensioner,F,76,pre97,Pre-1997,8553.388933572118
950,pensioner,F,76,9705,1997-2005,6415.041700179088
950,pensioner,F,76,post05,Post-2005,6415.041700179088
951,pensioner,F,81,pre97,Pre-1997,12108.687611505966
951,pensioner,F,81,9705,1997-2005,9081.515708629473
951,pensioner,F,81,post05,Post-2005,9081.515708629473
952,pensioner,M,71,pre97,Pre-1997,4456.08310181945
952,pensioner,M,71,9705,1997-2005,3342.062326364587
952,pensioner,M,71,post05,Post-2005,3342.062326364587
953,pensioner,M,62,pre97,Pre-1997,6011.220142017987
953,pensioner,M,62,9705,1997-2005,4508.41510651349
953,pensioner,M,62,post05,Post-2005,4508.41510651349
954,pensioner,F,70,pre97,Pre-1997,839.1676786332412
954,pensioner,F,70,9705,1997-2005,629.3757589749308
954,pensioner,F,70,post05,Post-2005,629.3757589749308
955,pensioner,M,81,pre97,Pre-1997,15950.154886107584
955,pensioner,M,81,9705,1997-2005,11962.616164580688
955,pensioner,M,81,post05,Post-2005,11962.616164580688
956,pensioner,M,75,pre97,Pre-1997,5894.337057766297
956,pensioner,M,75,9705,1997-2005,4420.752793324722
956,pensioner,M,75,post05,Post-2005,4420.752793324722
957,pensioner,M,66,pre97,Pre-1997,963.3635283711874
957,pensioner,M,66,9705,1997-2005,722.5226462783905
957,pensioner,M,66,post05,Post-2005,722.5226462783905
958,pensioner,M,69,pre97,Pre-1997,2186.6352739531053
958,pensioner,M,69,9705,1997-2005,1639.9764554648289
958,pensioner,M,69,post05,Post-2005,1639.9764554648289
959,pensioner,M,66,pre97,Pre-1997,2746.391128731269
959,pensioner,M,66,9705,1997-2005,2059.7933465484516
959,pensioner,M,66,post05,Post-2005,2059.7933465484516
960,pensioner,F,79,pre97,Pre-1997,2855.7519023240843
960,pensioner,F,79,9705,1997-2005,2141.813926743063
960,pensioner,F,79,post05,Post-2005,2141.813926743063
961,pensioner,F,71,pre97,Pre-1997,5389.155092738685
961,pensioner,F,71,9705,1997-2005,4041.866319554014
961,pensioner,F,71,post05,Post-2005,4041.866319554014
962,pensioner,M,76,pre97,Pre-1997,4076.3141815485014
962,pensioner,M,76,9705,1997-2005,3057.2356361613756
962,pensioner,M,76,post05,Post-2005,3057.2356361613756
963,pensioner,M,87,pre97,Pre-1997,2786.0687572850784
963,pensioner,M,87,9705,1997-2005,2089.5515679638083
963,pensioner,M,87,post05,Post-2005,2089.5515679638083
964,pensioner,F,70,pre97,Pre-1997,5372.5960775286385
964,pensioner,F,70,9705,1997-2005,4029.4470581464784
964,pensioner,F,70,post05,Post-2005,4029.4470581464784
965,pensioner,F,69,pre97,Pre-1997,1538.7291923882344
965,pensioner,F,69,9705,1997-2005,1154.0468942911757
965,pensioner,F,69,post05,Post-2005,1154.0468942911757
966,pensioner,M,71,pre97,Pre-1997,1586.9555797414548
966,pensioner,M,71,9705,1997-2005,1190.216684806091
966,pensioner,M,71,post05,Post-2005,1190.216684806091
967,pensioner,M,73,pre97,Pre-1997,4448.556537922163
967,pensioner,M,73,9705,1997-2005,3336.4174034416224
967,pensioner,M,73,post05,Post-2005,3336.4174034416224
968,pensioner,F,90,pre97,Pre-1997,7521.7268937127565
968,pensioner,F,90,9705,1997-2005,5641.295170284567
968,pensioner,F,90,post05,Post-2005,5641.295170284567
969,pensioner,M,79,pre97,Pre-1997,22713.428995610106
969,pensioner,M,79,9705,1997-2005,17035.071746707577
969,pensioner,M,79,post05,Post-2005,17035.071746707577
970,pensioner,M,73,pre97,Pre-1997,6165.528809809439
970,pensioner,M,73,9705,1997-2005,4624.146607357078
970,pensioner,M,73,post05,Post-2005,4624.146607357078
971,pensioner,F,80,pre97,Pre-1997,9505.218051534253
971,pensioner,F,80,9705,1997-2005,7128.913538650689
971,pensioner,F,80,post05,Post-2005,7128.913538650689
972,pensioner,F,71,pre97,Pre-1997,7244.6888226914425
972,pensioner,F,71,9705,1997-2005,5433.516617018581
972,pensioner,F,71,post05,Post-2005,5433.516617018581
973,pensioner,F,64,pre97,Pre-1997,9134.264291188576
973,pensioner,F,64,9705,1997-2005,6850.698218391432
973,pensioner,F,64,post05,Post-2005,6850.698218391432
974,pensioner,M,67,pre97,Pre-1997,19532.847071302345
974,pensioner,M,67,9705,1997-2005,14649.635303476758
974,pensioner,M,67,post05,Post-2005,14649.635303476758
975,pensioner,F,71,pre97,Pre-1997,2322.192725972524
975,pensioner,F,71,9705,1997-2005,1741.6445444793928
975,pensioner,F,71,post05,Post-2005,1741.6445444793928
976,pensioner,M,74,pre97,Pre-1997,11936.585706840655
976,pensioner,M,74,9705,1997-2005,8952.43928013049
976,pensioner,M,74,post05,Post-2005,8952.43928013049
977,pensioner,M,69,pre97,Pre-1997,14515.504600290364
977,pensioner,M,69,9705,1997-2005,10886.628450217771
977,pensioner,M,69,post05,Post-2005,10886.628450217771
978,pensioner,F,76,pre97,Pre-1997,1453.7249988950257
978,pensioner,F,76,9705,1997-2005,1090.2937491712692
978,pensioner,F,76,post05,Post-2005,1090.2937491712692
979,pensioner,M,82,pre97,Pre-1997,9763.081245545092
979,pensioner,M,82,9705,1997-2005,7322.310934158818
979,pensioner,M,82,post05,Post-2005,7322.310934158818
980,pensioner,F,67,pre97,Pre-1997,3219.453957314825
980,pensioner,F,67,9705,1997-2005,2414.5904679861187
980,pensioner,F,67,post05,Post-2005,2414.5904679861187
981,pensioner,M,79,pre97,Pre-1997,13848.615076945682
981,pensioner,M,79,9705,1997-2005,10386.46130770926
981,pensioner,M,79,post05,Post-2005,10386.46130770926
982,pensioner,F,72,pre97,Pre-1997,2111.3623263851064
982,pensioner,F,72,9705,1997-2005,1583.5217447888297
982,pensioner,F,72,post05,Post-2005,1583.5217447888297
983,pensioner,F,80,pre97,Pre-1997,1728.76936659884
983,pensioner,F,80,9705,1997-2005,1296.5770249491297
983,pensioner,F,80,post05,Post-2005,1296.5770249491297
984,pensioner,M,80,pre97,Pre-1997,2854.5261648332307
984,pensioner,M,80,9705,1997-2005,2140.8946236249226
984,pensioner,M,80,post05,Post-2005,2140.8946236249226
985,pensioner,M,74,pre97,Pre-1997,1252.9248695104113
985,pensioner,M,74,9705,1997-2005,939.6936521328083
985,pensioner,M,74,post05,Post-2005,939.6936521328083
986,pensioner,M,62,pre97,Pre-1997,1030.1215030389492
986,pensioner,M,62,9705,1997-2005,772.5911272792117
986,pensioner,M,62,post05,Post-2005,772.5911272792117
987,pensioner,M,77,pre97,Pre-1997,8986.2819074087
987,pensioner,M,77,9705,1997-2005,6739.711430556524
987,pensioner,M,77,post05,Post-2005,6739.711430556524
988,pensioner,M,68,pre97,Pre-1997,6794.54169606408
988,pensioner,M,68,9705,1997-2005,5095.90627204806
988,pensioner,M,68,post05,Post-2005,5095.90627204806
989,pensioner,M,63,pre97,Pre-1997,3159.875893926143
989,pensioner,M,63,9705,1997-2005,2369.906920444607
989,pensioner,M,63,post05,Post-2005,2369.906920444607
990,pensioner,F,74,pre97,Pre-1997,6400.184281461015
990,pensioner,F,74,9705,1997-2005,4800.138211095761
990,pensioner,F,74,post05,Post-2005,4800.138211095761
991,pensioner,M,68,pre97,Pre-1997,2239.5538318579693
991,pensioner,M,68,9705,1997-2005,1679.665373893477
991,pensioner,M,68,post05,Post-2005,1679.665373893477
992,pensioner,F,72,pre97,Pre-1997,1977.0288431717015
992,pensioner,F,72,9705,1997-2005,1482.771632378776
992,pensioner,F,72,post05,Post-2005,1482.771632378776
993,pensioner,M,78,pre97,Pre-1997,3470.5512116557957
993,pensioner,M,78,9705,1997-2005,2602.9134087418465
993,pensioner,M,78,post05,Post-2005,2602.9134087418465
994,pensioner,M,75,pre97,Pre-1997,3847.1649330137366
994,pensioner,M,75,9705,1997-2005,2885.3736997603023
994,pensioner,M,75,post05,Post-2005,2885.3736997603023
995,pensioner,M,74,pre97,Pre-1997,3703.3392218629797
995,pensioner,M,74,9705,1997-2005,2777.5044163972343
995,pensioner,M,74,post05,Post-2005,2777.5044163972343
996,pensioner,M,70,pre97,Pre-1997,8673.508560654887
996,pensioner,M,70,9705,1997-2005,6505.131420491166
996,pensioner,M,70,post05,Post-2005,6505.131420491166
997,pensioner,M,80,pre97,Pre-1997,2843.771326010664
997,pensioner,M,80,9705,1997-2005,2132.8284945079977
997,pensioner,M,80,post05,Post-2005,2132.8284945079977
998,pensioner,M,72,pre97,Pre-1997,5635.932418286705
998,pensioner,M,72,9705,1997-2005,4226.949313715028
998,pensioner,M,72,post05,Post-2005,4226.949313715028
999,pensioner,M,62,pre97,Pre-1997,5247.076963767895
999,pensioner,M,62,9705,1997-2005,3935.307722825921
999,pensioner,M,62,post05,Post-2005,3935.307722825921
1000,pensioner,M,73,pre97,Pre-1997,2953.5930221544886
1000,pensioner,M,73,9705,1997-2005,2215.1947666158662
1000,pensioner,M,73,post05,Post-2005,2215.1947666158662
1001,pensioner,M,60,pre97,Pre-1997,1192.2143718430846
1001,pensioner,M,60,9705,1997-2005,894.1607788823134
1001,pensioner,M,60,post05,Post-2005,894.1607788823134
1002,pensioner,M,79,pre97,Pre-1997,1328.2084075798866
1002,pensioner,M,79,9705,1997-2005,996.1563056849147
1002,pensioner,M,79,post05,Post-2005,996.1563056849147
1003,pensioner,F,69,pre97,Pre-1997,9881.056699219764
1003,pensioner,F,69,9705,1997-2005,7410.792524414823
1003,pensioner,F,69,post05,Post-2005,7410.792524414823
1004,pensioner,M,63,pre97,Pre-1997,7334.271634320844
1004,pensioner,M,63,9705,1997-2005,5500.703725740633
1004,pensioner,M,63,post05,Post-2005,5500.703725740633
1005,pensioner,M,74,pre97,Pre-1997,5033.42886659686
1005,pensioner,M,74,9705,1997-2005,3775.071649947644
1005,pensioner,M,74,post05,Post-2005,3775.071649947644
1006,pensioner,F,81,pre97,Pre-1997,2484.4452452688965
1006,pensioner,F,81,9705,1997-2005,1863.3339339516724
1006,pensioner,F,81,post05,Post-2005,1863.3339339516724
1007,pensioner,M,69,pre97,Pre-1997,1564.098099544753
1007,pensioner,M,69,9705,1997-2005,1173.0735746585647
1007,pensioner,M,69,post05,Post-2005,1173.0735746585647
1008,pensioner,M,72,pre97,Pre-1997,1295.9145222642703
1008,pensioner,M,72,9705,1997-2005,971.9358916982027
1008,pensioner,M,72,post05,Post-2005,971.9358916982027
1009,pensioner,M,81,pre97,Pre-1997,9425.463081861679
1009,pensioner,M,81,9705,1997-2005,7069.097311396259
1009,pensioner,M,81,post05,Post-2005,7069.097311396259
1010,pensioner,M,74,pre97,Pre-1997,6249.465350018774
1010,pensioner,M,74,9705,1997-2005,4687.099012514081
1010,pensioner,M,74,post05,Post-2005,4687.099012514081
1011,pensioner,M,61,pre97,Pre-1997,806.0748186420358
1011,pensioner,M,61,9705,1997-2005,604.5561139815268
1011,pensioner,M,61,post05,Post-2005,604.5561139815268
1012,pensioner,M,70,pre97,Pre-1997,632.5250869448537
1012,pensioner,M,70,9705,1997-2005,474.39381520864026
1012,pensioner,M,70,post05,Post-2005,474.39381520864026
1013,pensioner,M,79,pre97,Pre-1997,18516.74570070224
1013,pensioner,M,79,9705,1997-2005,13887.559275526677
1013,pensioner,M,79,post05,Post-2005,13887.559275526677
1014,pensioner,F,80,pre97,Pre-1997,3883.796870252052
1014,pensioner,F,80,9705,1997-2005,2912.847652689039
1014,pensioner,F,80,post05,Post-2005,2912.847652689039
1015,pensioner,F,68,pre97,Pre-1997,4979.972036655758
1015,pensioner,F,68,9705,1997-2005,3734.9790274918178
1015,pensioner,F,68,post05,Post-2005,3734.9790274918178
1016,pensioner,M,88,pre97,Pre-1997,1248.641704662868
1016,pensioner,M,88,9705,1997-2005,936.4812784971509
1016,pensioner,M,88,post05,Post-2005,936.4812784971509
1017,pensioner,M,65,pre97,Pre-1997,9631.57440464042
1017,pensioner,M,65,9705,1997-2005,7223.680803480313
1017,pensioner,M,65,post05,Post-2005,7223.680803480313
1018,pensioner,M,78,pre97,Pre-1997,5057.908803191089
1018,pensioner,M,78,9705,1997-2005,3793.431602393316
1018,pensioner,M,78,post05,Post-2005,3793.431602393316
1019,pensioner,F,77,pre97,Pre-1997,3062.581182146263
1019,pensioner,F,77,9705,1997-2005,2296.935886609697
1019,pensioner,F,77,post05,Post-2005,2296.935886609697
1020,pensioner,M,63,pre97,Pre-1997,1817.6840894742047
1020,pensioner,M,63,9705,1997-2005,1363.2630671056534
1020,pensioner,M,63,post05,Post-2005,1363.2630671056534
1021,pensioner,M,69,pre97,Pre-1997,4264.991438478142
1021,pensioner,M,69,9705,1997-2005,3198.7435788586063
1021,pensioner,M,69,post05,Post-2005,3198.7435788586063
1022,pensioner,F,80,pre97,Pre-1997,2155.543833755754
1022,pensioner,F,80,9705,1997-2005,1616.6578753168153
1022,pensioner,F,80,post05,Post-2005,1616.6578753168153
1023,pensioner,M,79,pre97,Pre-1997,15774.92157596386
1023,pensioner,M,79,9705,1997-2005,11831.191181972894
1023,pensioner,M,79,post05,Post-2005,11831.191181972894
1024,pensioner,M,62,pre97,Pre-1997,7204.8476741660115
1024,pensioner,M,62,9705,1997-2005,5403.635755624508
1024,pensioner,M,62,post05,Post-2005,5403.635755624508
1025,pensioner,M,72,pre97,Pre-1997,5211.210973439373
1025,pensioner,M,72,9705,1997-2005,3908.4082300795294
1025,pensioner,M,72,post05,Post-2005,3908.4082300795294
1026,pensioner,M,81,pre97,Pre-1997,4647.80662473747
1026,pensioner,M,81,9705,1997-2005,3485.8549685531025
1026,pensioner,M,81,post05,Post-2005,3485.8549685531025
1027,pensioner,M,75,pre97,Pre-1997,4348.653036799024
1027,pensioner,M,75,9705,1997-2005,3261.489777599268
1027,pensioner,M,75,post05,Post-2005,3261.489777599268
1028,pensioner,M,80,pre97,Pre-1997,1303.9546633261689
1028,pensioner,M,80,9705,1997-2005,977.9659974946264
1028,pensioner,M,80,post05,Post-2005,977.9659974946264
1029,pensioner,M,80,pre97,Pre-1997,5297.3728918612105
1029,pensioner,M,80,9705,1997-2005,3973.029668895907
1029,pensioner,M,80,post05,Post-2005,3973.029668895907
1030,pensioner,M,75,pre97,Pre-1997,2363.914254119608
1030,pensioner,M,75,9705,1997-2005,1772.9356905897057
1030,pensioner,M,75,post05,Post-2005,1772.9356905897057
1031,pensioner,M,83,pre97,Pre-1997,2089.951908389681
1031,pensioner,M,83,9705,1997-2005,1567.463931292261
1031,pensioner,M,83,post05,Post-2005,1567.463931292261
1032,pensioner,F,65,pre97,Pre-1997,64336.02134820656
1032,pensioner,F,65,9705,1997-2005,48252.01601115492
1032,pensioner,F,65,post05,Post-2005,48252.01601115492
1033,pensioner,M,70,pre97,Pre-1997,1861.806331131611
1033,pensioner,M,70,9705,1997-2005,1396.3547483487082
1033,pensioner,M,70,post05,Post-2005,1396.3547483487082
1034,pensioner,M,79,pre97,Pre-1997,6420.084925304862
1034,pensioner,M,79,9705,1997-2005,4815.063693978646
1034,pensioner,M,79,post05,Post-2005,4815.063693978646
1035,pensioner,M,62,pre97,Pre-1997,534.88268404362
1035,pensioner,M,62,9705,1997-2005,401.162013032715
1035,pensioner,M,62,post05,Post-2005,401.162013032715
1036,pensioner,M,68,pre97,Pre-1997,4576.2480779746975
1036,pensioner,M,68,9705,1997-2005,3432.1860584810233
1036,pensioner,M,68,post05,Post-2005,3432.1860584810233
1037,pensioner,M,61,pre97,Pre-1997,3949.157941041024
1037,pensioner,M,61,9705,1997-2005,2961.868455780768
1037,pensioner,M,61,post05,Post-2005,2961.868455780768
1038,pensioner,F,79,pre97,Pre-1997,961.461771661779
1038,pensioner,F,79,9705,1997-2005,721.0963287463342
1038,pensioner,F,79,post05,Post-2005,721.0963287463342
1039,pensioner,M,79,pre97,Pre-1997,3058.32861245776
1039,pensioner,M,79,9705,1997-2005,2293.7464593433197
1039,pensioner,M,79,post05,Post-2005,2293.7464593433197
1040,pensioner,M,78,pre97,Pre-1997,1131.1660606637158
1040,pensioner,M,78,9705,1997-2005,848.3745454977869
1040,pensioner,M,78,post05,Post-2005,848.3745454977869
1041,pensioner,M,69,pre97,Pre-1997,6802.259072665479
1041,pensioner,M,69,9705,1997-2005,5101.6943044991085
1041,pensioner,M,69,post05,Post-2005,5101.6943044991085
1042,pensioner,M,87,pre97,Pre-1997,2856.974147848954
1042,pensioner,M,87,9705,1997-2005,2142.730610886715
1042,pensioner,M,87,post05,Post-2005,2142.730610886715
1043,pensioner,F,60,pre97,Pre-1997,6038.0232682982305
1043,pensioner,F,60,9705,1997-2005,4528.517451223673
1043,pensioner,F,60,post05,Post-2005,4528.517451223673
1044,pensioner,F,60,pre97,Pre-1997,9159.388980868947
1044,pensioner,F,60,9705,1997-2005,6869.541735651711
1044,pensioner,F,60,post05,Post-2005,6869.541735651711
1045,pensioner,M,72,pre97,Pre-1997,1875.1497397377188
1045,pensioner,M,72,9705,1997-2005,1406.3623048032891
1045,pensioner,M,72,post05,Post-2005,1406.3623048032891
1046,pensioner,F,67,pre97,Pre-1997,4171.57900025312
1046,pensioner,F,67,9705,1997-2005,3128.6842501898395
1046,pensioner,F,67,post05,Post-2005,3128.6842501898395
1047,pensioner,M,63,pre97,Pre-1997,5055.93787862486
1047,pensioner,M,63,9705,1997-2005,3791.953408968645
1047,pensioner,M,63,post05,Post-2005,3791.953408968645
1048,pensioner,M,75,pre97,Pre-1997,1977.2589033404874
1048,pensioner,M,75,9705,1997-2005,1482.9441775053656
1048,pensioner,M,75,post05,Post-2005,1482.9441775053656
1049,pensioner,M,69,pre97,Pre-1997,4575.7802694530465
1049,pensioner,M,69,9705,1997-2005,3431.835202089784
1049,pensioner,M,69,post05,Post-2005,3431.835202089784
1050,pensioner,M,77,pre97,Pre-1997,13380.282810337929
1050,pensioner,M,77,9705,1997-2005,10035.212107753447
1050,pensioner,M,77,post05,Post-2005,10035.212107753447
1051,pensioner,F,67,pre97,Pre-1997,3590.2915127861475
1051,pensioner,F,67,9705,1997-2005,2692.7186345896102
1051,pensioner,F,67,post05,Post-2005,2692.7186345896102
1052,pensioner,M,79,pre97,Pre-1997,623.1229789053928
1052,pensioner,M,79,9705,1997-2005,467.34223417904445
1052,pensioner,M,79,post05,Post-2005,467.34223417904445
1053,pensioner,M,83,pre97,Pre-1997,4824.96682948635
1053,pensioner,M,83,9705,1997-2005,3618.725122114762
1053,pensioner,M,83,post05,Post-2005,3618.725122114762
1054,pensioner,F,83,pre97,Pre-1997,244.7676543092306
1054,pensioner,F,83,9705,1997-2005,183.57574073192293
1054,pensioner,F,83,post05,Post-2005,183.57574073192293
1055,pensioner,F,76,pre97,Pre-1997,2675.6090087221423
1055,pensioner,F,76,9705,1997-2005,2006.7067565416066
1055,pensioner,F,76,post05,Post-2005,2006.7067565416066
1056,pensioner,M,74,pre97,Pre-1997,4052.1093973683405
1056,pensioner,M,74,9705,1997-2005,3039.082048026255
1056,pensioner,M,74,post05,Post-2005,3039.082048026255
1057,pensioner,F,70,pre97,Pre-1997,4969.046588574201
1057,pensioner,F,70,9705,1997-2005,3726.784941430651
1057,pensioner,F,70,post05,Post-2005,3726.784941430651
1058,pensioner,M,70,pre97,Pre-1997,5857.056206844765
1058,pensioner,M,70,9705,1997-2005,4392.792155133574
1058,pensioner,M,70,post05,Post-2005,4392.792155133574
1059,pensioner,M,69,pre97,Pre-1997,5536.957966658058
1059,pensioner,M,69,9705,1997-2005,4152.718474993542
1059,pensioner,M,69,post05,Post-2005,4152.718474993542
1060,pensioner,F,76,pre97,Pre-1997,9179.32793736379
1060,pensioner,F,76,9705,1997-2005,6884.495953022842
1060,pensioner,F,76,post05,Post-2005,6884.495953022842
1061,pensioner,F,78,pre97,Pre-1997,4173.4157082852225
1061,pensioner,F,78,9705,1997-2005,3130.0617812139167
1061,pensioner,F,78,post05,Post-2005,3130.0617812139167
1062,pensioner,F,74,pre97,Pre-1997,1174.1018541381256
1062,pensioner,F,74,9705,1997-2005,880.5763906035942
1062,pensioner,F,74,post05,Post-2005,880.5763906035942
1063,pensioner,M,82,pre97,Pre-1997,4061.165606486777
1063,pensioner,M,82,9705,1997-2005,3045.8742048650824
1063,pensioner,M,82,post05,Post-2005,3045.8742048650824
1064,pensioner,F,77,pre97,Pre-1997,8096.046658570097
1064,pensioner,F,77,9705,1997-2005,6072.034993927572
1064,pensioner,F,77,post05,Post-2005,6072.034993927572
1065,pensioner,F,78,pre97,Pre-1997,5248.503013681503
1065,pensioner,F,78,9705,1997-2005,3936.3772602611266
1065,pensioner,F,78,post05,Post-2005,3936.3772602611266
1066,pensioner,M,81,pre97,Pre-1997,749.4581031638813
1066,pensioner,M,81,9705,1997-2005,562.0935773729109
1066,pensioner,M,81,post05,Post-2005,562.0935773729109
1067,pensioner,M,67,pre97,Pre-1997,1582.4580291018915
1067,pensioner,M,67,9705,1997-2005,1186.8435218264185
1067,pensioner,M,67,post05,Post-2005,1186.8435218264185
1068,pensioner,M,77,pre97,Pre-1997,6843.359451352373
1068,pensioner,M,77,9705,1997-2005,5132.519588514279
1068,pensioner,M,77,post05,Post-2005,5132.519588514279
1069,pensioner,M,68,pre97,Pre-1997,2042.3945435187616
1069,pensioner,M,68,9705,1997-2005,1531.7959076390712
1069,pensioner,M,68,post05,Post-2005,1531.7959076390712
1070,pensioner,M,73,pre97,Pre-1997,9144.155803779546
1070,pensioner,M,73,9705,1997-2005,6858.11685283466
1070,pensioner,M,73,post05,Post-2005,6858.11685283466
1071,pensioner,M,75,pre97,Pre-1997,2894.2900810163355
1071,pensioner,M,75,9705,1997-2005,2170.717560762251
1071,pensioner,M,75,post05,Post-2005,2170.717560762251
1072,pensioner,M,72,pre97,Pre-1997,14065.65840798867
1072,pensioner,M,72,9705,1997-2005,10549.243805991502
1072,pensioner,M,72,post05,Post-2005,10549.243805991502
1073,pensioner,M,75,pre97,Pre-1997,3724.076690266726
1073,pensioner,M,75,9705,1997-2005,2793.057517700044
1073,pensioner,M,75,post05,Post-2005,2793.057517700044
1074,pensioner,M,71,pre97,Pre-1997,2221.0720323113496
1074,pensioner,M,71,9705,1997-2005,1665.804024233512
1074,pensioner,M,71,post05,Post-2005,1665.804024233512
1075,pensioner,M,72,pre97,Pre-1997,5090.884528548535
1075,pensioner,M,72,9705,1997-2005,3818.1633964114008
1075,pensioner,M,72,post05,Post-2005,3818.1633964114008
1076,pensioner,M,75,pre97,Pre-1997,2314.0347300710505
1076,pensioner,M,75,9705,1997-2005,1735.5260475532875
1076,pensioner,M,75,post05,Post-2005,1735.5260475532875
1077,pensioner,M,68,pre97,Pre-1997,2231.0382491344967
1077,pensioner,M,68,9705,1997-2005,1673.2786868508722
1077,pensioner,M,68,post05,Post-2005,1673.2786868508722
1078,pensioner,M,74,pre97,Pre-1997,5408.425944244529
1078,pensioner,M,74,9705,1997-2005,4056.319458183396
1078,pensioner,M,74,post05,Post-2005,4056.319458183396
1079,pensioner,M,73,pre97,Pre-1997,7542.980709837545
1079,pensioner,M,73,9705,1997-2005,5657.2355323781585
1079,pensioner,M,73,post05,Post-2005,5657.2355323781585
1080,pensioner,F,70,pre97,Pre-1997,1320.834214757805
1080,pensioner,F,70,9705,1997-2005,990.6256610683538
1080,pensioner,F,70,post05,Post-2005,990.6256610683538
1081,pensioner,M,72,pre97,Pre-1997,1247.0638350269894
1081,pensioner,M,72,9705,1997-2005,935.297876270242
1081,pensioner,M,72,post05,Post-2005,935.297876270242
1082,pensioner,M,73,pre97,Pre-1997,2541.3258742163516
1082,pensioner,M,73,9705,1997-2005,1905.9944056622635
1082,pensioner,M,73,post05,Post-2005,1905.9944056622635
1083,pensioner,M,85,pre97,Pre-1997,6693.200769883158
1083,pensioner,M,85,9705,1997-2005,5019.900577412368
1083,pensioner,M,85,post05,Post-2005,5019.900577412368
1084,pensioner,F,74,pre97,Pre-1997,945.7841232530942
1084,pensioner,F,74,9705,1997-2005,709.3380924398206
1084,pensioner,F,74,post05,Post-2005,709.3380924398206
1085,pensioner,F,76,pre97,Pre-1997,6960.334085295389
1085,pensioner,F,76,9705,1997-2005,5220.250563971541
1085,pensioner,F,76,post05,Post-2005,5220.250563971541
1086,pensioner,F,68,pre97,Pre-1997,2019.88334630971
1086,pensioner,F,68,9705,1997-2005,1514.9125097322824
1086,pensioner,F,68,post05,Post-2005,1514.9125097322824
1087,pensioner,M,71,pre97,Pre-1997,1844.8807731847319
1087,pensioner,M,71,9705,1997-2005,1383.660579888549
1087,pensioner,M,71,post05,Post-2005,1383.660579888549
1088,pensioner,M,79,pre97,Pre-1997,663.0385354844029
1088,pensioner,M,79,9705,1997-2005,497.2789016133022
1088,pensioner,M,79,post05,Post-2005,497.2789016133022
1089,pensioner,M,78,pre97,Pre-1997,7319.932563751628
1089,pensioner,M,78,9705,1997-2005,5489.94942281372
1089,pensioner,M,78,post05,Post-2005,5489.94942281372
1090,pensioner,M,81,pre97,Pre-1997,3227.1593742810946
1090,pensioner,M,81,9705,1997-2005,2420.3695307108205
1090,pensioner,M,81,post05,Post-2005,2420.3695307108205
1091,pensioner,M,74,pre97,Pre-1997,1283.0698504570573
1091,pensioner,M,74,9705,1997-2005,962.3023878427928
1091,pensioner,M,74,post05,Post-2005,962.3023878427928
1092,pensioner,M,68,pre97,Pre-1997,4441.307760556984
1092,pensioner,M,68,9705,1997-2005,3330.9808204177375
1092,pensioner,M,68,post05,Post-2005,3330.9808204177375
1093,pensioner,M,67,pre97,Pre-1997,2887.735657171618
1093,pensioner,M,67,9705,1997-2005,2165.8017428787134
1093,pensioner,M,67,post05,Post-2005,2165.8017428787134
1094,pensioner,F,66,pre97,Pre-1997,6133.868772219923
1094,pensioner,F,66,9705,1997-2005,4600.401579164942
1094,pensioner,F,66,post05,Post-2005,4600.401579164942
1095,pensioner,F,72,pre97,Pre-1997,2757.518959719815
1095,pensioner,F,72,9705,1997-2005,2068.139219789861
1095,pensioner,F,72,post05,Post-2005,2068.139219789861
1096,pensioner,M,75,pre97,Pre-1997,7863.580241993928
1096,pensioner,M,75,9705,1997-2005,5897.685181495446
1096,pensioner,M,75,post05,Post-2005,5897.685181495446
1097,pensioner,M,72,pre97,Pre-1997,2065.991021965933
1097,pensioner,M,72,9705,1997-2005,1549.4932664744497
1097,pensioner,M,72,post05,Post-2005,1549.4932664744497
1098,pensioner,M,62,pre97,Pre-1997,3552.435541746994
1098,pensioner,M,62,9705,1997-2005,2664.326656310245
1098,pensioner,M,62,post05,Post-2005,2664.326656310245
1099,pensioner,M,62,pre97,Pre-1997,4385.169423190156
1099,pensioner,M,62,9705,1997-2005,3288.877067392616
1099,pensioner,M,62,post05,Post-2005,3288.877067392616
1100,pensioner,M,69,pre97,Pre-1997,9561.110643783977
1100,pensioner,M,69,9705,1997-2005,7170.832982837983
1100,pensioner,M,69,post05,Post-2005,7170.832982837983
1101,pensioner,M,72,pre97,Pre-1997,1004.9296092522768
1101,pensioner,M,72,9705,1997-2005,753.6972069392075
1101,pensioner,M,72,post05,Post-2005,753.6972069392075
1102,pensioner,M,87,pre97,Pre-1997,2168.5073552632252
1102,pensioner,M,87,9705,1997-2005,1626.380516447419
1102,pensioner,M,87,post05,Post-2005,1626.380516447419
1103,pensioner,F,94,pre97,Pre-1997,703.2006919454652
1103,pensioner,F,94,9705,1997-2005,527.4005189590989
1103,pensioner,F,94,post05,Post-2005,527.4005189590989
1104,pensioner,M,82,pre97,Pre-1997,1002.1030872620648
1104,pensioner,M,82,9705,1997-2005,751.5773154465486
1104,pensioner,M,82,post05,Post-2005,751.5773154465486
1105,pensioner,F,68,pre97,Pre-1997,21297.140964905513
1105,pensioner,F,68,9705,1997-2005,15972.855723679135
1105,pensioner,F,68,post05,Post-2005,15972.855723679135
1106,pensioner,M,83,pre97,Pre-1997,2188.441005803775
1106,pensioner,M,83,9705,1997-2005,1641.330754352831
1106,pensioner,M,83,post05,Post-2005,1641.330754352831
1107,pensioner,M,68,pre97,Pre-1997,13286.89948385282
1107,pensioner,M,68,9705,1997-2005,9965.174612889614
1107,pensioner,M,68,post05,Post-2005,9965.174612889614
1108,pensioner,M,67,pre97,Pre-1997,3928.701716213738
1108,pensioner,M,67,9705,1997-2005,2946.5262871603036
1108,pensioner,M,67,post05,Post-2005,2946.5262871603036
1109,pensioner,M,78,pre97,Pre-1997,1991.8526194129352
1109,pensioner,M,78,9705,1997-2005,1493.8894645597013
1109,pensioner,M,78,post05,Post-2005,1493.8894645597013
1110,pensioner,M,70,pre97,Pre-1997,6064.210530043654
1110,pensioner,M,70,9705,1997-2005,4548.15789753274
1110,pensioner,M,70,post05,Post-2005,4548.15789753274
1111,pensioner,F,77,pre97,Pre-1997,1844.365884394142
1111,pensioner,F,77,9705,1997-2005,1383.2744132956063
1111,pensioner,F,77,post05,Post-2005,1383.2744132956063
1112,pensioner,F,70,pre97,Pre-1997,9438.2900461803
1112,pensioner,F,70,9705,1997-2005,7078.717534635225
1112,pensioner,F,70,post05,Post-2005,7078.717534635225
1113,pensioner,M,82,pre97,Pre-1997,1660.3714442565486
1113,pensioner,M,82,9705,1997-2005,1245.2785831924114
1113,pensioner,M,82,post05,Post-2005,1245.2785831924114
1114,pensioner,F,78,pre97,Pre-1997,3955.3864095044055
1114,pensioner,F,78,9705,1997-2005,2966.539807128304
1114,pensioner,F,78,post05,Post-2005,2966.539807128304
1115,pensioner,M,72,pre97,Pre-1997,7337.5518016152555
1115,pensioner,M,72,9705,1997-2005,5503.163851211441
1115,pensioner,M,72,post05,Post-2005,5503.163851211441
1116,pensioner,M,77,pre97,Pre-1997,418.84242811657145
1116,pensioner,M,77,9705,1997-2005,314.13182108742853
1116,pensioner,M,77,post05,Post-2005,314.13182108742853
1117,pensioner,M,75,pre97,Pre-1997,5336.179383221124
1117,pensioner,M,75,9705,1997-2005,4002.1345374158427
1117,pensioner,M,75,post05,Post-2005,4002.1345374158427
1118,pensioner,F,78,pre97,Pre-1997,3580.713937742339
1118,pensioner,F,78,9705,1997-2005,2685.535453306754
1118,pensioner,F,78,post05,Post-2005,2685.535453306754
1119,pensioner,M,64,pre97,Pre-1997,2605.9716519184244
1119,pensioner,M,64,9705,1997-2005,1954.4787389388182
1119,pensioner,M,64,post05,Post-2005,1954.4787389388182
1120,pensioner,M,75,pre97,Pre-1997,748.9643376932315
1120,pensioner,M,75,9705,1997-2005,561.7232532699236
1120,pensioner,M,75,post05,Post-2005,561.7232532699236
1121,pensioner,M,70,pre97,Pre-1997,3237.8043040386383
1121,pensioner,M,70,9705,1997-2005,2428.3532280289783
1121,pensioner,M,70,post05,Post-2005,2428.3532280289783
1122,pensioner,M,73,pre97,Pre-1997,1156.6385813854808
1122,pensioner,M,73,9705,1997-2005,867.4789360391105
1122,pensioner,M,73,post05,Post-2005,867.4789360391105
1123,pensioner,M,71,pre97,Pre-1997,5107.216226753128
1123,pensioner,M,71,9705,1997-2005,3830.4121700648457
1123,pensioner,M,71,post05,Post-2005,3830.4121700648457
1124,pensioner,M,64,pre97,Pre-1997,11192.705742015605
1124,pensioner,M,64,9705,1997-2005,8394.529306511704
1124,pensioner,M,64,post05,Post-2005,8394.529306511704
1125,pensioner,F,83,pre97,Pre-1997,2675.077282898873
1125,pensioner,F,83,9705,1997-2005,2006.3079621741545
1125,pensioner,F,83,post05,Post-2005,2006.3079621741545
1126,pensioner,M,72,pre97,Pre-1997,908.2200677616675
1126,pensioner,M,72,9705,1997-2005,681.1650508212506
1126,pensioner,M,72,post05,Post-2005,681.1650508212506
1127,pensioner,M,69,pre97,Pre-1997,4283.052924087795
1127,pensioner,M,69,9705,1997-2005,3212.289693065846
1127,pensioner,M,69,post05,Post-2005,3212.289693065846
1128,pensioner,F,80,pre97,Pre-1997,1313.3839321977812
1128,pensioner,F,80,9705,1997-2005,985.0379491483359
1128,pensioner,F,80,post05,Post-2005,985.0379491483359
1129,pensioner,F,64,pre97,Pre-1997,1800.1547484408497
1129,pensioner,F,64,9705,1997-2005,1350.1160613306372
1129,pensioner,F,64,post05,Post-2005,1350.1160613306372
1130,pensioner,M,62,pre97,Pre-1997,1800.6994739237882
1130,pensioner,M,62,9705,1997-2005,1350.524605442841
1130,pensioner,M,62,post05,Post-2005,1350.524605442841
1131,pensioner,F,78,pre97,Pre-1997,949.25335263955
1131,pensioner,F,78,9705,1997-2005,711.9400144796625
1131,pensioner,F,78,post05,Post-2005,711.9400144796625
1132,pensioner,M,62,pre97,Pre-1997,5667.381672368124
1132,pensioner,M,62,9705,1997-2005,4250.536254276092
1132,pensioner,M,62,post05,Post-2005,4250.536254276092
1133,pensioner,M,90,pre97,Pre-1997,1923.1862376472557
1133,pensioner,M,90,9705,1997-2005,1442.3896782354416
1133,pensioner,M,90,post05,Post-2005,1442.3896782354416
1134,pensioner,M,68,pre97,Pre-1997,1010.7770469199736
1134,pensioner,M,68,9705,1997-2005,758.0827851899801
1134,pensioner,M,68,post05,Post-2005,758.0827851899801
1135,pensioner,M,64,pre97,Pre-1997,8826.530235598437
1135,pensioner,M,64,9705,1997-2005,6619.897676698828
1135,pensioner,M,64,post05,Post-2005,6619.897676698828
1136,pensioner,M,84,pre97,Pre-1997,5805.828581614325
1136,pensioner,M,84,9705,1997-2005,4354.371436210743
1136,pensioner,M,84,post05,Post-2005,4354.371436210743
1137,pensioner,M,73,pre97,Pre-1997,2020.3352333755317
1137,pensioner,M,73,9705,1997-2005,1515.2514250316488
1137,pensioner,M,73,post05,Post-2005,1515.2514250316488
1138,pensioner,M,83,pre97,Pre-1997,6511.699295012672
1138,pensioner,M,83,9705,1997-2005,4883.774471259504
1138,pensioner,M,83,post05,Post-2005,4883.774471259504
1139,pensioner,M,76,pre97,Pre-1997,5230.716125372641
1139,pensioner,M,76,9705,1997-2005,3923.0370940294797
1139,pensioner,M,76,post05,Post-2005,3923.0370940294797
1140,pensioner,F,70,pre97,Pre-1997,4796.38037596791
1140,pensioner,F,70,9705,1997-2005,3597.285281975933
1140,pensioner,F,70,post05,Post-2005,3597.285281975933
1141,pensioner,F,81,pre97,Pre-1997,2241.6204976308304
1141,pensioner,F,81,9705,1997-2005,1681.2153732231225
1141,pensioner,F,81,post05,Post-2005,1681.2153732231225
1142,pensioner,M,71,pre97,Pre-1997,1937.0861797726816
1142,pensioner,M,71,9705,1997-2005,1452.814634829511
1142,pensioner,M,71,post05,Post-2005,1452.814634829511
1143,pensioner,M,68,pre97,Pre-1997,7739.833399584455
1143,pensioner,M,68,9705,1997-2005,5804.87504968834
1143,pensioner,M,68,post05,Post-2005,5804.87504968834
1144,pensioner,F,85,pre97,Pre-1997,5129.625079747324
1144,pensioner,F,85,9705,1997-2005,3847.2188098104925
1144,pensioner,F,85,post05,Post-2005,3847.2188098104925
1145,pensioner,F,76,pre97,Pre-1997,6943.42218084307
1145,pensioner,F,76,9705,1997-2005,5207.566635632302
1145,pensioner,F,76,post05,Post-2005,5207.566635632302
1146,pensioner,M,65,pre97,Pre-1997,11321.367078376297
1146,pensioner,M,65,9705,1997-2005,8491.025308782222
1146,pensioner,M,65,post05,Post-2005,8491.025308782222
1147,pensioner,M,60,pre97,Pre-1997,6138.453430370861
1147,pensioner,M,60,9705,1997-2005,4603.840072778145
1147,pensioner,M,60,post05,Post-2005,4603.840072778145
1148,pensioner,M,84,pre97,Pre-1997,12412.957548442257
1148,pensioner,M,84,9705,1997-2005,9309.718161331692
1148,pensioner,M,84,post05,Post-2005,9309.718161331692
1149,pensioner,F,80,pre97,Pre-1997,15652.447487158686
1149,pensioner,F,80,9705,1997-2005,11739.335615369015
1149,pensioner,F,80,post05,Post-2005,11739.335615369015
1150,pensioner,F,71,pre97,Pre-1997,2414.7374389441948
1150,pensioner,F,71,9705,1997-2005,1811.0530792081458
1150,pensioner,F,71,post05,Post-2005,1811.0530792081458
1151,pensioner,F,60,pre97,Pre-1997,4536.192668729555
1151,pensioner,F,60,9705,1997-2005,3402.144501547166
1151,pensioner,F,60,post05,Post-2005,3402.144501547166
1152,pensioner,F,64,pre97,Pre-1997,2546.347303438026
1152,pensioner,F,64,9705,1997-2005,1909.7604775785194
1152,pensioner,F,64,post05,Post-2005,1909.7604775785194
1153,pensioner,M,78,pre97,Pre-1997,6494.9568961059485
1153,pensioner,M,78,9705,1997-2005,4871.217672079461
1153,pensioner,M,78,post05,Post-2005,4871.217672079461
1154,pensioner,M,70,pre97,Pre-1997,3807.2160831418387
1154,pensioner,M,70,9705,1997-2005,2855.4120623563786
1154,pensioner,M,70,post05,Post-2005,2855.4120623563786
1155,pensioner,F,74,pre97,Pre-1997,845.5779998810744
1155,pensioner,F,74,9705,1997-2005,634.1834999108057
1155,pensioner,F,74,post05,Post-2005,634.1834999108057
1156,pensioner,M,71,pre97,Pre-1997,5289.487384657485
1156,pensioner,M,71,9705,1997-2005,3967.1155384931126
1156,pensioner,M,71,post05,Post-2005,3967.1155384931126
1157,pensioner,F,76,pre97,Pre-1997,9994.39255275939
1157,pensioner,F,76,9705,1997-2005,7495.79441456954
1157,pensioner,F,76,post05,Post-2005,7495.79441456954
1158,pensioner,F,88,pre97,Pre-1997,4591.005417934687
1158,pensioner,F,88,9705,1997-2005,3443.2540634510146
1158,pensioner,F,88,post05,Post-2005,3443.2540634510146
1159,pensioner,M,77,pre97,Pre-1997,4004.166876177279
1159,pensioner,M,77,9705,1997-2005,3003.125157132959
1159,pensioner,M,77,post05,Post-2005,3003.125157132959
1160,pensioner,M,70,pre97,Pre-1997,4394.902376435274
1160,pensioner,M,70,9705,1997-2005,3296.176782326456
1160,pensioner,M,70,post05,Post-2005,3296.176782326456
1161,pensioner,M,63,pre97,Pre-1997,3827.621151447176
1161,pensioner,M,63,9705,1997-2005,2870.715863585382
1161,pensioner,M,63,post05,Post-2005,2870.715863585382
1162,pensioner,F,83,pre97,Pre-1997,19950.14284945531
1162,pensioner,F,83,9705,1997-2005,14962.607137091483
1162,pensioner,F,83,post05,Post-2005,14962.607137091483
1163,pensioner,F,74,pre97,Pre-1997,1131.4060095280438
1163,pensioner,F,74,9705,1997-2005,848.5545071460328
1163,pensioner,F,74,post05,Post-2005,848.5545071460328
1164,pensioner,M,74,pre97,Pre-1997,4950.111918536459
1164,pensioner,M,74,9705,1997-2005,3712.583938902344
1164,pensioner,M,74,post05,Post-2005,3712.583938902344
1165,pensioner,M,68,pre97,Pre-1997,8931.84815818127
1165,pensioner,M,68,9705,1997-2005,6698.886118635952
1165,pensioner,M,68,post05,Post-2005,6698.886118635952
1166,pensioner,F,78,pre97,Pre-1997,3923.763085874259
1166,pensioner,F,78,9705,1997-2005,2942.822314405694
1166,pensioner,F,78,post05,Post-2005,2942.822314405694
1167,pensioner,M,75,pre97,Pre-1997,8006.0164338572695
1167,pensioner,M,75,9705,1997-2005,6004.512325392951
1167,pensioner,M,75,post05,Post-2005,6004.512325392951
1168,pensioner,M,88,pre97,Pre-1997,1543.7299936026811
1168,pensioner,M,88,9705,1997-2005,1157.7974952020109
1168,pensioner,M,88,post05,Post-2005,1157.7974952020109
1169,pensioner,M,79,pre97,Pre-1997,8703.726489883233
1169,pensioner,M,79,9705,1997-2005,6527.794867412424
1169,pensioner,M,79,post05,Post-2005,6527.794867412424
1170,pensioner,M,72,pre97,Pre-1997,2499.5770812463293
1170,pensioner,M,72,9705,1997-2005,1874.6828109347468
1170,pensioner,M,72,post05,Post-2005,1874.6828109347468
1171,pensioner,M,83,pre97,Pre-1997,2502.9236623539114
1171,pensioner,M,83,9705,1997-2005,1877.1927467654334
1171,pensioner,M,83,post05,Post-2005,1877.1927467654334
1172,pensioner,M,72,pre97,Pre-1997,4607.1924879725875
1172,pensioner,M,72,9705,1997-2005,3455.394365979441
1172,pensioner,M,72,post05,Post-2005,3455.394365979441
1173,pensioner,M,71,pre97,Pre-1997,1397.5364254606454
1173,pensioner,M,71,9705,1997-2005,1048.152319095484
1173,pensioner,M,71,post05,Post-2005,1048.152319095484
1174,pensioner,M,69,pre97,Pre-1997,2600.8316924729643
1174,pensioner,M,69,9705,1997-2005,1950.6237693547232
1174,pensioner,M,69,post05,Post-2005,1950.6237693547232
1175,pensioner,M,81,pre97,Pre-1997,4869.340571993762
1175,pensioner,M,81,9705,1997-2005,3652.0054289953214
1175,pensioner,M,81,post05,Post-2005,3652.0054289953214
1176,pensioner,F,73,pre97,Pre-1997,4513.821709390924
1176,pensioner,F,73,9705,1997-2005,3385.3662820431928
1176,pensioner,F,73,post05,Post-2005,3385.3662820431928
1177,pensioner,M,66,pre97,Pre-1997,2182.393207754729
1177,pensioner,M,66,9705,1997-2005,1636.7949058160466
1177,pensioner,M,66,post05,Post-2005,1636.7949058160466
1178,pensioner,F,67,pre97,Pre-1997,7001.37322931195
1178,pensioner,F,67,9705,1997-2005,5251.029921983962
1178,pensioner,F,67,post05,Post-2005,5251.029921983962
1179,pensioner,M,68,pre97,Pre-1997,3190.614062553219
1179,pensioner,M,68,9705,1997-2005,2392.9605469149137
1179,pensioner,M,68,post05,Post-2005,2392.9605469149137
1180,pensioner,F,79,pre97,Pre-1997,1955.6383850752857
1180,pensioner,F,79,9705,1997-2005,1466.728788806464
1180,pensioner,F,79,post05,Post-2005,1466.728788806464
1181,pensioner,M,71,pre97,Pre-1997,5413.45644849139
1181,pensioner,M,71,9705,1997-2005,4060.0923363685415
1181,pensioner,M,71,post05,Post-2005,4060.0923363685415
1182,pensioner,F,73,pre97,Pre-1997,23747.894695876243
1182,pensioner,F,73,9705,1997-2005,17810.92102190718
1182,pensioner,F,73,post05,Post-2005,17810.92102190718
1183,pensioner,M,79,pre97,Pre-1997,1009.8997765067703
1183,pensioner,M,79,9705,1997-2005,757.4248323800776
1183,pensioner,M,79,post05,Post-2005,757.4248323800776
1184,pensioner,M,77,pre97,Pre-1997,18801.089375676394
1184,pensioner,M,77,9705,1997-2005,14100.817031757297
1184,pensioner,M,77,post05,Post-2005,14100.817031757297
1185,pensioner,M,61,pre97,Pre-1997,19763.293655914924
1185,pensioner,M,61,9705,1997-2005,14822.47024193619
1185,pensioner,M,61,post05,Post-2005,14822.47024193619
1186,pensioner,M,88,pre97,Pre-1997,1135.5932847830798
1186,pensioner,M,88,9705,1997-2005,851.6949635873096
1186,pensioner,M,88,post05,Post-2005,851.6949635873096
1187,pensioner,M,71,pre97,Pre-1997,4018.6444221210086
1187,pensioner,M,71,9705,1997-2005,3013.983316590756
1187,pensioner,M,71,post05,Post-2005,3013.983316590756
1188,pensioner,F,79,pre97,Pre-1997,14168.80122283731
1188,pensioner,F,79,9705,1997-2005,10626.600917127982
1188,pensioner,F,79,post05,Post-2005,10626.600917127982
1189,pensioner,M,80,pre97,Pre-1997,2190.6745077552305
1189,pensioner,M,80,9705,1997-2005,1643.0058808164226
1189,pensioner,M,80,post05,Post-2005,1643.0058808164226
1190,pensioner,M,61,pre97,Pre-1997,853.5850302044196
1190,pensioner,M,61,9705,1997-2005,640.1887726533146
1190,pensioner,M,61,post05,Post-2005,640.1887726533146
1191,pensioner,M,74,pre97,Pre-1997,3970.32637049508
1191,pensioner,M,74,9705,1997-2005,2977.74477787131
1191,pensioner,M,74,post05,Post-2005,2977.74477787131
1192,pensioner,M,78,pre97,Pre-1997,17873.101228662945
1192,pensioner,M,78,9705,1997-2005,13404.825921497208
1192,pensioner,M,78,post05,Post-2005,13404.825921497208
1193,pensioner,M,74,pre97,Pre-1997,1734.9093777896378
1193,pensioner,M,74,9705,1997-2005,1301.1820333422284
1193,pensioner,M,74,post05,Post-2005,1301.1820333422284
1194,pensioner,M,79,pre97,Pre-1997,14364.95175866293
1194,pensioner,M,79,9705,1997-2005,10773.713818997196
1194,pensioner,M,79,post05,Post-2005,10773.713818997196
1195,pensioner,M,72,pre97,Pre-1997,26012.672700058123
1195,pensioner,M,72,9705,1997-2005,19509.50452504359
1195,pensioner,M,72,post05,Post-2005,19509.50452504359
1196,pensioner,M,82,pre97,Pre-1997,9706.270656924045
1196,pensioner,M,82,9705,1997-2005,7279.702992693033
1196,pensioner,M,82,post05,Post-2005,7279.702992693033
1197,pensioner,F,70,pre97,Pre-1997,581.3396989284636
1197,pensioner,F,70,9705,1997-2005,436.0047741963476
1197,pensioner,F,70,post05,Post-2005,436.0047741963476
1198,pensioner,M,72,pre97,Pre-1997,9919.173138142829
1198,pensioner,M,72,9705,1997-2005,7439.379853607121
1198,pensioner,M,72,post05,Post-2005,7439.379853607121
1199,pensioner,M,79,pre97,Pre-1997,9918.595657731814
1199,pensioner,M,79,9705,1997-2005,7438.946743298859
1199,pensioner,M,79,post05,Post-2005,7438.946743298859
1200,pensioner,F,70,pre97,Pre-1997,1662.990878384223
1200,pensioner,F,70,9705,1997-2005,1247.243158788167
1200,pensioner,F,70,post05,Post-2005,1247.243158788167
1201,deferred,F,56,pre97,Pre-1997,944.6072501588451
1201,deferred,F,56,9705,1997-2005,708.4554376191338
1201,deferred,F,56,post05,Post-2005,708.4554376191338
1202,deferred,M,53,pre97,Pre-1997,7884.327824898915
1202,deferred,M,53,9705,1997-2005,5913.245868674187
1202,deferred,M,53,post05,Post-2005,5913.245868674187
1203,deferred,M,58,pre97,Pre-1997,1545.4017804286489
1203,deferred,M,58,9705,1997-2005,1159.0513353214865
1203,deferred,M,58,post05,Post-2005,1159.0513353214865
1204,deferred,F,58,pre97,Pre-1997,9366.500648776446
1204,deferred,F,58,9705,1997-2005,7024.875486582333
1204,deferred,F,58,post05,Post-2005,7024.875486582333
1205,deferred,M,60,pre97,Pre-1997,488.03822693502434
1205,deferred,M,60,9705,1997-2005,366.02867020126826
1205,deferred,M,60,post05,Post-2005,366.02867020126826
1206,deferred,M,50,pre97,Pre-1997,3104.1816058644454
1206,deferred,M,50,9705,1997-2005,2328.136204398334
1206,deferred,M,50,post05,Post-2005,2328.136204398334
1207,deferred,F,50,pre97,Pre-1997,4878.690285480359
1207,deferred,F,50,9705,1997-2005,3659.0177141102695
1207,deferred,F,50,post05,Post-2005,3659.0177141102695
1208,deferred,M,55,pre97,Pre-1997,813.3237183756612
1208,deferred,M,55,9705,1997-2005,609.9927887817458
1208,deferred,M,55,post05,Post-2005,609.9927887817458
1209,deferred,M,53,pre97,Pre-1997,2111.011231111542
1209,deferred,M,53,9705,1997-2005,1583.2584233336568
1209,deferred,M,53,post05,Post-2005,1583.2584233336568
1210,deferred,M,57,pre97,Pre-1997,2053.374387611689
1210,deferred,M,57,9705,1997-2005,1540.030790708767
1210,deferred,M,57,post05,Post-2005,1540.030790708767
1211,deferred,M,56,pre97,Pre-1997,1804.549809111838
1211,deferred,M,56,9705,1997-2005,1353.4123568338782
1211,deferred,M,56,post05,Post-2005,1353.4123568338782
1212,deferred,F,58,pre97,Pre-1997,2634.3319690103253
1212,deferred,F,58,9705,1997-2005,1975.7489767577435
1212,deferred,F,58,post05,Post-2005,1975.7489767577435
1213,deferred,F,56,pre97,Pre-1997,1907.581759796662
1213,deferred,F,56,9705,1997-2005,1430.6863198474964
1213,deferred,F,56,post05,Post-2005,1430.6863198474964
1214,deferred,M,49,pre97,Pre-1997,2179.327813242491
1214,deferred,M,49,9705,1997-2005,1634.4958599318684
1214,deferred,M,49,post05,Post-2005,1634.4958599318684
1215,deferred,M,53,pre97,Pre-1997,1011.0603341426413
1215,deferred,M,53,9705,1997-2005,758.295250606981
1215,deferred,M,53,post05,Post-2005,758.295250606981
1216,deferred,F,53,pre97,Pre-1997,2639.230699833917
1216,deferred,F,53,9705,1997-2005,1979.4230248754372
1216,deferred,F,53,post05,Post-2005,1979.4230248754372
1217,deferred,F,45,pre97,Pre-1997,636.0184418675449
1217,deferred,F,45,9705,1997-2005,477.01383140065855
1217,deferred,F,45,post05,Post-2005,477.01383140065855
1218,deferred,F,60,pre97,Pre-1997,2814.4632754412933
1218,deferred,F,60,9705,1997-2005,2110.8474565809697
1218,deferred,F,60,post05,Post-2005,2110.8474565809697
1219,deferred,M,58,pre97,Pre-1997,10655.308695950036
1219,deferred,M,58,9705,1997-2005,7991.481521962525
1219,deferred,M,58,post05,Post-2005,7991.481521962525
1220,deferred,M,48,pre97,Pre-1997,511.6837934451723
1220,deferred,M,48,9705,1997-2005,383.7628450838792
1220,deferred,M,48,post05,Post-2005,383.7628450838792
1221,deferred,F,56,pre97,Pre-1997,7777.199468204821
1221,deferred,F,56,9705,1997-2005,5832.899601153615
1221,deferred,F,56,post05,Post-2005,5832.899601153615
1222,deferred,M,59,pre97,Pre-1997,502.4823453809678
1222,deferred,M,59,9705,1997-2005,376.8617590357258
1222,deferred,M,59,post05,Post-2005,376.8617590357258
1223,deferred,M,51,pre97,Pre-1997,494.50389537621106
1223,deferred,M,51,9705,1997-2005,370.87792153215827
1223,deferred,M,51,post05,Post-2005,370.87792153215827
1224,deferred,F,57,pre97,Pre-1997,10594.279587680045
1224,deferred,F,57,9705,1997-2005,7945.7096907600335
1224,deferred,F,57,post05,Post-2005,7945.7096907600335
1225,deferred,M,57,pre97,Pre-1997,2532.333679754965
1225,deferred,M,57,9705,1997-2005,1899.2502598162234
1225,deferred,M,57,post05,Post-2005,1899.2502598162234
1226,deferred,M,59,pre97,Pre-1997,2628.496842768403
1226,deferred,M,59,9705,1997-2005,1971.372632076302
1226,deferred,M,59,post05,Post-2005,1971.372632076302
1227,deferred,F,50,pre97,Pre-1997,1333.4385955310636
1227,deferred,F,50,9705,1997-2005,1000.0789466482975
1227,deferred,F,50,post05,Post-2005,1000.0789466482975
1228,deferred,F,54,pre97,Pre-1997,1237.953156081311
1228,deferred,F,54,9705,1997-2005,928.464867060983
1228,deferred,F,54,post05,Post-2005,928.464867060983
1229,deferred,M,51,pre97,Pre-1997,1004.667458612561
1229,deferred,M,51,9705,1997-2005,753.5005939594207
1229,deferred,M,51,post05,Post-2005,753.5005939594207
1230,deferred,F,58,pre97,Pre-1997,2178.0815614710955
1230,deferred,F,58,9705,1997-2005,1633.5611711033216
1230,deferred,F,58,post05,Post-2005,1633.5611711033216
1231,deferred,M,61,pre97,Pre-1997,2293.777427892102
1231,deferred,M,61,9705,1997-2005,1720.3330709190761
1231,deferred,M,61,post05,Post-2005,1720.3330709190761
1232,deferred,F,54,pre97,Pre-1997,1454.1488426542453
1232,deferred,F,54,9705,1997-2005,1090.611631990684
1232,deferred,F,54,post05,Post-2005,1090.611631990684
1233,deferred,F,52,pre97,Pre-1997,169.70068865627155
1233,deferred,F,52,9705,1997-2005,127.27551649220365
1233,deferred,F,52,post05,Post-2005,127.27551649220365
1234,deferred,M,51,pre97,Pre-1997,4344.844219607848
1234,deferred,M,51,9705,1997-2005,3258.6331647058855
1234,deferred,M,51,post05,Post-2005,3258.6331647058855
1235,deferred,F,56,pre97,Pre-1997,1249.1317150557427
1235,deferred,F,56,9705,1997-2005,936.848786291807
1235,deferred,F,56,post05,Post-2005,936.848786291807
1236,deferred,M,54,pre97,Pre-1997,701.720985157097
1236,deferred,M,54,9705,1997-2005,526.2907388678226
1236,deferred,M,54,post05,Post-2005,526.2907388678226
1237,deferred,F,54,pre97,Pre-1997,1050.417918242361
1237,deferred,F,54,9705,1997-2005,787.8134386817709
1237,deferred,F,54,post05,Post-2005,787.8134386817709
1238,deferred,F,47,pre97,Pre-1997,1040.42827772162
1238,deferred,F,47,9705,1997-2005,780.3212082912148
1238,deferred,F,47,post05,Post-2005,780.3212082912148
1239,deferred,M,56,pre97,Pre-1997,2506.0179392919235
1239,deferred,M,56,9705,1997-2005,1879.5134544689422
1239,deferred,M,56,post05,Post-2005,1879.5134544689422
1240,deferred,M,45,pre97,Pre-1997,2285.2243929148467
1240,deferred,M,45,9705,1997-2005,1713.918294686135
1240,deferred,M,45,post05,Post-2005,1713.918294686135
1241,deferred,F,56,pre97,Pre-1997,4896.0890063611005
1241,deferred,F,56,9705,1997-2005,3672.0667547708254
1241,deferred,F,56,post05,Post-2005,3672.0667547708254
1242,deferred,F,43,pre97,Pre-1997,1711.1545663433023
1242,deferred,F,43,9705,1997-2005,1283.3659247574767
1242,deferred,F,43,post05,Post-2005,1283.3659247574767
1243,deferred,M,56,pre97,Pre-1997,1766.5057025669685
1243,deferred,M,56,9705,1997-2005,1324.8792769252263
1243,deferred,M,56,post05,Post-2005,1324.8792769252263
1244,deferred,M,59,pre97,Pre-1997,1072.357987748955
1244,deferred,M,59,9705,1997-2005,804.2684908117162
1244,deferred,M,59,post05,Post-2005,804.2684908117162
1245,deferred,F,44,pre97,Pre-1997,2983.487647086255
1245,deferred,F,44,9705,1997-2005,2237.615735314691
1245,deferred,F,44,post05,Post-2005,2237.615735314691
1246,deferred,F,51,pre97,Pre-1997,1301.897502412139
1246,deferred,F,51,9705,1997-2005,976.423126809104
1246,deferred,F,51,post05,Post-2005,976.423126809104
1247,deferred,F,57,pre97,Pre-1997,774.7034093630302
1247,deferred,F,57,9705,1997-2005,581.0275570222726
1247,deferred,F,57,post05,Post-2005,581.0275570222726
1248,deferred,M,60,pre97,Pre-1997,628.2747548631625
1248,deferred,M,60,9705,1997-2005,471.2060661473718
1248,deferred,M,60,post05,Post-2005,471.2060661473718
1249,deferred,M,48,pre97,Pre-1997,5346.093578303489
1249,deferred,M,48,9705,1997-2005,4009.5701837276165
1249,deferred,M,48,post05,Post-2005,4009.5701837276165
1250,deferred,M,55,pre97,Pre-1997,8293.640005313348
1250,deferred,M,55,9705,1997-2005,6220.230003985011
1250,deferred,M,55,post05,Post-2005,6220.230003985011
1251,deferred,F,52,pre97,Pre-1997,1862.8278807332679
1251,deferred,F,52,9705,1997-2005,1397.1209105499508
1251,deferred,F,52,post05,Post-2005,1397.1209105499508
1252,deferred,M,54,pre97,Pre-1997,435.470323934577
1252,deferred,M,54,9705,1997-2005,326.6027429509327
1252,deferred,M,54,post05,Post-2005,326.6027429509327
1253,deferred,M,62,pre97,Pre-1997,2517.71993039895
1253,deferred,M,62,9705,1997-2005,1888.2899477992123
1253,deferred,M,62,post05,Post-2005,1888.2899477992123
1254,deferred,M,45,pre97,Pre-1997,1019.9600015635544
1254,deferred,M,45,9705,1997-2005,764.9700011726658
1254,deferred,M,45,post05,Post-2005,764.9700011726658
1255,deferred,F,51,pre97,Pre-1997,1161.0002368255607
1255,deferred,F,51,9705,1997-2005,870.7501776191704
1255,deferred,F,51,post05,Post-2005,870.7501776191704
1256,deferred,M,62,pre97,Pre-1997,3603.2322258985682
1256,deferred,M,62,9705,1997-2005,2702.424169423926
1256,deferred,M,62,post05,Post-2005,2702.424169423926
1257,deferred,M,53,pre97,Pre-1997,1331.0845926319769
1257,deferred,M,53,9705,1997-2005,998.3134444739825
1257,deferred,M,53,post05,Post-2005,998.3134444739825
1258,deferred,F,54,pre97,Pre-1997,6048.905901208543
1258,deferred,F,54,9705,1997-2005,4536.679425906406
1258,deferred,F,54,post05,Post-2005,4536.679425906406
1259,deferred,M,57,pre97,Pre-1997,4512.81124526913
1259,deferred,M,57,9705,1997-2005,3384.608433951847
1259,deferred,M,57,post05,Post-2005,3384.608433951847
1260,deferred,M,58,pre97,Pre-1997,1356.6561499995894
1260,deferred,M,58,9705,1997-2005,1017.4921124996919
1260,deferred,M,58,post05,Post-2005,1017.4921124996919
1261,deferred,F,49,pre97,Pre-1997,11740.5051030592
1261,deferred,F,49,9705,1997-2005,8805.378827294398
1261,deferred,F,49,post05,Post-2005,8805.378827294398
1262,deferred,M,61,pre97,Pre-1997,2076.551775886966
1262,deferred,M,61,9705,1997-2005,1557.4138319152241
1262,deferred,M,61,post05,Post-2005,1557.4138319152241
1263,deferred,F,56,pre97,Pre-1997,8960.256182779216
1263,deferred,F,56,9705,1997-2005,6720.192137084412
1263,deferred,F,56,post05,Post-2005,6720.192137084412
1264,deferred,F,56,pre97,Pre-1997,322.3669267775736
1264,deferred,F,56,9705,1997-2005,241.7751950831802
1264,deferred,F,56,post05,Post-2005,241.7751950831802
1265,deferred,F,49,pre97,Pre-1997,360.00976538833635
1265,deferred,F,49,9705,1997-2005,270.0073240412522
1265,deferred,F,49,post05,Post-2005,270.0073240412522
1266,deferred,F,61,pre97,Pre-1997,1014.1780369455499
1266,deferred,F,61,9705,1997-2005,760.6335277091624
1266,deferred,F,61,post05,Post-2005,760.6335277091624
1267,deferred,M,59,pre97,Pre-1997,1389.388002168115
1267,deferred,M,59,9705,1997-2005,1042.0410016260862
1267,deferred,M,59,post05,Post-2005,1042.0410016260862
1268,deferred,F,54,pre97,Pre-1997,4563.304320012323
1268,deferred,F,54,9705,1997-2005,3422.4782400092417
1268,deferred,F,54,post05,Post-2005,3422.4782400092417
1269,deferred,M,56,pre97,Pre-1997,836.7520020585719
1269,deferred,M,56,9705,1997-2005,627.5640015439288
1269,deferred,M,56,post05,Post-2005,627.5640015439288
1270,deferred,M,48,pre97,Pre-1997,3241.0234157427312
1270,deferred,M,48,9705,1997-2005,2430.7675618070484
1270,deferred,M,48,post05,Post-2005,2430.7675618070484
1271,deferred,M,63,pre97,Pre-1997,3700.7950610822845
1271,deferred,M,63,9705,1997-2005,2775.5962958117134
1271,deferred,M,63,post05,Post-2005,2775.5962958117134
1272,deferred,F,52,pre97,Pre-1997,1819.5367599786402
1272,deferred,F,52,9705,1997-2005,1364.6525699839801
1272,deferred,F,52,post05,Post-2005,1364.6525699839801
1273,deferred,F,41,pre97,Pre-1997,1167.1718694418325
1273,deferred,F,41,9705,1997-2005,875.3789020813743
1273,deferred,F,41,post05,Post-2005,875.3789020813743
1274,deferred,M,46,pre97,Pre-1997,764.3594512710008
1274,deferred,M,46,9705,1997-2005,573.2695884532505
1274,deferred,M,46,post05,Post-2005,573.2695884532505
1275,deferred,F,43,pre97,Pre-1997,6016.5016477657055
1275,deferred,F,43,9705,1997-2005,4512.376235824278
1275,deferred,F,43,post05,Post-2005,4512.376235824278
1276,deferred,M,51,pre97,Pre-1997,192.02045479149106
1276,deferred,M,51,9705,1997-2005,144.01534109361828
1276,deferred,M,51,post05,Post-2005,144.01534109361828
1277,deferred,M,56,pre97,Pre-1997,2611.9815955364816
1277,deferred,M,56,9705,1997-2005,1958.986196652361
1277,deferred,M,56,post05,Post-2005,1958.986196652361
1278,deferred,M,49,pre97,Pre-1997,3004.3815616477987
1278,deferred,M,49,9705,1997-2005,2253.2861712358485
1278,deferred,M,49,post05,Post-2005,2253.2861712358485
1279,deferred,M,49,pre97,Pre-1997,4309.973517268019
1279,deferred,M,49,9705,1997-2005,3232.4801379510145
1279,deferred,M,49,post05,Post-2005,3232.4801379510145
1280,deferred,F,54,pre97,Pre-1997,1559.5234464707437
1280,deferred,F,54,9705,1997-2005,1169.6425848530578
1280,deferred,F,54,post05,Post-2005,1169.6425848530578
1281,deferred,M,57,pre97,Pre-1997,2224.982957277602
1281,deferred,M,57,9705,1997-2005,1668.7372179582014
1281,deferred,M,57,post05,Post-2005,1668.7372179582014
1282,deferred,M,59,pre97,Pre-1997,5661.308504796969
1282,deferred,M,59,9705,1997-2005,4245.981378597727
1282,deferred,M,59,post05,Post-2005,4245.981378597727
1283,deferred,M,46,pre97,Pre-1997,5201.614174547863
1283,deferred,M,46,9705,1997-2005,3901.2106309108963
1283,deferred,M,46,post05,Post-2005,3901.2106309108963
1284,deferred,M,59,pre97,Pre-1997,2347.596547583205
1284,deferred,M,59,9705,1997-2005,1760.6974106874034
1284,deferred,M,59,post05,Post-2005,1760.6974106874034
1285,deferred,M,54,pre97,Pre-1997,2573.8647154693294
1285,deferred,M,54,9705,1997-2005,1930.3985366019967
1285,deferred,M,54,post05,Post-2005,1930.3985366019967
1286,deferred,F,46,pre97,Pre-1997,1106.7549908037815
1286,deferred,F,46,9705,1997-2005,830.066243102836
1286,deferred,F,46,post05,Post-2005,830.066243102836
1287,deferred,M,50,pre97,Pre-1997,1472.771616667453
1287,deferred,M,50,9705,1997-2005,1104.5787125005895
1287,deferred,M,50,post05,Post-2005,1104.5787125005895
1288,deferred,F,43,pre97,Pre-1997,3309.7475466902065
1288,deferred,F,43,9705,1997-2005,2482.3106600176548
1288,deferred,F,43,post05,Post-2005,2482.3106600176548
1289,deferred,F,64,pre97,Pre-1997,733.7025356623923
1289,deferred,F,64,9705,1997-2005,550.2769017467941
1289,deferred,F,64,post05,Post-2005,550.2769017467941
1290,deferred,F,54,pre97,Pre-1997,4281.234386882301
1290,deferred,F,54,9705,1997-2005,3210.9257901617257
1290,deferred,F,54,post05,Post-2005,3210.9257901617257
1291,deferred,F,48,pre97,Pre-1997,4932.1705231874885
1291,deferred,F,48,9705,1997-2005,3699.127892390616
1291,deferred,F,48,post05,Post-2005,3699.127892390616
1292,deferred,M,55,pre97,Pre-1997,2714.300660277323
1292,deferred,M,55,9705,1997-2005,2035.725495207992
1292,deferred,M,55,post05,Post-2005,2035.725495207992
1293,deferred,M,54,pre97,Pre-1997,3972.797755674938
1293,deferred,M,54,9705,1997-2005,2979.598316756203
1293,deferred,M,54,post05,Post-2005,2979.598316756203
1294,deferred,M,55,pre97,Pre-1997,3080.8309681865526
1294,deferred,M,55,9705,1997-2005,2310.623226139914
1294,deferred,M,55,post05,Post-2005,2310.623226139914
1295,deferred,M,64,pre97,Pre-1997,1485.6047781626485
1295,deferred,M,64,9705,1997-2005,1114.2035836219861
1295,deferred,M,64,post05,Post-2005,1114.2035836219861
1296,deferred,F,55,pre97,Pre-1997,1244.8501326681578
1296,deferred,F,55,9705,1997-2005,933.6375995011182
1296,deferred,F,55,post05,Post-2005,933.6375995011182
1297,deferred,F,48,pre97,Pre-1997,4803.971555936452
1297,deferred,F,48,9705,1997-2005,3602.978666952339
1297,deferred,F,48,post05,Post-2005,3602.978666952339
1298,deferred,M,52,pre97,Pre-1997,626.1088794735927
1298,deferred,M,52,9705,1997-2005,469.58165960519443
1298,deferred,M,52,post05,Post-2005,469.58165960519443
1299,deferred,M,45,pre97,Pre-1997,1334.1972321871597
1299,deferred,M,45,9705,1997-2005,1000.6479241403696
1299,deferred,M,45,post05,Post-2005,1000.6479241403696
1300,deferred,F,58,pre97,Pre-1997,400.298816133894
1300,deferred,F,58,9705,1997-2005,300.2241121004204
1300,deferred,F,58,post05,Post-2005,300.2241121004204
1301,deferred,M,51,pre97,Pre-1997,75.01383109170723
1301,deferred,M,51,9705,1997-2005,56.260373318780424
1301,deferred,M,51,post05,Post-2005,56.260373318780424
1302,deferred,F,49,pre97,Pre-1997,621.8935070076436
1302,deferred,F,49,9705,1997-2005,466.4201302557327
1302,deferred,F,49,post05,Post-2005,466.4201302557327
1303,deferred,M,55,pre97,Pre-1997,4084.6526836566477
1303,deferred,M,55,9705,1997-2005,3063.4895127424857
1303,deferred,M,55,post05,Post-2005,3063.4895127424857
1304,deferred,M,51,pre97,Pre-1997,1476.9418778344661
1304,deferred,M,51,9705,1997-2005,1107.7064083758496
1304,deferred,M,51,post05,Post-2005,1107.7064083758496
1305,deferred,F,50,pre97,Pre-1997,4058.2099994879195
1305,deferred,F,50,9705,1997-2005,3043.6574996159393
1305,deferred,F,50,post05,Post-2005,3043.6574996159393
1306,deferred,F,56,pre97,Pre-1997,1812.3162752554367
1306,deferred,F,56,9705,1997-2005,1359.2372064415774
1306,deferred,F,56,post05,Post-2005,1359.2372064415774
1307,deferred,F,59,pre97,Pre-1997,1824.1073092910638
1307,deferred,F,59,9705,1997-2005,1368.0804819682976
1307,deferred,F,59,post05,Post-2005,1368.0804819682976
1308,deferred,M,52,pre97,Pre-1997,5789.793296928055
1308,deferred,M,52,9705,1997-2005,4342.344972696041
1308,deferred,M,52,post05,Post-2005,4342.344972696041
1309,deferred,F,46,pre97,Pre-1997,4894.504043313074
1309,deferred,F,46,9705,1997-2005,3670.8780324848058
1309,deferred,F,46,post05,Post-2005,3670.8780324848058
1310,deferred,F,57,pre97,Pre-1997,763.587660986254
1310,deferred,F,57,9705,1997-2005,572.6907457396904
1310,deferred,F,57,post05,Post-2005,572.6907457396904
1311,deferred,M,59,pre97,Pre-1997,1558.7630221412255
1311,deferred,M,59,9705,1997-2005,1169.072266605919
1311,deferred,M,59,post05,Post-2005,1169.072266605919
1312,deferred,M,44,pre97,Pre-1997,2018.84090753498
1312,deferred,M,44,9705,1997-2005,1514.1306806512348
1312,deferred,M,44,post05,Post-2005,1514.1306806512348
1313,deferred,F,58,pre97,Pre-1997,456.04901367091935
1313,deferred,F,58,9705,1997-2005,342.03676025318947
1313,deferred,F,58,post05,Post-2005,342.03676025318947
1314,deferred,F,50,pre97,Pre-1997,2126.5743406708852
1314,deferred,F,50,9705,1997-2005,1594.9307555031637
1314,deferred,F,50,post05,Post-2005,1594.9307555031637
1315,deferred,F,61,pre97,Pre-1997,1890.0528909285858
1315,deferred,F,61,9705,1997-2005,1417.5396681964394
1315,deferred,F,61,post05,Post-2005,1417.5396681964394
1316,deferred,M,55,pre97,Pre-1997,549.1409866980161
1316,deferred,M,55,9705,1997-2005,411.8557400235121
1316,deferred,M,55,post05,Post-2005,411.8557400235121
1317,deferred,F,51,pre97,Pre-1997,5159.010584449308
1317,deferred,F,51,9705,1997-2005,3869.257938336981
1317,deferred,F,51,post05,Post-2005,3869.257938336981
1318,deferred,F,63,pre97,Pre-1997,1860.5175504946824
1318,deferred,F,63,9705,1997-2005,1395.3881628710117
1318,deferred,F,63,post05,Post-2005,1395.3881628710117
1319,deferred,M,56,pre97,Pre-1997,1756.2367538727192
1319,deferred,M,56,9705,1997-2005,1317.1775654045393
1319,deferred,M,56,post05,Post-2005,1317.1775654045393
1320,deferred,F,60,pre97,Pre-1997,16503.94965680894
1320,deferred,F,60,9705,1997-2005,12377.962242606705
1320,deferred,F,60,post05,Post-2005,12377.962242606705
1321,deferred,F,45,pre97,Pre-1997,2081.5955370765832
1321,deferred,F,45,9705,1997-2005,1561.1966528074372
1321,deferred,F,45,post05,Post-2005,1561.1966528074372
1322,deferred,F,50,pre97,Pre-1997,2143.2999819590805
1322,deferred,F,50,9705,1997-2005,1607.4749864693104
1322,deferred,F,50,post05,Post-2005,1607.4749864693104
1323,deferred,M,58,pre97,Pre-1997,1184.65865923893
1323,deferred,M,58,9705,1997-2005,888.4939944291974
1323,deferred,M,58,post05,Post-2005,888.4939944291974
1324,deferred,F,52,pre97,Pre-1997,677.2177936293256
1324,deferred,F,52,9705,1997-2005,507.91334522199406
1324,deferred,F,52,post05,Post-2005,507.91334522199406
1325,deferred,F,56,pre97,Pre-1997,1534.3363742403753
1325,deferred,F,56,9705,1997-2005,1150.7522806802813
1325,deferred,F,56,post05,Post-2005,1150.7522806802813
1326,deferred,M,64,pre97,Pre-1997,2328.288227221475
1326,deferred,M,64,9705,1997-2005,1746.216170416106
1326,deferred,M,64,post05,Post-2005,1746.216170416106
1327,deferred,M,56,pre97,Pre-1997,3452.9445517980744
1327,deferred,M,56,9705,1997-2005,2589.7084138485557
1327,deferred,M,56,post05,Post-2005,2589.7084138485557
1328,deferred,M,56,pre97,Pre-1997,1827.01835238588
1328,deferred,M,56,9705,1997-2005,1370.26376428941
1328,deferred,M,56,post05,Post-2005,1370.26376428941
1329,deferred,F,48,pre97,Pre-1997,1540.1421639681932
1329,deferred,F,48,9705,1997-2005,1155.1066229761448
1329,deferred,F,48,post05,Post-2005,1155.1066229761448
1330,deferred,F,49,pre97,Pre-1997,1142.8803705781909
1330,deferred,F,49,9705,1997-2005,857.160277933643
1330,deferred,F,49,post05,Post-2005,857.160277933643
1331,deferred,F,52,pre97,Pre-1997,667.5673613750009
1331,deferred,F,52,9705,1997-2005,500.6755210312506
1331,deferred,F,52,post05,Post-2005,500.6755210312506
1332,deferred,F,52,pre97,Pre-1997,927.819975150052
1332,deferred,F,52,9705,1997-2005,695.8649813625389
1332,deferred,F,52,post05,Post-2005,695.8649813625389
1333,deferred,F,55,pre97,Pre-1997,3848.8409475650733
1333,deferred,F,55,9705,1997-2005,2886.630710673805
1333,deferred,F,55,post05,Post-2005,2886.630710673805
1334,deferred,M,55,pre97,Pre-1997,1323.3360788344173
1334,deferred,M,55,9705,1997-2005,992.5020591258129
1334,deferred,M,55,post05,Post-2005,992.5020591258129
1335,deferred,M,60,pre97,Pre-1997,2416.4188740935942
1335,deferred,M,60,9705,1997-2005,1812.3141555701955
1335,deferred,M,60,post05,Post-2005,1812.3141555701955
1336,deferred,M,53,pre97,Pre-1997,13884.040642968377
1336,deferred,M,53,9705,1997-2005,10413.030482226282
1336,deferred,M,53,post05,Post-2005,10413.030482226282
1337,deferred,F,48,pre97,Pre-1997,700.8703595815596
1337,deferred,F,48,9705,1997-2005,525.6527696861696
1337,deferred,F,48,post05,Post-2005,525.6527696861696
1338,deferred,F,57,pre97,Pre-1997,2694.8102730690625
1338,deferred,F,57,9705,1997-2005,2021.1077048017964
1338,deferred,F,57,post05,Post-2005,2021.1077048017964
1339,deferred,F,44,pre97,Pre-1997,3735.2835685251
1339,deferred,F,44,9705,1997-2005,2801.4626763938245
1339,deferred,F,44,post05,Post-2005,2801.4626763938245
1340,deferred,M,50,pre97,Pre-1997,1330.7907645065393
1340,deferred,M,50,9705,1997-2005,998.0930733799044
1340,deferred,M,50,post05,Post-2005,998.0930733799044
1341,deferred,M,49,pre97,Pre-1997,2615.751300298914
1341,deferred,M,49,9705,1997-2005,1961.8134752241851
1341,deferred,M,49,post05,Post-2005,1961.8134752241851
1342,deferred,M,55,pre97,Pre-1997,2541.335051259916
1342,deferred,M,55,9705,1997-2005,1906.0012884449368
1342,deferred,M,55,post05,Post-2005,1906.0012884449368
1343,deferred,F,55,pre97,Pre-1997,1238.783284405008
1343,deferred,F,55,9705,1997-2005,929.0874633037561
1343,deferred,F,55,post05,Post-2005,929.0874633037561
1344,deferred,F,57,pre97,Pre-1997,2026.2784759059232
1344,deferred,F,57,9705,1997-2005,1519.7088569294424
1344,deferred,F,57,post05,Post-2005,1519.7088569294424
1345,deferred,M,48,pre97,Pre-1997,5754.837806544315
1345,deferred,M,48,9705,1997-2005,4316.128354908235
1345,deferred,M,48,post05,Post-2005,4316.128354908235
1346,deferred,M,57,pre97,Pre-1997,1446.055742282019
1346,deferred,M,57,9705,1997-2005,1084.5418067115143
1346,deferred,M,57,post05,Post-2005,1084.5418067115143
1347,deferred,M,46,pre97,Pre-1997,6770.818100193384
1347,deferred,M,46,9705,1997-2005,5078.113575145038
1347,deferred,M,46,post05,Post-2005,5078.113575145038
1348,deferred,M,57,pre97,Pre-1997,1452.0813752587314
1348,deferred,M,57,9705,1997-2005,1089.0610314440485
1348,deferred,M,57,post05,Post-2005,1089.0610314440485
1349,deferred,F,56,pre97,Pre-1997,2978.919388297425
1349,deferred,F,56,9705,1997-2005,2234.1895412230683
1349,deferred,F,56,post05,Post-2005,2234.1895412230683
1350,deferred,M,55,pre97,Pre-1997,1845.0836127163534
1350,deferred,M,55,9705,1997-2005,1383.812709537265
1350,deferred,M,55,post05,Post-2005,1383.812709537265
1351,deferred,M,61,pre97,Pre-1997,5187.151106855286
1351,deferred,M,61,9705,1997-2005,3890.3633301414648
1351,deferred,M,61,post05,Post-2005,3890.3633301414648
1352,deferred,M,56,pre97,Pre-1997,2514.9878563873517
1352,deferred,M,56,9705,1997-2005,1886.2408922905133
1352,deferred,M,56,post05,Post-2005,1886.2408922905133
1353,deferred,F,58,pre97,Pre-1997,3456.555469207926
1353,deferred,F,58,9705,1997-2005,2592.416601905944
1353,deferred,F,58,post05,Post-2005,2592.416601905944
1354,deferred,F,57,pre97,Pre-1997,18696.41410661979
1354,deferred,F,57,9705,1997-2005,14022.310579964844
1354,deferred,F,57,post05,Post-2005,14022.310579964844
1355,deferred,F,58,pre97,Pre-1997,1312.7778490305739
1355,deferred,F,58,9705,1997-2005,984.5833867729303
1355,deferred,F,58,post05,Post-2005,984.5833867729303
1356,deferred,F,40,pre97,Pre-1997,1911.2673909565017
1356,deferred,F,40,9705,1997-2005,1433.4505432173762
1356,deferred,F,40,post05,Post-2005,1433.4505432173762
1357,deferred,F,61,pre97,Pre-1997,281.2823489494956
1357,deferred,F,61,9705,1997-2005,210.9617617121217
1357,deferred,F,61,post05,Post-2005,210.9617617121217
1358,deferred,F,52,pre97,Pre-1997,1510.811998130273
1358,deferred,F,52,9705,1997-2005,1133.1089985977046
1358,deferred,F,52,post05,Post-2005,1133.1089985977046
1359,deferred,M,62,pre97,Pre-1997,392.40033027521446
1359,deferred,M,62,9705,1997-2005,294.3002477064108
1359,deferred,M,62,post05,Post-2005,294.3002477064108
1360,deferred,F,51,pre97,Pre-1997,1258.422728699723
1360,deferred,F,51,9705,1997-2005,943.817046524792
1360,deferred,F,51,post05,Post-2005,943.817046524792
1361,deferred,M,56,pre97,Pre-1997,3082.8170015460983
1361,deferred,M,56,9705,1997-2005,2312.1127511595732
1361,deferred,M,56,post05,Post-2005,2312.1127511595732
1362,deferred,F,50,pre97,Pre-1997,114.86991699911283
1362,deferred,F,50,9705,1997-2005,86.15243774933461
1362,deferred,F,50,post05,Post-2005,86.15243774933461
1363,deferred,M,54,pre97,Pre-1997,5278.432101922461
1363,deferred,M,54,9705,1997-2005,3958.824076441845
1363,deferred,M,54,post05,Post-2005,3958.824076441845
1364,deferred,M,48,pre97,Pre-1997,1571.0031415645274
1364,deferred,M,48,9705,1997-2005,1178.2523561733954
1364,deferred,M,48,post05,Post-2005,1178.2523561733954
1365,deferred,F,59,pre97,Pre-1997,2906.6237875018564
1365,deferred,F,59,9705,1997-2005,2179.967840626392
1365,deferred,F,59,post05,Post-2005,2179.967840626392
1366,deferred,M,61,pre97,Pre-1997,574.3961539217157
1366,deferred,M,61,9705,1997-2005,430.7971154412868
1366,deferred,M,61,post05,Post-2005,430.7971154412868
1367,deferred,M,54,pre97,Pre-1997,3513.0534372915845
1367,deferred,M,54,9705,1997-2005,2634.790077968688
1367,deferred,M,54,post05,Post-2005,2634.790077968688
1368,deferred,M,58,pre97,Pre-1997,847.9123480864478
1368,deferred,M,58,9705,1997-2005,635.9342610648357
1368,deferred,M,58,post05,Post-2005,635.9342610648357
1369,deferred,F,44,pre97,Pre-1997,2403.074913428685
1369,deferred,F,44,9705,1997-2005,1802.3061850715133
1369,deferred,F,44,post05,Post-2005,1802.3061850715133
1370,deferred,F,50,pre97,Pre-1997,4586.832979676945
1370,deferred,F,50,9705,1997-2005,3440.124734757708
1370,deferred,F,50,post05,Post-2005,3440.124734757708
1371,deferred,F,59,pre97,Pre-1997,2962.2912857107463
1371,deferred,F,59,9705,1997-2005,2221.7184642830593
1371,deferred,F,59,post05,Post-2005,2221.7184642830593
1372,deferred,F,55,pre97,Pre-1997,1988.2248839770673
1372,deferred,F,55,9705,1997-2005,1491.1686629828005
1372,deferred,F,55,post05,Post-2005,1491.1686629828005
1373,deferred,F,61,pre97,Pre-1997,1887.4716266866974
1373,deferred,F,61,9705,1997-2005,1415.6037200150229
1373,deferred,F,61,post05,Post-2005,1415.6037200150229
1374,deferred,M,54,pre97,Pre-1997,2514.3434780204443
1374,deferred,M,54,9705,1997-2005,1885.7576085153332
1374,deferred,M,54,post05,Post-2005,1885.7576085153332
1375,deferred,F,48,pre97,Pre-1997,1464.9634102096225
1375,deferred,F,48,9705,1997-2005,1098.7225576572166
1375,deferred,F,48,post05,Post-2005,1098.7225576572166
1376,deferred,M,58,pre97,Pre-1997,3670.6585573956386
1376,deferred,M,58,9705,1997-2005,2752.9939180467286
1376,deferred,M,58,post05,Post-2005,2752.9939180467286
1377,deferred,M,58,pre97,Pre-1997,359.34469924302397
1377,deferred,M,58,9705,1997-2005,269.50852443226796
1377,deferred,M,58,post05,Post-2005,269.50852443226796
1378,deferred,F,58,pre97,Pre-1997,1422.439617954409
1378,deferred,F,58,9705,1997-2005,1066.8297134658067
1378,deferred,F,58,post05,Post-2005,1066.8297134658067
1379,deferred,M,59,pre97,Pre-1997,1601.9995252043418
1379,deferred,M,59,9705,1997-2005,1201.4996439032561
1379,deferred,M,59,post05,Post-2005,1201.4996439032561
1380,deferred,F,58,pre97,Pre-1997,1615.884962089418
1380,deferred,F,58,9705,1997-2005,1211.9137215670632
1380,deferred,F,58,post05,Post-2005,1211.9137215670632
1381,deferred,M,49,pre97,Pre-1997,3855.3297030115996
1381,deferred,M,49,9705,1997-2005,2891.4972772586993
1381,deferred,M,49,post05,Post-2005,2891.4972772586993
1382,deferred,F,43,pre97,Pre-1997,3346.0521336701454
1382,deferred,F,43,9705,1997-2005,2509.539100252609
1382,deferred,F,43,post05,Post-2005,2509.539100252609
1383,deferred,F,53,pre97,Pre-1997,2035.5575018904005
1383,deferred,F,53,9705,1997-2005,1526.6681264178003
1383,deferred,F,53,post05,Post-2005,1526.6681264178003
1384,deferred,M,48,pre97,Pre-1997,6930.934224744844
1384,deferred,M,48,9705,1997-2005,5198.200668558633
1384,deferred,M,48,post05,Post-2005,5198.200668558633
1385,deferred,M,53,pre97,Pre-1997,981.544093649446
1385,deferred,M,53,9705,1997-2005,736.1580702370845
1385,deferred,M,53,post05,Post-2005,736.1580702370845
1386,deferred,F,55,pre97,Pre-1997,3983.308483625091
1386,deferred,F,55,9705,1997-2005,2987.4813627188178
1386,deferred,F,55,post05,Post-2005,2987.4813627188178
1387,deferred,M,45,pre97,Pre-1997,1958.7224591070492
1387,deferred,M,45,9705,1997-2005,1469.0418443302867
1387,deferred,M,45,post05,Post-2005,1469.0418443302867
1388,deferred,M,56,pre97,Pre-1997,11638.948973307697
1388,deferred,M,56,9705,1997-2005,8729.211729980772
1388,deferred,M,56,post05,Post-2005,8729.211729980772
1389,deferred,M,63,pre97,Pre-1997,587.4727629028756
1389,deferred,M,63,9705,1997-2005,440.60457217715674
1389,deferred,M,63,post05,Post-2005,440.60457217715674
1390,deferred,M,47,pre97,Pre-1997,8395.078761632218
1390,deferred,M,47,9705,1997-2005,6296.309071224162
1390,deferred,M,47,post05,Post-2005,6296.309071224162
1391,deferred,M,55,pre97,Pre-1997,6967.279397026457
1391,deferred,M,55,9705,1997-2005,5225.459547769842
1391,deferred,M,55,post05,Post-2005,5225.459547769842
1392,deferred,M,58,pre97,Pre-1997,5027.5165487808345
1392,deferred,M,58,9705,1997-2005,3770.6374115856256
1392,deferred,M,58,post05,Post-2005,3770.6374115856256
1393,deferred,M,50,pre97,Pre-1997,4347.842563034344
1393,deferred,M,50,9705,1997-2005,3260.881922275757
1393,deferred,M,50,post05,Post-2005,3260.881922275757
1394,deferred,M,51,pre97,Pre-1997,5834.8314138702535
1394,deferred,M,51,9705,1997-2005,4376.12356040269
1394,deferred,M,51,post05,Post-2005,4376.12356040269
1395,deferred,M,44,pre97,Pre-1997,2035.1630209832813
1395,deferred,M,44,9705,1997-2005,1526.3722657374608
1395,deferred,M,44,post05,Post-2005,1526.3722657374608
1396,deferred,M,50,pre97,Pre-1997,643.1508425432849
1396,deferred,M,50,9705,1997-2005,482.36313190746364
1396,deferred,M,50,post05,Post-2005,482.36313190746364
1397,deferred,F,52,pre97,Pre-1997,1291.8839612742934
1397,deferred,F,52,9705,1997-2005,968.91297095572
1397,deferred,F,52,post05,Post-2005,968.91297095572
1398,deferred,F,58,pre97,Pre-1997,2278.439492390799
1398,deferred,F,58,9705,1997-2005,1708.829619293099
1398,deferred,F,58,post05,Post-2005,1708.829619293099
1399,deferred,M,49,pre97,Pre-1997,581.6122769566847
1399,deferred,M,49,9705,1997-2005,436.2092077175135
1399,deferred,M,49,post05,Post-2005,436.2092077175135
1400,deferred,F,54,pre97,Pre-1997,1661.4620496689965
1400,deferred,F,54,9705,1997-2005,1246.0965372517473
1400,deferred,F,54,post05,Post-2005,1246.0965372517473
1401,deferred,F,55,pre97,Pre-1997,1532.6334817375346
1401,deferred,F,55,9705,1997-2005,1149.475111303151
1401,deferred,F,55,post05,Post-2005,1149.475111303151
1402,deferred,M,46,pre97,Pre-1997,1057.639209963828
1402,deferred,M,46,9705,1997-2005,793.229407472871
1402,deferred,M,46,post05,Post-2005,793.229407472871
1403,deferred,F,46,pre97,Pre-1997,1054.2759965743908
1403,deferred,F,46,9705,1997-2005,790.7069974307931
1403,deferred,F,46,post05,Post-2005,790.7069974307931
1404,deferred,F,58,pre97,Pre-1997,2380.52143832014
1404,deferred,F,58,9705,1997-2005,1785.391078740105
1404,deferred,F,58,post05,Post-2005,1785.391078740105
1405,deferred,F,58,pre97,Pre-1997,963.9323915822412
1405,deferred,F,58,9705,1997-2005,722.9492936866808
1405,deferred,F,58,post05,Post-2005,722.9492936866808
1406,deferred,F,57,pre97,Pre-1997,532.5862744455133
1406,deferred,F,57,9705,1997-2005,399.4397058341349
1406,deferred,F,57,post05,Post-2005,399.4397058341349
1407,deferred,F,63,pre97,Pre-1997,884.7508956502766
1407,deferred,F,63,9705,1997-2005,663.5631717377073
1407,deferred,F,63,post05,Post-2005,663.5631717377073
1408,deferred,M,59,pre97,Pre-1997,2285.388298960506
1408,deferred,M,59,9705,1997-2005,1714.041224220379
1408,deferred,M,59,post05,Post-2005,1714.041224220379
1409,deferred,M,54,pre97,Pre-1997,9382.05856223713
1409,deferred,M,54,9705,1997-2005,7036.543921677848
1409,deferred,M,54,post05,Post-2005,7036.543921677848
1410,deferred,M,55,pre97,Pre-1997,1007.6112065718874
1410,deferred,M,55,9705,1997-2005,755.7084049289155
1410,deferred,M,55,post05,Post-2005,755.7084049289155
1411,deferred,M,60,pre97,Pre-1997,426.7471088276315
1411,deferred,M,60,9705,1997-2005,320.0603316207236
1411,deferred,M,60,post05,Post-2005,320.0603316207236
1412,deferred,F,53,pre97,Pre-1997,4327.775068099861
1412,deferred,F,53,9705,1997-2005,3245.8313010748957
1412,deferred,F,53,post05,Post-2005,3245.8313010748957
1413,deferred,F,62,pre97,Pre-1997,7328.2890157818
1413,deferred,F,62,9705,1997-2005,5496.216761836349
1413,deferred,F,62,post05,Post-2005,5496.216761836349
1414,deferred,F,48,pre97,Pre-1997,1483.5502099192327
1414,deferred,F,48,9705,1997-2005,1112.6626574394243
1414,deferred,F,48,post05,Post-2005,1112.6626574394243
1415,deferred,F,53,pre97,Pre-1997,251.53254300657065
1415,deferred,F,53,9705,1997-2005,188.64940725492798
1415,deferred,F,53,post05,Post-2005,188.64940725492798
1416,deferred,M,49,pre97,Pre-1997,2692.029226955195
1416,deferred,M,49,9705,1997-2005,2019.021920216396
1416,deferred,M,49,post05,Post-2005,2019.021920216396
1417,deferred,M,52,pre97,Pre-1997,691.708722358716
1417,deferred,M,52,9705,1997-2005,518.781541769037
1417,deferred,M,52,post05,Post-2005,518.781541769037
1418,deferred,F,57,pre97,Pre-1997,1801.3104908100854
1418,deferred,F,57,9705,1997-2005,1350.982868107564
1418,deferred,F,57,post05,Post-2005,1350.982868107564
1419,deferred,F,55,pre97,Pre-1997,4515.132915967663
1419,deferred,F,55,9705,1997-2005,3386.349686975747
1419,deferred,F,55,post05,Post-2005,3386.349686975747
1420,deferred,F,55,pre97,Pre-1997,2058.0474774600198
1420,deferred,F,55,9705,1997-2005,1543.5356080950146
1420,deferred,F,55,post05,Post-2005,1543.5356080950146
1421,deferred,F,50,pre97,Pre-1997,1323.312911380817
1421,deferred,F,50,9705,1997-2005,992.4846835356126
1421,deferred,F,50,post05,Post-2005,992.4846835356126
1422,deferred,F,45,pre97,Pre-1997,988.2206226764933
1422,deferred,F,45,9705,1997-2005,741.1654670073699
1422,deferred,F,45,post05,Post-2005,741.1654670073699
1423,deferred,M,50,pre97,Pre-1997,2079.3137443919354
1423,deferred,M,50,9705,1997-2005,1559.4853082939514
1423,deferred,M,50,post05,Post-2005,1559.4853082939514
1424,deferred,M,63,pre97,Pre-1997,10140.174009548819
1424,deferred,M,63,9705,1997-2005,7605.1305071616125
1424,deferred,M,63,post05,Post-2005,7605.1305071616125
1425,deferred,M,52,pre97,Pre-1997,1692.8936674477432
1425,deferred,M,52,9705,1997-2005,1269.6702505858073
1425,deferred,M,52,post05,Post-2005,1269.6702505858073
1426,deferred,F,46,pre97,Pre-1997,1065.161679148513
1426,deferred,F,46,9705,1997-2005,798.8712593613848
1426,deferred,F,46,post05,Post-2005,798.8712593613848
1427,deferred,F,63,pre97,Pre-1997,2873.765641779623
1427,deferred,F,63,9705,1997-2005,2155.324231334717
1427,deferred,F,63,post05,Post-2005,2155.324231334717
1428,deferred,M,50,pre97,Pre-1997,914.4691359515
1428,deferred,M,50,9705,1997-2005,685.851851963625
1428,deferred,M,50,post05,Post-2005,685.851851963625
1429,deferred,M,63,pre97,Pre-1997,450.80713174482594
1429,deferred,M,63,9705,1997-2005,338.1053488086194
1429,deferred,M,63,post05,Post-2005,338.1053488086194
1430,deferred,M,49,pre97,Pre-1997,9653.540670922068
1430,deferred,M,49,9705,1997-2005,7240.155503191551
1430,deferred,M,49,post05,Post-2005,7240.155503191551
1431,deferred,F,53,pre97,Pre-1997,2795.9471795969475
1431,deferred,F,53,9705,1997-2005,2096.9603846977107
1431,deferred,F,53,post05,Post-2005,2096.9603846977107
1432,deferred,F,63,pre97,Pre-1997,935.7140682661816
1432,deferred,F,63,9705,1997-2005,701.7855511996361
1432,deferred,F,63,post05,Post-2005,701.7855511996361
1433,deferred,M,43,pre97,Pre-1997,857.186171154074
1433,deferred,M,43,9705,1997-2005,642.8896283655555
1433,deferred,M,43,post05,Post-2005,642.8896283655555
1434,deferred,F,55,pre97,Pre-1997,787.7741386613554
1434,deferred,F,55,9705,1997-2005,590.8306039960165
1434,deferred,F,55,post05,Post-2005,590.8306039960165
1435,deferred,M,58,pre97,Pre-1997,5016.817799442357
1435,deferred,M,58,9705,1997-2005,3762.6133495817667
1435,deferred,M,58,post05,Post-2005,3762.6133495817667
1436,deferred,M,55,pre97,Pre-1997,3754.1533797347747
1436,deferred,M,55,9705,1997-2005,2815.6150348010806
1436,deferred,M,55,post05,Post-2005,2815.6150348010806
1437,deferred,M,52,pre97,Pre-1997,1836.8372195659024
1437,deferred,M,52,9705,1997-2005,1377.6279146744266
1437,deferred,M,52,post05,Post-2005,1377.6279146744266
1438,deferred,M,48,pre97,Pre-1997,6391.805449854784
1438,deferred,M,48,9705,1997-2005,4793.854087391087
1438,deferred,M,48,post05,Post-2005,4793.854087391087
1439,deferred,F,50,pre97,Pre-1997,480.6966991774996
1439,deferred,F,50,9705,1997-2005,360.5225243831247
1439,deferred,F,50,post05,Post-2005,360.5225243831247
1440,deferred,F,53,pre97,Pre-1997,557.0906343680724
1440,deferred,F,53,9705,1997-2005,417.81797577605425
1440,deferred,F,53,post05,Post-2005,417.81797577605425
1441,deferred,F,51,pre97,Pre-1997,2566.4101371407132
1441,deferred,F,51,9705,1997-2005,1924.8076028555347
1441,deferred,F,51,post05,Post-2005,1924.8076028555347
1442,deferred,M,53,pre97,Pre-1997,5997.603065437491
1442,deferred,M,53,9705,1997-2005,4498.202299078118
1442,deferred,M,53,post05,Post-2005,4498.202299078118
1443,deferred,M,56,pre97,Pre-1997,7123.757745223822
1443,deferred,M,56,9705,1997-2005,5342.818308917866
1443,deferred,M,56,post05,Post-2005,5342.818308917866
1444,deferred,M,57,pre97,Pre-1997,3847.259249167845
1444,deferred,M,57,9705,1997-2005,2885.4444368758836
1444,deferred,M,57,post05,Post-2005,2885.4444368758836
1445,deferred,F,55,pre97,Pre-1997,1616.7435691567907
1445,deferred,F,55,9705,1997-2005,1212.5576768675928
1445,deferred,F,55,post05,Post-2005,1212.5576768675928
1446,deferred,F,54,pre97,Pre-1997,3445.8908237373466
1446,deferred,F,54,9705,1997-2005,2584.41811780301
1446,deferred,F,54,post05,Post-2005,2584.41811780301
1447,deferred,M,50,pre97,Pre-1997,6261.083434109922
1447,deferred,M,50,9705,1997-2005,4695.812575582441
1447,deferred,M,50,post05,Post-2005,4695.812575582441
1448,deferred,M,55,pre97,Pre-1997,4512.664567116329
1448,deferred,M,55,9705,1997-2005,3384.4984253372463
1448,deferred,M,55,post05,Post-2005,3384.4984253372463
1449,deferred,M,58,pre97,Pre-1997,4719.927849069448
1449,deferred,M,58,9705,1997-2005,3539.945886802086
1449,deferred,M,58,post05,Post-2005,3539.945886802086
1450,deferred,F,57,pre97,Pre-1997,2518.5823670531995
1450,deferred,F,57,9705,1997-2005,1888.9367752898995
1450,deferred,F,57,post05,Post-2005,1888.9367752898995
1451,deferred,M,62,pre97,Pre-1997,4762.930818716925
1451,deferred,M,62,9705,1997-2005,3572.1981140376943
1451,deferred,M,62,post05,Post-2005,3572.1981140376943
1452,deferred,F,51,pre97,Pre-1997,1842.6199168621943
1452,deferred,F,51,9705,1997-2005,1381.9649376466455
1452,deferred,F,51,post05,Post-2005,1381.9649376466455
1453,deferred,M,50,pre97,Pre-1997,874.1652187194601
1453,deferred,M,50,9705,1997-2005,655.623914039595
1453,deferred,M,50,post05,Post-2005,655.623914039595
1454,deferred,F,63,pre97,Pre-1997,3536.509539726253
1454,deferred,F,63,9705,1997-2005,2652.3821547946895
1454,deferred,F,63,post05,Post-2005,2652.3821547946895
1455,deferred,M,53,pre97,Pre-1997,1017.54841743159
1455,deferred,M,53,9705,1997-2005,763.1613130736924
1455,deferred,M,53,post05,Post-2005,763.1613130736924
1456,deferred,M,59,pre97,Pre-1997,1075.8232739333641
1456,deferred,M,59,9705,1997-2005,806.8674554500232
1456,deferred,M,59,post05,Post-2005,806.8674554500232
1457,deferred,M,57,pre97,Pre-1997,423.414234308255
1457,deferred,M,57,9705,1997-2005,317.5606757311912
1457,deferred,M,57,post05,Post-2005,317.5606757311912
1458,deferred,M,58,pre97,Pre-1997,3382.5289497621343
1458,deferred,M,58,9705,1997-2005,2536.8967123216007
1458,deferred,M,58,post05,Post-2005,2536.8967123216007
1459,deferred,F,55,pre97,Pre-1997,1676.4923805074377
1459,deferred,F,55,9705,1997-2005,1257.3692853805783
1459,deferred,F,55,post05,Post-2005,1257.3692853805783
1460,deferred,M,63,pre97,Pre-1997,240.27343624398665
1460,deferred,M,63,9705,1997-2005,180.20507718298998
1460,deferred,M,63,post05,Post-2005,180.20507718298998
1461,deferred,F,53,pre97,Pre-1997,3128.491014489137
1461,deferred,F,53,9705,1997-2005,2346.3682608668523
1461,deferred,F,53,post05,Post-2005,2346.3682608668523
1462,deferred,F,53,pre97,Pre-1997,1518.4883724140846
1462,deferred,F,53,9705,1997-2005,1138.8662793105634
1462,deferred,F,53,post05,Post-2005,1138.8662793105634
1463,deferred,M,47,pre97,Pre-1997,546.5964604049551
1463,deferred,M,47,9705,1997-2005,409.9473453037163
1463,deferred,M,47,post05,Post-2005,409.9473453037163
1464,deferred,F,48,pre97,Pre-1997,2402.6286088346055
1464,deferred,F,48,9705,1997-2005,1801.9714566259543
1464,deferred,F,48,post05,Post-2005,1801.9714566259543
1465,deferred,F,60,pre97,Pre-1997,4056.2648337343003
1465,deferred,F,60,9705,1997-2005,3042.198625300725
1465,deferred,F,60,post05,Post-2005,3042.198625300725
1466,deferred,M,52,pre97,Pre-1997,1502.1471707729595
1466,deferred,M,52,9705,1997-2005,1126.6103780797196
1466,deferred,M,52,post05,Post-2005,1126.6103780797196
1467,deferred,F,47,pre97,Pre-1997,650.7247944835455
1467,deferred,F,47,9705,1997-2005,488.04359586265906
1467,deferred,F,47,post05,Post-2005,488.04359586265906
1468,deferred,M,55,pre97,Pre-1997,5144.74454765126
1468,deferred,M,55,9705,1997-2005,3858.5584107384448
1468,deferred,M,55,post05,Post-2005,3858.5584107384448
1469,deferred,M,55,pre97,Pre-1997,1351.196461016853
1469,deferred,M,55,9705,1997-2005,1013.3973457626396
1469,deferred,M,55,post05,Post-2005,1013.3973457626396
1470,deferred,M,62,pre97,Pre-1997,1862.3237614776278
1470,deferred,M,62,9705,1997-2005,1396.7428211082208
1470,deferred,M,62,post05,Post-2005,1396.7428211082208
1471,deferred,M,44,pre97,Pre-1997,1628.0699001415255
1471,deferred,M,44,9705,1997-2005,1221.052425106144
1471,deferred,M,44,post05,Post-2005,1221.052425106144
1472,deferred,M,63,pre97,Pre-1997,12107.483819545227
1472,deferred,M,63,9705,1997-2005,9080.612864658919
1472,deferred,M,63,post05,Post-2005,9080.612864658919
1473,deferred,M,52,pre97,Pre-1997,1345.9610397585623
1473,deferred,M,52,9705,1997-2005,1009.4707798189216
1473,deferred,M,52,post05,Post-2005,1009.4707798189216
1474,deferred,F,53,pre97,Pre-1997,1399.300646753916
1474,deferred,F,53,9705,1997-2005,1049.475485065437
1474,deferred,F,53,post05,Post-2005,1049.475485065437
1475,deferred,M,59,pre97,Pre-1997,1497.4836730780255
1475,deferred,M,59,9705,1997-2005,1123.112754808519
1475,deferred,M,59,post05,Post-2005,1123.112754808519
1476,deferred,M,46,pre97,Pre-1997,1388.3260382293122
1476,deferred,M,46,9705,1997-2005,1041.244528671984
1476,deferred,M,46,post05,Post-2005,1041.244528671984
1477,deferred,F,50,pre97,Pre-1997,10053.256674347529
1477,deferred,F,50,9705,1997-2005,7539.942505760646
1477,deferred,F,50,post05,Post-2005,7539.942505760646
1478,deferred,F,49,pre97,Pre-1997,2891.8246590463423
1478,deferred,F,49,9705,1997-2005,2168.8684942847567
1478,deferred,F,49,post05,Post-2005,2168.8684942847567
1479,deferred,F,63,pre97,Pre-1997,2724.313726855045
1479,deferred,F,63,9705,1997-2005,2043.2352951412834
1479,deferred,F,63,post05,Post-2005,2043.2352951412834
1480,deferred,M,54,pre97,Pre-1997,2197.1051676562583
1480,deferred,M,54,9705,1997-2005,1647.8288757421938
1480,deferred,M,54,post05,Post-2005,1647.8288757421938
1481,deferred,F,56,pre97,Pre-1997,3466.5980291175824
1481,deferred,F,56,9705,1997-2005,2599.9485218381865
1481,deferred,F,56,post05,Post-2005,2599.9485218381865
1482,deferred,M,56,pre97,Pre-1997,1414.6481246232065
1482,deferred,M,56,9705,1997-2005,1060.9860934674048
1482,deferred,M,56,post05,Post-2005,1060.9860934674048
1483,deferred,F,59,pre97,Pre-1997,738.3634028209715
1483,deferred,F,59,9705,1997-2005,553.7725521157286
1483,deferred,F,59,post05,Post-2005,553.7725521157286
1484,deferred,M,57,pre97,Pre-1997,2525.7591763543487
1484,deferred,M,57,9705,1997-2005,1894.3193822657613
1484,deferred,M,57,post05,Post-2005,1894.3193822657613
1485,deferred,M,56,pre97,Pre-1997,1696.897657880735
1485,deferred,M,56,9705,1997-2005,1272.673243410551
1485,deferred,M,56,post05,Post-2005,1272.673243410551
1486,deferred,F,64,pre97,Pre-1997,1284.8593927673346
1486,deferred,F,64,9705,1997-2005,963.6445445755007
1486,deferred,F,64,post05,Post-2005,963.6445445755007
1487,deferred,F,56,pre97,Pre-1997,1458.2740841743052
1487,deferred,F,56,9705,1997-2005,1093.7055631307287
1487,deferred,F,56,post05,Post-2005,1093.7055631307287
1488,deferred,F,57,pre97,Pre-1997,3332.58286303501
1488,deferred,F,57,9705,1997-2005,2499.4371472762573
1488,deferred,F,57,post05,Post-2005,2499.4371472762573
1489,deferred,F,57,pre97,Pre-1997,1972.5431419342408
1489,deferred,F,57,9705,1997-2005,1479.4073564506805
1489,deferred,F,57,post05,Post-2005,1479.4073564506805
1490,deferred,F,61,pre97,Pre-1997,1190.2045740192564
1490,deferred,F,61,9705,1997-2005,892.6534305144422
1490,deferred,F,61,post05,Post-2005,892.6534305144422
1491,deferred,F,55,pre97,Pre-1997,758.4053768063927
1491,deferred,F,55,9705,1997-2005,568.8040326047945
1491,deferred,F,55,post05,Post-2005,568.8040326047945
1492,deferred,M,43,pre97,Pre-1997,1415.810432686435
1492,deferred,M,43,9705,1997-2005,1061.857824514826
1492,deferred,M,43,post05,Post-2005,1061.857824514826
1493,deferred,M,56,pre97,Pre-1997,971.8751048648303
1493,deferred,M,56,9705,1997-2005,728.9063286486227
1493,deferred,M,56,post05,Post-2005,728.9063286486227
1494,deferred,F,58,pre97,Pre-1997,415.39576657961936
1494,deferred,F,58,9705,1997-2005,311.5468249347145
1494,deferred,F,58,post05,Post-2005,311.5468249347145
1495,deferred,M,61,pre97,Pre-1997,2229.2539788932895
1495,deferred,M,61,9705,1997-2005,1671.9404841699672
1495,deferred,M,61,post05,Post-2005,1671.9404841699672
1496,deferred,M,46,pre97,Pre-1997,5309.086914686547
1496,deferred,M,46,9705,1997-2005,3981.8151860149096
1496,deferred,M,46,post05,Post-2005,3981.8151860149096
1497,deferred,M,57,pre97,Pre-1997,11014.677452692018
1497,deferred,M,57,9705,1997-2005,8261.008089519013
1497,deferred,M,57,post05,Post-2005,8261.008089519013
1498,deferred,F,54,pre97,Pre-1997,3159.638279046798
1498,deferred,F,54,9705,1997-2005,2369.7287092850984
1498,deferred,F,54,post05,Post-2005,2369.7287092850984
1499,deferred,F,55,pre97,Pre-1997,3457.007397458856
1499,deferred,F,55,9705,1997-2005,2592.755548094142
1499,deferred,F,55,post05,Post-2005,2592.755548094142
1500,deferred,M,49,pre97,Pre-1997,2349.4311225046395
1500,deferred,M,49,9705,1997-2005,1762.0733418784794
1500,deferred,M,49,post05,Post-2005,1762.0733418784794
1501,deferred,F,57,pre97,Pre-1997,10198.34783978651
1501,deferred,F,57,9705,1997-2005,7648.7608798398805
1501,deferred,F,57,post05,Post-2005,7648.7608798398805
1502,deferred,M,58,pre97,Pre-1997,1267.4305546737232
1502,deferred,M,58,9705,1997-2005,950.5729160052924
1502,deferred,M,58,post05,Post-2005,950.5729160052924
1503,deferred,F,59,pre97,Pre-1997,1585.75073287007
1503,deferred,F,59,9705,1997-2005,1189.3130496525523
1503,deferred,F,59,post05,Post-2005,1189.3130496525523
1504,deferred,M,50,pre97,Pre-1997,2159.0512996564967
1504,deferred,M,50,9705,1997-2005,1619.2884747423723
1504,deferred,M,50,post05,Post-2005,1619.2884747423723
1505,deferred,F,47,pre97,Pre-1997,4544.715179849558
1505,deferred,F,47,9705,1997-2005,3408.5363848871684
1505,deferred,F,47,post05,Post-2005,3408.5363848871684
1506,deferred,M,61,pre97,Pre-1997,645.7227759555532
1506,deferred,M,61,9705,1997-2005,484.29208196666485
1506,deferred,M,61,post05,Post-2005,484.29208196666485
1507,deferred,M,57,pre97,Pre-1997,475.2838015376199
1507,deferred,M,57,9705,1997-2005,356.4628511532149
1507,deferred,M,57,post05,Post-2005,356.4628511532149
1508,deferred,F,51,pre97,Pre-1997,874.8376061412488
1508,deferred,F,51,9705,1997-2005,656.1282046059365
1508,deferred,F,51,post05,Post-2005,656.1282046059365
1509,deferred,M,53,pre97,Pre-1997,1911.56830593266
1509,deferred,M,53,9705,1997-2005,1433.676229449495
1509,deferred,M,53,post05,Post-2005,1433.676229449495
1510,deferred,M,56,pre97,Pre-1997,14027.030871290925
1510,deferred,M,56,9705,1997-2005,10520.273153468192
1510,deferred,M,56,post05,Post-2005,10520.273153468192
1511,deferred,F,60,pre97,Pre-1997,1229.2554252785376
1511,deferred,F,60,9705,1997-2005,921.9415689589032
1511,deferred,F,60,post05,Post-2005,921.9415689589032
1512,deferred,F,58,pre97,Pre-1997,5200.92136769836
1512,deferred,F,58,9705,1997-2005,3900.69102577377
1512,deferred,F,58,post05,Post-2005,3900.69102577377
1513,deferred,M,54,pre97,Pre-1997,2915.4508417512334
1513,deferred,M,54,9705,1997-2005,2186.588131313425
1513,deferred,M,54,post05,Post-2005,2186.588131313425
1514,deferred,M,51,pre97,Pre-1997,3808.056297772291
1514,deferred,M,51,9705,1997-2005,2856.0422233292184
1514,deferred,M,51,post05,Post-2005,2856.0422233292184
1515,deferred,M,51,pre97,Pre-1997,1474.585473164877
1515,deferred,M,51,9705,1997-2005,1105.9391048736577
1515,deferred,M,51,post05,Post-2005,1105.9391048736577
1516,deferred,F,55,pre97,Pre-1997,992.6392857185633
1516,deferred,F,55,9705,1997-2005,744.4794642889224
1516,deferred,F,55,post05,Post-2005,744.4794642889224
1517,deferred,M,51,pre97,Pre-1997,1807.2278399293068
1517,deferred,M,51,9705,1997-2005,1355.42087994698
1517,deferred,M,51,post05,Post-2005,1355.42087994698
1518,deferred,F,64,pre97,Pre-1997,2222.7788584695986
1518,deferred,F,64,9705,1997-2005,1667.084143852199
1518,deferred,F,64,post05,Post-2005,1667.084143852199
1519,deferred,M,50,pre97,Pre-1997,5525.1420586451595
1519,deferred,M,50,9705,1997-2005,4143.856543983869
1519,deferred,M,50,post05,Post-2005,4143.856543983869
1520,deferred,M,64,pre97,Pre-1997,875.6208430830144
1520,deferred,M,64,9705,1997-2005,656.7156323122607
1520,deferred,M,64,post05,Post-2005,656.7156323122607
1521,deferred,F,60,pre97,Pre-1997,1263.2476081719833
1521,deferred,F,60,9705,1997-2005,947.4357061289872
1521,deferred,F,60,post05,Post-2005,947.4357061289872
1522,deferred,M,60,pre97,Pre-1997,1175.3498024755481
1522,deferred,M,60,9705,1997-2005,881.5123518566611
1522,deferred,M,60,post05,Post-2005,881.5123518566611
1523,deferred,M,50,pre97,Pre-1997,2245.0561196511912
1523,deferred,M,50,9705,1997-2005,1683.7920897383935
1523,deferred,M,50,post05,Post-2005,1683.7920897383935
1524,deferred,M,52,pre97,Pre-1997,1744.2227136247539
1524,deferred,M,52,9705,1997-2005,1308.1670352185652
1524,deferred,M,52,post05,Post-2005,1308.1670352185652
1525,deferred,F,44,pre97,Pre-1997,2314.9637458069474
1525,deferred,F,44,9705,1997-2005,1736.2228093552103
1525,deferred,F,44,post05,Post-2005,1736.2228093552103
1526,deferred,M,59,pre97,Pre-1997,2481.2112366947867
1526,deferred,M,59,9705,1997-2005,1860.9084275210898
1526,deferred,M,59,post05,Post-2005,1860.9084275210898
1527,deferred,M,55,pre97,Pre-1997,1896.6475394081624
1527,deferred,M,55,9705,1997-2005,1422.4856545561217
1527,deferred,M,55,post05,Post-2005,1422.4856545561217
1528,deferred,F,55,pre97,Pre-1997,2268.5565326057804
1528,deferred,F,55,9705,1997-2005,1701.4173994543353
1528,deferred,F,55,post05,Post-2005,1701.4173994543353
1529,deferred,M,51,pre97,Pre-1997,9314.913172304518
1529,deferred,M,51,9705,1997-2005,6986.184879228387
1529,deferred,M,51,post05,Post-2005,6986.184879228387
1530,deferred,F,42,pre97,Pre-1997,1541.697239481789
1530,deferred,F,42,9705,1997-2005,1156.2729296113416
1530,deferred,F,42,post05,Post-2005,1156.2729296113416
1531,deferred,M,52,pre97,Pre-1997,1290.5194695629716
1531,deferred,M,52,9705,1997-2005,967.8896021722287
1531,deferred,M,52,post05,Post-2005,967.8896021722287
1532,deferred,M,59,pre97,Pre-1997,592.4717801781496
1532,deferred,M,59,9705,1997-2005,444.35383513361217
1532,deferred,M,59,post05,Post-2005,444.35383513361217
1533,deferred,M,41,pre97,Pre-1997,474.79787349197386
1533,deferred,M,41,9705,1997-2005,356.0984051189804
1533,deferred,M,41,post05,Post-2005,356.0984051189804
1534,deferred,M,47,pre97,Pre-1997,885.8375170107631
1534,deferred,M,47,9705,1997-2005,664.3781377580723
1534,deferred,M,47,post05,Post-2005,664.3781377580723
1535,deferred,F,47,pre97,Pre-1997,485.8809420825012
1535,deferred,F,47,9705,1997-2005,364.4107065618758
1535,deferred,F,47,post05,Post-2005,364.4107065618758
1536,deferred,M,57,pre97,Pre-1997,2554.5487854186013
1536,deferred,M,57,9705,1997-2005,1915.911589063951
1536,deferred,M,57,post05,Post-2005,1915.911589063951
1537,deferred,M,56,pre97,Pre-1997,1951.4387540360378
1537,deferred,M,56,9705,1997-2005,1463.5790655270282
1537,deferred,M,56,post05,Post-2005,1463.5790655270282
1538,deferred,M,60,pre97,Pre-1997,4966.193575630739
1538,deferred,M,60,9705,1997-2005,3724.6451817230536
1538,deferred,M,60,post05,Post-2005,3724.6451817230536
1539,deferred,M,54,pre97,Pre-1997,1483.9817851734172
1539,deferred,M,54,9705,1997-2005,1112.9863388800627
1539,deferred,M,54,post05,Post-2005,1112.9863388800627
1540,deferred,M,56,pre97,Pre-1997,766.3940456136976
1540,deferred,M,56,9705,1997-2005,574.7955342102731
1540,deferred,M,56,post05,Post-2005,574.7955342102731
1541,deferred,F,58,pre97,Pre-1997,4420.440791799781
1541,deferred,F,58,9705,1997-2005,3315.330593849836
1541,deferred,F,58,post05,Post-2005,3315.330593849836
1542,deferred,M,53,pre97,Pre-1997,2935.9647603979456
1542,deferred,M,53,9705,1997-2005,2201.973570298459
1542,deferred,M,53,post05,Post-2005,2201.973570298459
1543,deferred,F,55,pre97,Pre-1997,4143.263482910409
1543,deferred,F,55,9705,1997-2005,3107.447612182806
1543,deferred,F,55,post05,Post-2005,3107.447612182806
1544,deferred,M,50,pre97,Pre-1997,1811.7117479713413
1544,deferred,M,50,9705,1997-2005,1358.783810978506
1544,deferred,M,50,post05,Post-2005,1358.783810978506
1545,deferred,F,47,pre97,Pre-1997,1509.0686162377635
1545,deferred,F,47,9705,1997-2005,1131.8014621783225
1545,deferred,F,47,post05,Post-2005,1131.8014621783225
1546,deferred,M,44,pre97,Pre-1997,1885.081961953954
1546,deferred,M,44,9705,1997-2005,1413.8114714654655
1546,deferred,M,44,post05,Post-2005,1413.8114714654655
1547,deferred,M,63,pre97,Pre-1997,946.4369775561613
1547,deferred,M,63,9705,1997-2005,709.8277331671209
1547,deferred,M,63,post05,Post-2005,709.8277331671209
1548,deferred,M,48,pre97,Pre-1997,4480.726184135931
1548,deferred,M,48,9705,1997-2005,3360.5446381019487
1548,deferred,M,48,post05,Post-2005,3360.5446381019487
1549,deferred,F,53,pre97,Pre-1997,16964.084910718837
1549,deferred,F,53,9705,1997-2005,12723.063683039129
1549,deferred,F,53,post05,Post-2005,12723.063683039129
1550,deferred,M,60,pre97,Pre-1997,10305.302495105743
1550,deferred,M,60,9705,1997-2005,7728.976871329306
1550,deferred,M,60,post05,Post-2005,7728.976871329306
1551,deferred,F,52,pre97,Pre-1997,3309.7618530797236
1551,deferred,F,52,9705,1997-2005,2482.3213898097924
1551,deferred,F,52,post05,Post-2005,2482.3213898097924
1552,deferred,F,58,pre97,Pre-1997,1027.2533757323965
1552,deferred,F,58,9705,1997-2005,770.4400317992973
1552,deferred,F,58,post05,Post-2005,770.4400317992973
1553,deferred,F,53,pre97,Pre-1997,1204.8769015321525
1553,deferred,F,53,9705,1997-2005,903.6576761491143
1553,deferred,F,53,post05,Post-2005,903.6576761491143
1554,deferred,F,44,pre97,Pre-1997,567.5718394420055
1554,deferred,F,44,9705,1997-2005,425.67887958150413
1554,deferred,F,44,post05,Post-2005,425.67887958150413
1555,deferred,F,55,pre97,Pre-1997,2094.122215632387
1555,deferred,F,55,9705,1997-2005,1570.59166172429
1555,deferred,F,55,post05,Post-2005,1570.59166172429
1556,deferred,F,58,pre97,Pre-1997,3748.747933150367
1556,deferred,F,58,9705,1997-2005,2811.560949862775
1556,deferred,F,58,post05,Post-2005,2811.560949862775
1557,deferred,M,57,pre97,Pre-1997,1145.749430850246
1557,deferred,M,57,9705,1997-2005,859.3120731376844
1557,deferred,M,57,post05,Post-2005,859.3120731376844
1558,deferred,F,51,pre97,Pre-1997,6805.637304635199
1558,deferred,F,51,9705,1997-2005,5104.227978476399
1558,deferred,F,51,post05,Post-2005,5104.227978476399
1559,deferred,M,57,pre97,Pre-1997,1184.9169948262524
1559,deferred,M,57,9705,1997-2005,888.6877461196893
1559,deferred,M,57,post05,Post-2005,888.6877461196893
1560,deferred,M,56,pre97,Pre-1997,1177.4026255051783
1560,deferred,M,56,9705,1997-2005,883.0519691288838
1560,deferred,M,56,post05,Post-2005,883.0519691288838
1561,deferred,F,52,pre97,Pre-1997,707.0113740811174
1561,deferred,F,52,9705,1997-2005,530.258530560838
1561,deferred,F,52,post05,Post-2005,530.258530560838
1562,deferred,M,58,pre97,Pre-1997,1168.8206471567619
1562,deferred,M,58,9705,1997-2005,876.6154853675714
1562,deferred,M,58,post05,Post-2005,876.6154853675714
1563,deferred,M,55,pre97,Pre-1997,18912.699865734274
1563,deferred,M,55,9705,1997-2005,14184.524899300703
1563,deferred,M,55,post05,Post-2005,14184.524899300703
1564,deferred,M,58,pre97,Pre-1997,934.0551345662761
1564,deferred,M,58,9705,1997-2005,700.5413509247071
1564,deferred,M,58,post05,Post-2005,700.5413509247071
1565,deferred,F,53,pre97,Pre-1997,465.03665120857505
1565,deferred,F,53,9705,1997-2005,348.77748840643125
1565,deferred,F,53,post05,Post-2005,348.77748840643125
1566,deferred,M,56,pre97,Pre-1997,1715.967056952891
1566,deferred,M,56,9705,1997-2005,1286.975292714668
1566,deferred,M,56,post05,Post-2005,1286.975292714668
1567,deferred,F,41,pre97,Pre-1997,3421.524910835206
1567,deferred,F,41,9705,1997-2005,2566.143683126404
1567,deferred,F,41,post05,Post-2005,2566.143683126404
1568,deferred,M,50,pre97,Pre-1997,718.8625050426836
1568,deferred,M,50,9705,1997-2005,539.1468787820125
1568,deferred,M,50,post05,Post-2005,539.1468787820125
1569,deferred,M,55,pre97,Pre-1997,2029.7512527448089
1569,deferred,M,55,9705,1997-2005,1522.3134395586067
1569,deferred,M,55,post05,Post-2005,1522.3134395586067
1570,deferred,M,50,pre97,Pre-1997,527.2897580830145
1570,deferred,M,50,9705,1997-2005,395.46731856226086
1570,deferred,M,50,post05,Post-2005,395.46731856226086
1571,deferred,M,55,pre97,Pre-1997,1034.612123570453
1571,deferred,M,55,9705,1997-2005,775.9590926778397
1571,deferred,M,55,post05,Post-2005,775.9590926778397
1572,deferred,F,49,pre97,Pre-1997,1155.8302565835497
1572,deferred,F,49,9705,1997-2005,866.8726924376622
1572,deferred,F,49,post05,Post-2005,866.8726924376622
1573,deferred,F,43,pre97,Pre-1997,1700.7717223563552
1573,deferred,F,43,9705,1997-2005,1275.5787917672662
1573,deferred,F,43,post05,Post-2005,1275.5787917672662
1574,deferred,F,55,pre97,Pre-1997,1381.1260032496114
1574,deferred,F,55,9705,1997-2005,1035.8445024372083
1574,deferred,F,55,post05,Post-2005,1035.8445024372083
1575,deferred,M,62,pre97,Pre-1997,4609.893963473897
1575,deferred,M,62,9705,1997-2005,3457.4204726054227
1575,deferred,M,62,post05,Post-2005,3457.4204726054227
1576,deferred,F,47,pre97,Pre-1997,1686.466681269281
1576,deferred,F,47,9705,1997-2005,1264.8500109519607
1576,deferred,F,47,post05,Post-2005,1264.8500109519607
1577,deferred,F,62,pre97,Pre-1997,681.3445693882927
1577,deferred,F,62,9705,1997-2005,511.00842704121953
1577,deferred,F,62,post05,Post-2005,511.00842704121953
1578,deferred,M,63,pre97,Pre-1997,3791.0986438845794
1578,deferred,M,63,9705,1997-2005,2843.3239829134345
1578,deferred,M,63,post05,Post-2005,2843.3239829134345
1579,deferred,F,54,pre97,Pre-1997,1104.660501172451
1579,deferred,F,54,9705,1997-2005,828.4953758793381
1579,deferred,F,54,post05,Post-2005,828.4953758793381
1580,deferred,F,53,pre97,Pre-1997,1331.9674455249287
1580,deferred,F,53,9705,1997-2005,998.9755841436963
1580,deferred,F,53,post05,Post-2005,998.9755841436963
1581,deferred,F,55,pre97,Pre-1997,2951.386001202
1581,deferred,F,55,9705,1997-2005,2213.5395009014997
1581,deferred,F,55,post05,Post-2005,2213.5395009014997
1582,deferred,M,43,pre97,Pre-1997,2892.320121092086
1582,deferred,M,43,9705,1997-2005,2169.2400908190643
1582,deferred,M,43,post05,Post-2005,2169.2400908190643
1583,deferred,F,64,pre97,Pre-1997,4451.756198632061
1583,deferred,F,64,9705,1997-2005,3338.8171489740457
1583,deferred,F,64,post05,Post-2005,3338.8171489740457
1584,deferred,M,60,pre97,Pre-1997,2435.1753265127695
1584,deferred,M,60,9705,1997-2005,1826.3814948845773
1584,deferred,M,60,post05,Post-2005,1826.3814948845773
1585,deferred,M,62,pre97,Pre-1997,831.6671843233767
1585,deferred,M,62,9705,1997-2005,623.7503882425324
1585,deferred,M,62,post05,Post-2005,623.7503882425324
1586,deferred,M,48,pre97,Pre-1997,1920.7215433458057
1586,deferred,M,48,9705,1997-2005,1440.5411575093542
1586,deferred,M,48,post05,Post-2005,1440.5411575093542
1587,deferred,F,55,pre97,Pre-1997,2083.5137078419184
1587,deferred,F,55,9705,1997-2005,1562.6352808814386
1587,deferred,F,55,post05,Post-2005,1562.6352808814386
1588,deferred,F,54,pre97,Pre-1997,2502.8217144679593
1588,deferred,F,54,9705,1997-2005,1877.1162858509692
1588,deferred,F,54,post05,Post-2005,1877.1162858509692
1589,deferred,M,63,pre97,Pre-1997,776.8718357037765
1589,deferred,M,63,9705,1997-2005,582.6538767778324
1589,deferred,M,63,post05,Post-2005,582.6538767778324
1590,deferred,F,51,pre97,Pre-1997,3818.4448488800444
1590,deferred,F,51,9705,1997-2005,2863.8336366600333
1590,deferred,F,51,post05,Post-2005,2863.8336366600333
1591,deferred,M,58,pre97,Pre-1997,1877.3471162528056
1591,deferred,M,58,9705,1997-2005,1408.0103371896041
1591,deferred,M,58,post05,Post-2005,1408.0103371896041
1592,deferred,M,55,pre97,Pre-1997,2930.191041495441
1592,deferred,M,55,9705,1997-2005,2197.6432811215805
1592,deferred,M,55,post05,Post-2005,2197.6432811215805
1593,deferred,M,50,pre97,Pre-1997,2060.019530707759
1593,deferred,M,50,9705,1997-2005,1545.0146480308188
1593,deferred,M,50,post05,Post-2005,1545.0146480308188
1594,deferred,F,47,pre97,Pre-1997,5491.575126710253
1594,deferred,F,47,9705,1997-2005,4118.68134503269
1594,deferred,F,47,post05,Post-2005,4118.68134503269
1595,deferred,M,58,pre97,Pre-1997,2650.755851181643
1595,deferred,M,58,9705,1997-2005,1988.066888386232
1595,deferred,M,58,post05,Post-2005,1988.066888386232
1596,deferred,M,46,pre97,Pre-1997,346.17028557765735
1596,deferred,M,46,9705,1997-2005,259.627714183243
1596,deferred,M,46,post05,Post-2005,259.627714183243
1597,deferred,M,49,pre97,Pre-1997,964.9177344124279
1597,deferred,M,49,9705,1997-2005,723.6883008093208
1597,deferred,M,49,post05,Post-2005,723.6883008093208
1598,deferred,M,53,pre97,Pre-1997,1084.0960335111588
1598,deferred,M,53,9705,1997-2005,813.072025133369
1598,deferred,M,53,post05,Post-2005,813.072025133369
1599,deferred,F,56,pre97,Pre-1997,603.7243106635
1599,deferred,F,56,9705,1997-2005,452.793232997625
1599,deferred,F,56,post05,Post-2005,452.793232997625
1600,deferred,F,47,pre97,Pre-1997,2091.3442231685453
1600,deferred,F,47,9705,1997-2005,1568.5081673764091
1600,deferred,F,47,post05,Post-2005,1568.5081673764091
1601,deferred,M,50,pre97,Pre-1997,1198.6938735523765
1601,deferred,M,50,9705,1997-2005,899.0204051642824
1601,deferred,M,50,post05,Post-2005,899.0204051642824
1602,deferred,M,57,pre97,Pre-1997,8073.343014131952
1602,deferred,M,57,9705,1997-2005,6055.0072605989635
1602,deferred,M,57,post05,Post-2005,6055.0072605989635
1603,deferred,F,53,pre97,Pre-1997,2251.7398857351704
1603,deferred,F,53,9705,1997-2005,1688.804914301378
1603,deferred,F,53,post05,Post-2005,1688.804914301378
1604,deferred,F,59,pre97,Pre-1997,605.6639642636794
1604,deferred,F,59,9705,1997-2005,454.2479731977595
1604,deferred,F,59,post05,Post-2005,454.2479731977595
1605,deferred,F,47,pre97,Pre-1997,2629.64843740169
1605,deferred,F,47,9705,1997-2005,1972.2363280512673
1605,deferred,F,47,post05,Post-2005,1972.2363280512673
1606,deferred,F,48,pre97,Pre-1997,10064.790691690021
1606,deferred,F,48,9705,1997-2005,7548.593018767515
1606,deferred,F,48,post05,Post-2005,7548.593018767515
1607,deferred,F,45,pre97,Pre-1997,1110.9937385402375
1607,deferred,F,45,9705,1997-2005,833.245303905178
1607,deferred,F,45,post05,Post-2005,833.245303905178
1608,deferred,F,61,pre97,Pre-1997,544.3970678693721
1608,deferred,F,61,9705,1997-2005,408.297800902029
1608,deferred,F,61,post05,Post-2005,408.297800902029
1609,deferred,F,46,pre97,Pre-1997,1647.4601824112572
1609,deferred,F,46,9705,1997-2005,1235.5951368084427
1609,deferred,F,46,post05,Post-2005,1235.5951368084427
1610,deferred,F,48,pre97,Pre-1997,1105.7551957071516
1610,deferred,F,48,9705,1997-2005,829.3163967803636
1610,deferred,F,48,post05,Post-2005,829.3163967803636
1611,deferred,F,54,pre97,Pre-1997,1116.3026115268267
1611,deferred,F,54,9705,1997-2005,837.22695864512
1611,deferred,F,54,post05,Post-2005,837.22695864512
1612,deferred,F,47,pre97,Pre-1997,2632.9686624914257
1612,deferred,F,47,9705,1997-2005,1974.726496868569
1612,deferred,F,47,post05,Post-2005,1974.726496868569
1613,deferred,M,55,pre97,Pre-1997,935.5151744063347
1613,deferred,M,55,9705,1997-2005,701.636380804751
1613,deferred,M,55,post05,Post-2005,701.636380804751
1614,deferred,M,53,pre97,Pre-1997,1050.3859429339134
1614,deferred,M,53,9705,1997-2005,787.7894572004349
1614,deferred,M,53,post05,Post-2005,787.7894572004349
1615,deferred,M,56,pre97,Pre-1997,882.190563786535
1615,deferred,M,56,9705,1997-2005,661.6429228399012
1615,deferred,M,56,post05,Post-2005,661.6429228399012
1616,deferred,F,58,pre97,Pre-1997,1129.611643641968
1616,deferred,F,58,9705,1997-2005,847.208732731476
1616,deferred,F,58,post05,Post-2005,847.208732731476
1617,deferred,F,60,pre97,Pre-1997,5282.22814976633
1617,deferred,F,60,9705,1997-2005,3961.671112324747
1617,deferred,F,60,post05,Post-2005,3961.671112324747
1618,deferred,F,45,pre97,Pre-1997,1379.2284327415339
1618,deferred,F,45,9705,1997-2005,1034.4213245561502
1618,deferred,F,45,post05,Post-2005,1034.4213245561502
1619,deferred,M,63,pre97,Pre-1997,3587.127100857971
1619,deferred,M,63,9705,1997-2005,2690.345325643478
1619,deferred,M,63,post05,Post-2005,2690.345325643478
1620,deferred,F,56,pre97,Pre-1997,1825.0017879123734
1620,deferred,F,56,9705,1997-2005,1368.75134093428
1620,deferred,F,56,post05,Post-2005,1368.75134093428
1621,deferred,F,54,pre97,Pre-1997,5962.036992112015
1621,deferred,F,54,9705,1997-2005,4471.52774408401
1621,deferred,F,54,post05,Post-2005,4471.52774408401
1622,deferred,F,47,pre97,Pre-1997,2109.8525554223615
1622,deferred,F,47,9705,1997-2005,1582.3894165667712
1622,deferred,F,47,post05,Post-2005,1582.3894165667712
1623,deferred,M,58,pre97,Pre-1997,2714.1711093919657
1623,deferred,M,58,9705,1997-2005,2035.6283320439738
1623,deferred,M,58,post05,Post-2005,2035.6283320439738
1624,deferred,M,48,pre97,Pre-1997,1452.040746076779
1624,deferred,M,48,9705,1997-2005,1089.0305595575842
1624,deferred,M,48,post05,Post-2005,1089.0305595575842
1625,deferred,M,50,pre97,Pre-1997,1684.3748649546096
1625,deferred,M,50,9705,1997-2005,1263.281148715957
1625,deferred,M,50,post05,Post-2005,1263.281148715957
1626,deferred,F,55,pre97,Pre-1997,1128.129549262863
1626,deferred,F,55,9705,1997-2005,846.0971619471474
1626,deferred,F,55,post05,Post-2005,846.0971619471474
1627,deferred,F,52,pre97,Pre-1997,7401.580735368062
1627,deferred,F,52,9705,1997-2005,5551.185551526046
1627,deferred,F,52,post05,Post-2005,5551.185551526046
1628,deferred,M,52,pre97,Pre-1997,829.9238754057565
1628,deferred,M,52,9705,1997-2005,622.4429065543172
1628,deferred,M,52,post05,Post-2005,622.4429065543172
1629,deferred,M,48,pre97,Pre-1997,4536.422115438166
1629,deferred,M,48,9705,1997-2005,3402.3165865786245
1629,deferred,M,48,post05,Post-2005,3402.3165865786245
1630,deferred,M,52,pre97,Pre-1997,974.5605213710211
1630,deferred,M,52,9705,1997-2005,730.9203910282657
1630,deferred,M,52,post05,Post-2005,730.9203910282657
1631,deferred,M,52,pre97,Pre-1997,680.020940706899
1631,deferred,M,52,9705,1997-2005,510.01570553017416
1631,deferred,M,52,post05,Post-2005,510.01570553017416
1632,deferred,F,63,pre97,Pre-1997,4165.414874883936
1632,deferred,F,63,9705,1997-2005,3124.061156162952
1632,deferred,F,63,post05,Post-2005,3124.061156162952
1633,deferred,M,53,pre97,Pre-1997,4004.4931918894363
1633,deferred,M,53,9705,1997-2005,3003.369893917077
1633,deferred,M,53,post05,Post-2005,3003.369893917077
1634,deferred,M,57,pre97,Pre-1997,6699.648666100178
1634,deferred,M,57,9705,1997-2005,5024.736499575133
1634,deferred,M,57,post05,Post-2005,5024.736499575133
1635,deferred,M,57,pre97,Pre-1997,3226.279960260862
1635,deferred,M,57,9705,1997-2005,2419.7099701956463
1635,deferred,M,57,post05,Post-2005,2419.7099701956463
1636,deferred,M,59,pre97,Pre-1997,6365.8417160237
1636,deferred,M,59,9705,1997-2005,4774.381287017775
1636,deferred,M,59,post05,Post-2005,4774.381287017775
1637,deferred,F,52,pre97,Pre-1997,3522.7769862994896
1637,deferred,F,52,9705,1997-2005,2642.082739724617
1637,deferred,F,52,post05,Post-2005,2642.082739724617
1638,deferred,M,42,pre97,Pre-1997,3304.541007341797
1638,deferred,M,42,9705,1997-2005,2478.4057555063473
1638,deferred,M,42,post05,Post-2005,2478.4057555063473
1639,deferred,F,57,pre97,Pre-1997,9859.499044964212
1639,deferred,F,57,9705,1997-2005,7394.6242837231575
1639,deferred,F,57,post05,Post-2005,7394.6242837231575
1640,deferred,M,48,pre97,Pre-1997,1923.2908765637142
1640,deferred,M,48,9705,1997-2005,1442.4681574227855
1640,deferred,M,48,post05,Post-2005,1442.4681574227855
1641,deferred,M,47,pre97,Pre-1997,2185.005165333297
1641,deferred,M,47,9705,1997-2005,1638.753873999973
1641,deferred,M,47,post05,Post-2005,1638.753873999973
1642,deferred,F,47,pre97,Pre-1997,7267.365798159414
1642,deferred,F,47,9705,1997-2005,5450.52434861956
1642,deferred,F,47,post05,Post-2005,5450.52434861956
1643,deferred,F,42,pre97,Pre-1997,1259.6125655422293
1643,deferred,F,42,9705,1997-2005,944.709424156672
1643,deferred,F,42,post05,Post-2005,944.709424156672
1644,deferred,M,59,pre97,Pre-1997,2859.7795372290825
1644,deferred,M,59,9705,1997-2005,2144.8346529218115
1644,deferred,M,59,post05,Post-2005,2144.8346529218115
1645,deferred,M,58,pre97,Pre-1997,6212.652682186737
1645,deferred,M,58,9705,1997-2005,4659.489511640053
1645,deferred,M,58,post05,Post-2005,4659.489511640053
1646,deferred,F,55,pre97,Pre-1997,653.8322374190493
1646,deferred,F,55,9705,1997-2005,490.374178064287
1646,deferred,F,55,post05,Post-2005,490.374178064287
1647,deferred,M,47,pre97,Pre-1997,577.1481526576785
1647,deferred,M,47,9705,1997-2005,432.86111449325875
1647,deferred,M,47,post05,Post-2005,432.86111449325875
1648,deferred,F,59,pre97,Pre-1997,4131.00532423118
1648,deferred,F,59,9705,1997-2005,3098.253993173384
1648,deferred,F,59,post05,Post-2005,3098.253993173384
1649,deferred,F,52,pre97,Pre-1997,1260.2195250327954
1649,deferred,F,52,9705,1997-2005,945.1646437745965
1649,deferred,F,52,post05,Post-2005,945.1646437745965
1650,deferred,M,49,pre97,Pre-1997,1050.2877742930418
1650,deferred,M,49,9705,1997-2005,787.7158307197813
1650,deferred,M,49,post05,Post-2005,787.7158307197813
1651,deferred,M,55,pre97,Pre-1997,6277.25831537056
1651,deferred,M,55,9705,1997-2005,4707.943736527919
1651,deferred,M,55,post05,Post-2005,4707.943736527919
1652,deferred,F,48,pre97,Pre-1997,525.9493260147461
1652,deferred,F,48,9705,1997-2005,394.4619945110596
1652,deferred,F,48,post05,Post-2005,394.4619945110596
1653,deferred,F,50,pre97,Pre-1997,2358.4814601787366
1653,deferred,F,50,9705,1997-2005,1768.8610951340524
1653,deferred,F,50,post05,Post-2005,1768.8610951340524
1654,deferred,F,61,pre97,Pre-1997,1040.355294678737
1654,deferred,F,61,9705,1997-2005,780.2664710090527
1654,deferred,F,61,post05,Post-2005,780.2664710090527
1655,deferred,M,51,pre97,Pre-1997,2578.267070607367
1655,deferred,M,51,9705,1997-2005,1933.7003029555249
1655,deferred,M,51,post05,Post-2005,1933.7003029555249
1656,deferred,F,50,pre97,Pre-1997,2032.7240026105312
1656,deferred,F,50,9705,1997-2005,1524.5430019578982
1656,deferred,F,50,post05,Post-2005,1524.5430019578982
1657,deferred,M,49,pre97,Pre-1997,2322.149747668299
1657,deferred,M,49,9705,1997-2005,1741.612310751224
1657,deferred,M,49,post05,Post-2005,1741.612310751224
1658,deferred,M,54,pre97,Pre-1997,3726.251454555381
1658,deferred,M,54,9705,1997-2005,2794.6885909165353
1658,deferred,M,54,post05,Post-2005,2794.6885909165353
1659,deferred,F,54,pre97,Pre-1997,1456.827759110058
1659,deferred,F,54,9705,1997-2005,1092.6208193325433
1659,deferred,F,54,post05,Post-2005,1092.6208193325433
1660,deferred,M,59,pre97,Pre-1997,2118.501391473766
1660,deferred,M,59,9705,1997-2005,1588.8760436053246
1660,deferred,M,59,post05,Post-2005,1588.8760436053246
1661,deferred,M,63,pre97,Pre-1997,1138.6716693871647
1661,deferred,M,63,9705,1997-2005,854.0037520403736
1661,deferred,M,63,post05,Post-2005,854.0037520403736
1662,deferred,M,50,pre97,Pre-1997,4688.173749400782
1662,deferred,M,50,9705,1997-2005,3516.130312050586
1662,deferred,M,50,post05,Post-2005,3516.130312050586
1663,deferred,M,56,pre97,Pre-1997,2265.933382284757
1663,deferred,M,56,9705,1997-2005,1699.4500367135677
1663,deferred,M,56,post05,Post-2005,1699.4500367135677
1664,deferred,M,57,pre97,Pre-1997,2410.638813223847
1664,deferred,M,57,9705,1997-2005,1807.9791099178851
1664,deferred,M,57,post05,Post-2005,1807.9791099178851
1665,deferred,F,57,pre97,Pre-1997,5565.89316558966
1665,deferred,F,57,9705,1997-2005,4174.419874192245
1665,deferred,F,57,post05,Post-2005,4174.419874192245
1666,deferred,M,45,pre97,Pre-1997,3238.7467251309718
1666,deferred,M,45,9705,1997-2005,2429.0600438482284
1666,deferred,M,45,post05,Post-2005,2429.0600438482284
1667,deferred,F,64,pre97,Pre-1997,1422.4895972487175
1667,deferred,F,64,9705,1997-2005,1066.8671979365379
1667,deferred,F,64,post05,Post-2005,1066.8671979365379
1668,deferred,F,62,pre97,Pre-1997,889.17761101492
1668,deferred,F,62,9705,1997-2005,666.8832082611899
1668,deferred,F,62,post05,Post-2005,666.8832082611899
1669,deferred,F,48,pre97,Pre-1997,930.8691630533021
1669,deferred,F,48,9705,1997-2005,698.1518722899766
1669,deferred,F,48,post05,Post-2005,698.1518722899766
1670,deferred,M,53,pre97,Pre-1997,2930.4480584859557
1670,deferred,M,53,9705,1997-2005,2197.8360438644663
1670,deferred,M,53,post05,Post-2005,2197.8360438644663
1671,deferred,F,44,pre97,Pre-1997,1044.02692335741
1671,deferred,F,44,9705,1997-2005,783.0201925180575
1671,deferred,F,44,post05,Post-2005,783.0201925180575
1672,deferred,M,63,pre97,Pre-1997,3182.3954362726167
1672,deferred,M,63,9705,1997-2005,2386.796577204462
1672,deferred,M,63,post05,Post-2005,2386.796577204462
1673,deferred,M,56,pre97,Pre-1997,2789.8769085650993
1673,deferred,M,56,9705,1997-2005,2092.407681423824
1673,deferred,M,56,post05,Post-2005,2092.407681423824
1674,deferred,F,57,pre97,Pre-1997,826.219531960189
1674,deferred,F,57,9705,1997-2005,619.6646489701417
1674,deferred,F,57,post05,Post-2005,619.6646489701417
1675,deferred,M,55,pre97,Pre-1997,1684.6007229778204
1675,deferred,M,55,9705,1997-2005,1263.4505422333652
1675,deferred,M,55,post05,Post-2005,1263.4505422333652
1676,deferred,M,57,pre97,Pre-1997,746.5987042704223
1676,deferred,M,57,9705,1997-2005,559.9490282028166
1676,deferred,M,57,post05,Post-2005,559.9490282028166
1677,deferred,M,47,pre97,Pre-1997,1214.4661191500816
1677,deferred,M,47,9705,1997-2005,910.849589362561
1677,deferred,M,47,post05,Post-2005,910.849589362561
1678,deferred,F,48,pre97,Pre-1997,2389.30588284828
1678,deferred,F,48,9705,1997-2005,1791.9794121362097
1678,deferred,F,48,post05,Post-2005,1791.9794121362097
1679,deferred,F,62,pre97,Pre-1997,1511.9491584755401
1679,deferred,F,62,9705,1997-2005,1133.961868856655
1679,deferred,F,62,post05,Post-2005,1133.961868856655
1680,deferred,F,61,pre97,Pre-1997,4842.825050897826
1680,deferred,F,61,9705,1997-2005,3632.11878817337
1680,deferred,F,61,post05,Post-2005,3632.11878817337
1681,deferred,M,61,pre97,Pre-1997,5817.730657416415
1681,deferred,M,61,9705,1997-2005,4363.2979930623105
1681,deferred,M,61,post05,Post-2005,4363.2979930623105
1682,deferred,M,47,pre97,Pre-1997,4250.73247316703
1682,deferred,M,47,9705,1997-2005,3188.0493548752715
1682,deferred,M,47,post05,Post-2005,3188.0493548752715
1683,deferred,M,46,pre97,Pre-1997,4048.5897699496513
1683,deferred,M,46,9705,1997-2005,3036.442327462238
1683,deferred,M,46,post05,Post-2005,3036.442327462238
1684,deferred,M,55,pre97,Pre-1997,4310.155481028978
1684,deferred,M,55,9705,1997-2005,3232.6166107717336
1684,deferred,M,55,post05,Post-2005,3232.6166107717336
1685,deferred,M,57,pre97,Pre-1997,4791.2639893994665
1685,deferred,M,57,9705,1997-2005,3593.447992049599
1685,deferred,M,57,post05,Post-2005,3593.447992049599
1686,deferred,M,56,pre97,Pre-1997,730.6396410981482
1686,deferred,M,56,9705,1997-2005,547.9797308236111
1686,deferred,M,56,post05,Post-2005,547.9797308236111
1687,deferred,F,48,pre97,Pre-1997,1678.0233045247737
1687,deferred,F,48,9705,1997-2005,1258.5174783935802
1687,deferred,F,48,post05,Post-2005,1258.5174783935802
1688,deferred,M,57,pre97,Pre-1997,1474.809561378408
1688,deferred,M,57,9705,1997-2005,1106.1071710338058
1688,deferred,M,57,post05,Post-2005,1106.1071710338058
1689,deferred,M,53,pre97,Pre-1997,1948.5384552577025
1689,deferred,M,53,9705,1997-2005,1461.4038414432766
1689,deferred,M,53,post05,Post-2005,1461.4038414432766
1690,deferred,M,50,pre97,Pre-1997,6808.830150255562
1690,deferred,M,50,9705,1997-2005,5106.622612691672
1690,deferred,M,50,post05,Post-2005,5106.622612691672
1691,deferred,M,62,pre97,Pre-1997,5690.986372380287
1691,deferred,M,62,9705,1997-2005,4268.239779285215
1691,deferred,M,62,post05,Post-2005,4268.239779285215
1692,deferred,F,62,pre97,Pre-1997,3881.8723193276487
1692,deferred,F,62,9705,1997-2005,2911.4042394957364
1692,deferred,F,62,post05,Post-2005,2911.4042394957364
1693,deferred,M,54,pre97,Pre-1997,485.7073027989795
1693,deferred,M,54,9705,1997-2005,364.28047709923464
1693,deferred,M,54,post05,Post-2005,364.28047709923464
1694,deferred,M,43,pre97,Pre-1997,4095.5569902394673
1694,deferred,M,43,9705,1997-2005,3071.6677426796005
1694,deferred,M,43,post05,Post-2005,3071.6677426796005
1695,deferred,F,54,pre97,Pre-1997,1475.6909646147562
1695,deferred,F,54,9705,1997-2005,1106.768223461067
1695,deferred,F,54,post05,Post-2005,1106.768223461067
1696,deferred,M,52,pre97,Pre-1997,11436.589937058568
1696,deferred,M,52,9705,1997-2005,8577.442452793926
1696,deferred,M,52,post05,Post-2005,8577.442452793926
1697,deferred,F,51,pre97,Pre-1997,722.30731426598
1697,deferred,F,51,9705,1997-2005,541.730485699485
1697,deferred,F,51,post05,Post-2005,541.730485699485
1698,deferred,M,58,pre97,Pre-1997,1478.2825280610007
1698,deferred,M,58,9705,1997-2005,1108.7118960457503
1698,deferred,M,58,post05,Post-2005,1108.7118960457503
1699,deferred,M,45,pre97,Pre-1997,663.693105899792
1699,deferred,M,45,9705,1997-2005,497.76982942484403
1699,deferred,M,45,post05,Post-2005,497.76982942484403
1700,deferred,F,46,pre97,Pre-1997,954.252966374187
1700,deferred,F,46,9705,1997-2005,715.6897247806403
1700,deferred,F,46,post05,Post-2005,715.6897247806403
1701,deferred,M,50,pre97,Pre-1997,450.0516383593199
1701,deferred,M,50,9705,1997-2005,337.5387287694899
1701,deferred,M,50,post05,Post-2005,337.5387287694899
1702,deferred,F,64,pre97,Pre-1997,10329.068108496036
1702,deferred,F,64,9705,1997-2005,7746.801081372026
1702,deferred,F,64,post05,Post-2005,7746.801081372026
1703,deferred,F,64,pre97,Pre-1997,1395.3108243696595
1703,deferred,F,64,9705,1997-2005,1046.4831182772446
1703,deferred,F,64,post05,Post-2005,1046.4831182772446
1704,deferred,M,54,pre97,Pre-1997,1700.853002211762
1704,deferred,M,54,9705,1997-2005,1275.6397516588213
1704,deferred,M,54,post05,Post-2005,1275.6397516588213
1705,deferred,M,44,pre97,Pre-1997,1319.195337338009
1705,deferred,M,44,9705,1997-2005,989.3965030035066
1705,deferred,M,44,post05,Post-2005,989.3965030035066
1706,deferred,M,58,pre97,Pre-1997,367.16179844050953
1706,deferred,M,58,9705,1997-2005,275.3713488303821
1706,deferred,M,58,post05,Post-2005,275.3713488303821
1707,deferred,M,57,pre97,Pre-1997,5154.258428236228
1707,deferred,M,57,9705,1997-2005,3865.6938211771703
1707,deferred,M,57,post05,Post-2005,3865.6938211771703
1708,deferred,F,53,pre97,Pre-1997,420.37828256482
1708,deferred,F,53,9705,1997-2005,315.283711923615
1708,deferred,F,53,post05,Post-2005,315.283711923615
1709,deferred,M,56,pre97,Pre-1997,967.2750134212591
1709,deferred,M,56,9705,1997-2005,725.4562600659443
1709,deferred,M,56,post05,Post-2005,725.4562600659443
1710,deferred,F,57,pre97,Pre-1997,5818.85998499884
1710,deferred,F,57,9705,1997-2005,4364.14498874913
1710,deferred,F,57,post05,Post-2005,4364.14498874913
1711,deferred,F,57,pre97,Pre-1997,1770.5306135230583
1711,deferred,F,57,9705,1997-2005,1327.8979601422936
1711,deferred,F,57,post05,Post-2005,1327.8979601422936
1712,deferred,F,62,pre97,Pre-1997,1877.198234767091
1712,deferred,F,62,9705,1997-2005,1407.8986760753182
1712,deferred,F,62,post05,Post-2005,1407.8986760753182
1713,deferred,M,60,pre97,Pre-1997,492.22691655211884
1713,deferred,M,60,9705,1997-2005,369.1701874140891
1713,deferred,M,60,post05,Post-2005,369.1701874140891
1714,deferred,F,57,pre97,Pre-1997,841.647599299759
1714,deferred,F,57,9705,1997-2005,631.2356994748192
1714,deferred,F,57,post05,Post-2005,631.2356994748192
1715,deferred,F,56,pre97,Pre-1997,2194.302852898187
1715,deferred,F,56,9705,1997-2005,1645.7271396736403
1715,deferred,F,56,post05,Post-2005,1645.7271396736403
1716,deferred,F,45,pre97,Pre-1997,8359.956597265444
1716,deferred,F,45,9705,1997-2005,6269.967447949083
1716,deferred,F,45,post05,Post-2005,6269.967447949083
1717,deferred,M,54,pre97,Pre-1997,2899.904336380463
1717,deferred,M,54,9705,1997-2005,2174.9282522853473
1717,deferred,M,54,post05,Post-2005,2174.9282522853473
1718,deferred,F,53,pre97,Pre-1997,1713.5736585840932
1718,deferred,F,53,9705,1997-2005,1285.18024393807
1718,deferred,F,53,post05,Post-2005,1285.18024393807
1719,deferred,F,64,pre97,Pre-1997,666.3604410449369
1719,deferred,F,64,9705,1997-2005,499.7703307837026
1719,deferred,F,64,post05,Post-2005,499.7703307837026
1720,deferred,F,51,pre97,Pre-1997,1045.590572667184
1720,deferred,F,51,9705,1997-2005,784.1929295003879
1720,deferred,F,51,post05,Post-2005,784.1929295003879
1721,deferred,M,57,pre97,Pre-1997,1119.5660935964431
1721,deferred,M,57,9705,1997-2005,839.6745701973322
1721,deferred,M,57,post05,Post-2005,839.6745701973322
1722,deferred,F,59,pre97,Pre-1997,3132.436264268857
1722,deferred,F,59,9705,1997-2005,2349.3271982016427
1722,deferred,F,59,post05,Post-2005,2349.3271982016427
1723,deferred,F,52,pre97,Pre-1997,8316.692524951994
1723,deferred,F,52,9705,1997-2005,6237.519393713995
1723,deferred,F,52,post05,Post-2005,6237.519393713995
1724,deferred,M,56,pre97,Pre-1997,445.4838908692977
1724,deferred,M,56,9705,1997-2005,334.11291815197325
1724,deferred,M,56,post05,Post-2005,334.11291815197325
1725,deferred,M,55,pre97,Pre-1997,2105.2976220552077
1725,deferred,M,55,9705,1997-2005,1578.973216541406
1725,deferred,M,55,post05,Post-2005,1578.973216541406
1726,deferred,M,59,pre97,Pre-1997,2410.6912906267053
1726,deferred,M,59,9705,1997-2005,1808.0184679700287
1726,deferred,M,59,post05,Post-2005,1808.0184679700287
1727,deferred,M,51,pre97,Pre-1997,2208.2857685190984
1727,deferred,M,51,9705,1997-2005,1656.2143263893236
1727,deferred,M,51,post05,Post-2005,1656.2143263893236
1728,deferred,F,55,pre97,Pre-1997,1143.3087710372026
1728,deferred,F,55,9705,1997-2005,857.4815782779018
1728,deferred,F,55,post05,Post-2005,857.4815782779018
1729,deferred,F,55,pre97,Pre-1997,1081.9270875775999
1729,deferred,F,55,9705,1997-2005,811.4453156831997
1729,deferred,F,55,post05,Post-2005,811.4453156831997
1730,deferred,M,57,pre97,Pre-1997,439.10156124036894
1730,deferred,M,57,9705,1997-2005,329.3261709302767
1730,deferred,M,57,post05,Post-2005,329.3261709302767
1731,deferred,F,55,pre97,Pre-1997,95.3178660948862
1731,deferred,F,55,9705,1997-2005,71.48839957116463
1731,deferred,F,55,post05,Post-2005,71.48839957116463
1732,deferred,F,48,pre97,Pre-1997,922.1794723472651
1732,deferred,F,48,9705,1997-2005,691.6346042604488
1732,deferred,F,48,post05,Post-2005,691.6346042604488
1733,deferred,F,48,pre97,Pre-1997,1526.856202057315
1733,deferred,F,48,9705,1997-2005,1145.142151542986
1733,deferred,F,48,post05,Post-2005,1145.142151542986
1734,deferred,M,51,pre97,Pre-1997,2409.9768061308446
1734,deferred,M,51,9705,1997-2005,1807.4826045981333
1734,deferred,M,51,post05,Post-2005,1807.4826045981333
1735,deferred,M,51,pre97,Pre-1997,1465.7907075478934
1735,deferred,M,51,9705,1997-2005,1099.34303066092
1735,deferred,M,51,post05,Post-2005,1099.34303066092
1736,deferred,M,57,pre97,Pre-1997,5475.283765639253
1736,deferred,M,57,9705,1997-2005,4106.462824229439
1736,deferred,M,57,post05,Post-2005,4106.462824229439
1737,deferred,M,40,pre97,Pre-1997,1645.8171283706201
1737,deferred,M,40,9705,1997-2005,1234.362846277965
1737,deferred,M,40,post05,Post-2005,1234.362846277965
1738,deferred,M,53,pre97,Pre-1997,1766.8069389657876
1738,deferred,M,53,9705,1997-2005,1325.1052042243405
1738,deferred,M,53,post05,Post-2005,1325.1052042243405
1739,deferred,M,42,pre97,Pre-1997,998.9500044323877
1739,deferred,M,42,9705,1997-2005,749.2125033242908
1739,deferred,M,42,post05,Post-2005,749.2125033242908
1740,deferred,M,54,pre97,Pre-1997,2139.4473141785647
1740,deferred,M,54,9705,1997-2005,1604.5854856339233
1740,deferred,M,54,post05,Post-2005,1604.5854856339233
1741,deferred,F,55,pre97,Pre-1997,1825.6931984359119
1741,deferred,F,55,9705,1997-2005,1369.2698988269337
1741,deferred,F,55,post05,Post-2005,1369.2698988269337
1742,deferred,M,60,pre97,Pre-1997,3596.0757404459873
1742,deferred,M,60,9705,1997-2005,2697.0568053344905
1742,deferred,M,60,post05,Post-2005,2697.0568053344905
1743,deferred,F,51,pre97,Pre-1997,895.1501340611107
1743,deferred,F,51,9705,1997-2005,671.362600545833
1743,deferred,F,51,post05,Post-2005,671.362600545833
1744,deferred,M,51,pre97,Pre-1997,503.1991159518347
1744,deferred,M,51,9705,1997-2005,377.399336963876
1744,deferred,M,51,post05,Post-2005,377.399336963876
1745,deferred,M,50,pre97,Pre-1997,1679.737171290957
1745,deferred,M,50,9705,1997-2005,1259.8028784682176
1745,deferred,M,50,post05,Post-2005,1259.8028784682176
1746,deferred,F,45,pre97,Pre-1997,2882.966424311542
1746,deferred,F,45,9705,1997-2005,2162.2248182336566
1746,deferred,F,45,post05,Post-2005,2162.2248182336566
1747,deferred,M,62,pre97,Pre-1997,1376.6606397893622
1747,deferred,M,62,9705,1997-2005,1032.4954798420215
1747,deferred,M,62,post05,Post-2005,1032.4954798420215
1748,deferred,F,62,pre97,Pre-1997,3302.553523041794
1748,deferred,F,62,9705,1997-2005,2476.915142281345
1748,deferred,F,62,post05,Post-2005,2476.915142281345
1749,deferred,M,61,pre97,Pre-1997,5239.4454182590225
1749,deferred,M,61,9705,1997-2005,3929.584063694266
1749,deferred,M,61,post05,Post-2005,3929.584063694266
1750,deferred,M,56,pre97,Pre-1997,1704.675849282376
1750,deferred,M,56,9705,1997-2005,1278.506886961782
1750,deferred,M,56,post05,Post-2005,1278.506886961782
1751,deferred,F,55,pre97,Pre-1997,1231.6439411964539
1751,deferred,F,55,9705,1997-2005,923.7329558973402
1751,deferred,F,55,post05,Post-2005,923.7329558973402
1752,deferred,M,59,pre97,Pre-1997,1965.2365414175722
1752,deferred,M,59,9705,1997-2005,1473.927406063179
1752,deferred,M,59,post05,Post-2005,1473.927406063179
1753,deferred,M,56,pre97,Pre-1997,2655.711877086591
1753,deferred,M,56,9705,1997-2005,1991.7839078149427
1753,deferred,M,56,post05,Post-2005,1991.7839078149427
1754,deferred,M,52,pre97,Pre-1997,7776.807140550511
1754,deferred,M,52,9705,1997-2005,5832.605355412883
1754,deferred,M,52,post05,Post-2005,5832.605355412883
1755,deferred,F,58,pre97,Pre-1997,366.1646160552503
1755,deferred,F,58,9705,1997-2005,274.6234620414377
1755,deferred,F,58,post05,Post-2005,274.6234620414377
1756,deferred,M,53,pre97,Pre-1997,1574.7802067251976
1756,deferred,M,53,9705,1997-2005,1181.085155043898
1756,deferred,M,53,post05,Post-2005,1181.085155043898
1757,deferred,F,49,pre97,Pre-1997,2079.2133815206535
1757,deferred,F,49,9705,1997-2005,1559.4100361404899
1757,deferred,F,49,post05,Post-2005,1559.4100361404899
1758,deferred,M,59,pre97,Pre-1997,2629.0747396610914
1758,deferred,M,59,9705,1997-2005,1971.806054745818
1758,deferred,M,59,post05,Post-2005,1971.806054745818
1759,deferred,F,57,pre97,Pre-1997,910.5215646350715
1759,deferred,F,57,9705,1997-2005,682.8911734763036
1759,deferred,F,57,post05,Post-2005,682.8911734763036
1760,deferred,M,50,pre97,Pre-1997,6182.393528936947
1760,deferred,M,50,9705,1997-2005,4636.795146702711
1760,deferred,M,50,post05,Post-2005,4636.795146702711
1761,deferred,M,54,pre97,Pre-1997,870.7486393255921
1761,deferred,M,54,9705,1997-2005,653.061479494194
1761,deferred,M,54,post05,Post-2005,653.061479494194
1762,deferred,M,52,pre97,Pre-1997,659.0731619799412
1762,deferred,M,52,9705,1997-2005,494.3048714849558
1762,deferred,M,52,post05,Post-2005,494.3048714849558
1763,deferred,M,60,pre97,Pre-1997,2388.39007873648
1763,deferred,M,60,9705,1997-2005,1791.29255905236
1763,deferred,M,60,post05,Post-2005,1791.29255905236
1764,deferred,F,57,pre97,Pre-1997,8990.380428302093
1764,deferred,F,57,9705,1997-2005,6742.785321226568
1764,deferred,F,57,post05,Post-2005,6742.785321226568
1765,deferred,M,55,pre97,Pre-1997,2857.782363858304
1765,deferred,M,55,9705,1997-2005,2143.336772893728
1765,deferred,M,55,post05,Post-2005,2143.336772893728
1766,deferred,F,52,pre97,Pre-1997,2198.3308222498076
1766,deferred,F,52,9705,1997-2005,1648.7481166873556
1766,deferred,F,52,post05,Post-2005,1648.7481166873556
1767,deferred,M,51,pre97,Pre-1997,1037.5594184736244
1767,deferred,M,51,9705,1997-2005,778.1695638552181
1767,deferred,M,51,post05,Post-2005,778.1695638552181
1768,deferred,F,63,pre97,Pre-1997,4723.282324123796
1768,deferred,F,63,9705,1997-2005,3542.461743092846
1768,deferred,F,63,post05,Post-2005,3542.461743092846
1769,deferred,M,59,pre97,Pre-1997,5797.470879474343
1769,deferred,M,59,9705,1997-2005,4348.103159605756
1769,deferred,M,59,post05,Post-2005,4348.103159605756
1770,deferred,M,47,pre97,Pre-1997,5270.42967266066
1770,deferred,M,47,9705,1997-2005,3952.8222544954947
1770,deferred,M,47,post05,Post-2005,3952.8222544954947
1771,deferred,M,43,pre97,Pre-1997,3568.2217070115316
1771,deferred,M,43,9705,1997-2005,2676.1662802586484
1771,deferred,M,43,post05,Post-2005,2676.1662802586484
1772,deferred,M,56,pre97,Pre-1997,1229.9764301313846
1772,deferred,M,56,9705,1997-2005,922.4823225985384
1772,deferred,M,56,post05,Post-2005,922.4823225985384
1773,deferred,F,56,pre97,Pre-1997,1856.6838614516582
1773,deferred,F,56,9705,1997-2005,1392.5128960887437
1773,deferred,F,56,post05,Post-2005,1392.5128960887437
1774,deferred,M,60,pre97,Pre-1997,5054.2144566128545
1774,deferred,M,60,9705,1997-2005,3790.66084245964
1774,deferred,M,60,post05,Post-2005,3790.66084245964
1775,deferred,M,48,pre97,Pre-1997,898.2679003397761
1775,deferred,M,48,9705,1997-2005,673.7009252548321
1775,deferred,M,48,post05,Post-2005,673.7009252548321
1776,deferred,F,56,pre97,Pre-1997,1364.034903644143
1776,deferred,F,56,9705,1997-2005,1023.0261777331073
1776,deferred,F,56,post05,Post-2005,1023.0261777331073
1777,deferred,F,50,pre97,Pre-1997,1038.2497278263534
1777,deferred,F,50,9705,1997-2005,778.6872958697651
1777,deferred,F,50,post05,Post-2005,778.6872958697651
1778,deferred,M,56,pre97,Pre-1997,13681.824841641257
1778,deferred,M,56,9705,1997-2005,10261.368631230942
1778,deferred,M,56,post05,Post-2005,10261.368631230942
1779,deferred,M,48,pre97,Pre-1997,1750.557358408982
1779,deferred,M,48,9705,1997-2005,1312.9180188067364
1779,deferred,M,48,post05,Post-2005,1312.9180188067364
1780,deferred,F,48,pre97,Pre-1997,2812.5560560360655
1780,deferred,F,48,9705,1997-2005,2109.417042027049
1780,deferred,F,48,post05,Post-2005,2109.417042027049
1781,deferred,F,49,pre97,Pre-1997,5894.981063908344
1781,deferred,F,49,9705,1997-2005,4421.235797931257
1781,deferred,F,49,post05,Post-2005,4421.235797931257
1782,deferred,M,54,pre97,Pre-1997,3034.875548368877
1782,deferred,M,54,9705,1997-2005,2276.1566612766574
1782,deferred,M,54,post05,Post-2005,2276.1566612766574
1783,deferred,M,53,pre97,Pre-1997,8654.786085751644
1783,deferred,M,53,9705,1997-2005,6491.089564313733
1783,deferred,M,53,post05,Post-2005,6491.089564313733
1784,deferred,M,58,pre97,Pre-1997,691.8059699563023
1784,deferred,M,58,9705,1997-2005,518.8544774672266
1784,deferred,M,58,post05,Post-2005,518.8544774672266
1785,deferred,F,51,pre97,Pre-1997,1715.476331319719
1785,deferred,F,51,9705,1997-2005,1286.607248489789
1785,deferred,F,51,post05,Post-2005,1286.607248489789
1786,deferred,F,48,pre97,Pre-1997,280.62148391725617
1786,deferred,F,48,9705,1997-2005,210.46611293794209
1786,deferred,F,48,post05,Post-2005,210.46611293794209
1787,deferred,F,52,pre97,Pre-1997,2933.5493070276816
1787,deferred,F,52,9705,1997-2005,2200.161980270761
1787,deferred,F,52,post05,Post-2005,2200.161980270761
1788,deferred,M,50,pre97,Pre-1997,938.3257082014434
1788,deferred,M,50,9705,1997-2005,703.7442811510825
1788,deferred,M,50,post05,Post-2005,703.7442811510825
1789,deferred,M,59,pre97,Pre-1997,5382.524777772754
1789,deferred,M,59,9705,1997-2005,4036.893583329565
1789,deferred,M,59,post05,Post-2005,4036.893583329565
1790,deferred,M,55,pre97,Pre-1997,477.78754076387787
1790,deferred,M,55,9705,1997-2005,358.34065557290836
1790,deferred,M,55,post05,Post-2005,358.34065557290836
1791,deferred,F,58,pre97,Pre-1997,1458.7319888651643
1791,deferred,F,58,9705,1997-2005,1094.0489916488732
1791,deferred,F,58,post05,Post-2005,1094.0489916488732
1792,deferred,F,56,pre97,Pre-1997,1958.8259639906366
1792,deferred,F,56,9705,1997-2005,1469.1194729929773
1792,deferred,F,56,post05,Post-2005,1469.1194729929773
1793,deferred,F,56,pre97,Pre-1997,3720.38717472118
1793,deferred,F,56,9705,1997-2005,2790.2903810408848
1793,deferred,F,56,post05,Post-2005,2790.2903810408848
1794,deferred,F,64,pre97,Pre-1997,2883.179231031007
1794,deferred,F,64,9705,1997-2005,2162.384423273255
1794,deferred,F,64,post05,Post-2005,2162.384423273255
1795,deferred,F,51,pre97,Pre-1997,1146.8732965635909
1795,deferred,F,51,9705,1997-2005,860.1549724226932
1795,deferred,F,51,post05,Post-2005,860.1549724226932
1796,deferred,F,58,pre97,Pre-1997,830.8888877877544
1796,deferred,F,58,9705,1997-2005,623.1666658408158
1796,deferred,F,58,post05,Post-2005,623.1666658408158
1797,deferred,M,52,pre97,Pre-1997,1211.4003645975647
1797,deferred,M,52,9705,1997-2005,908.5502734481735
1797,deferred,M,52,post05,Post-2005,908.5502734481735
1798,deferred,F,61,pre97,Pre-1997,1553.640043002597
1798,deferred,F,61,9705,1997-2005,1165.2300322519477
1798,deferred,F,61,post05,Post-2005,1165.2300322519477
1799,deferred,M,54,pre97,Pre-1997,1521.6873423357629
1799,deferred,M,54,9705,1997-2005,1141.265506751822
1799,deferred,M,54,post05,Post-2005,1141.265506751822
1800,deferred,F,59,pre97,Pre-1997,1719.9397898557233
1800,deferred,F,59,9705,1997-2005,1289.9548423917925
1800,deferred,F,59,post05,Post-2005,1289.9548423917925
1801,deferred,F,46,pre97,Pre-1997,1555.5587893640795
1801,deferred,F,46,9705,1997-2005,1166.6690920230594
1801,deferred,F,46,post05,Post-2005,1166.6690920230594
1802,deferred,M,63,pre97,Pre-1997,6923.272157375137
1802,deferred,M,63,9705,1997-2005,5192.454118031352
1802,deferred,M,63,post05,Post-2005,5192.454118031352
1803,deferred,M,48,pre97,Pre-1997,2474.8189135772827
1803,deferred,M,48,9705,1997-2005,1856.114185182962
1803,deferred,M,48,post05,Post-2005,1856.114185182962
1804,deferred,F,59,pre97,Pre-1997,4063.7182409170814
1804,deferred,F,59,9705,1997-2005,3047.788680687811
1804,deferred,F,59,post05,Post-2005,3047.788680687811
1805,deferred,M,45,pre97,Pre-1997,7595.297917354254
1805,deferred,M,45,9705,1997-2005,5696.473438015691
1805,deferred,M,45,post05,Post-2005,5696.473438015691
1806,deferred,M,56,pre97,Pre-1997,558.671697920627
1806,deferred,M,56,9705,1997-2005,419.0037734404702
1806,deferred,M,56,post05,Post-2005,419.0037734404702
1807,deferred,M,56,pre97,Pre-1997,2908.1762741956263
1807,deferred,M,56,9705,1997-2005,2181.1322056467197
1807,deferred,M,56,post05,Post-2005,2181.1322056467197
1808,deferred,F,56,pre97,Pre-1997,1567.3112056546406
1808,deferred,F,56,9705,1997-2005,1175.4834042409802
1808,deferred,F,56,post05,Post-2005,1175.4834042409802
1809,deferred,F,51,pre97,Pre-1997,1635.8010409955682
1809,deferred,F,51,9705,1997-2005,1226.850780746676
1809,deferred,F,51,post05,Post-2005,1226.850780746676
1810,deferred,F,51,pre97,Pre-1997,5084.404565038782
1810,deferred,F,51,9705,1997-2005,3813.3034237790853
1810,deferred,F,51,post05,Post-2005,3813.3034237790853
1811,deferred,M,54,pre97,Pre-1997,1656.424984073031
1811,deferred,M,54,9705,1997-2005,1242.3187380547731
1811,deferred,M,54,post05,Post-2005,1242.3187380547731
1812,deferred,F,64,pre97,Pre-1997,2388.6462044407976
1812,deferred,F,64,9705,1997-2005,1791.484653330598
1812,deferred,F,64,post05,Post-2005,1791.484653330598
1813,deferred,F,58,pre97,Pre-1997,3520.755160408065
1813,deferred,F,58,9705,1997-2005,2640.5663703060486
1813,deferred,F,58,post05,Post-2005,2640.5663703060486
1814,deferred,F,48,pre97,Pre-1997,1003.5145216788684
1814,deferred,F,48,9705,1997-2005,752.6358912591512
1814,deferred,F,48,post05,Post-2005,752.6358912591512
1815,deferred,F,61,pre97,Pre-1997,798.8854839146253
1815,deferred,F,61,9705,1997-2005,599.1641129359689
1815,deferred,F,61,post05,Post-2005,599.1641129359689
1816,deferred,F,49,pre97,Pre-1997,1924.970943229105
1816,deferred,F,49,9705,1997-2005,1443.7282074218285
1816,deferred,F,49,post05,Post-2005,1443.7282074218285
1817,deferred,M,57,pre97,Pre-1997,6006.463256301993
1817,deferred,M,57,9705,1997-2005,4504.847442226494
1817,deferred,M,57,post05,Post-2005,4504.847442226494
1818,deferred,F,54,pre97,Pre-1997,1107.8739023587477
1818,deferred,F,54,9705,1997-2005,830.9054267690608
1818,deferred,F,54,post05,Post-2005,830.9054267690608
1819,deferred,M,42,pre97,Pre-1997,4324.715996039537
1819,deferred,M,42,9705,1997-2005,3243.5369970296524
1819,deferred,M,42,post05,Post-2005,3243.5369970296524
1820,deferred,F,45,pre97,Pre-1997,1263.0676715059074
1820,deferred,F,45,9705,1997-2005,947.3007536294305
1820,deferred,F,45,post05,Post-2005,947.3007536294305
1821,deferred,M,43,pre97,Pre-1997,361.47904055626924
1821,deferred,M,43,9705,1997-2005,271.1092804172019
1821,deferred,M,43,post05,Post-2005,271.1092804172019
1822,deferred,M,46,pre97,Pre-1997,9114.325637530728
1822,deferred,M,46,9705,1997-2005,6835.744228148045
1822,deferred,M,46,post05,Post-2005,6835.744228148045
1823,deferred,F,50,pre97,Pre-1997,2660.6612285218057
1823,deferred,F,50,9705,1997-2005,1995.4959213913542
1823,deferred,F,50,post05,Post-2005,1995.4959213913542
1824,deferred,M,49,pre97,Pre-1997,1339.8991070038412
1824,deferred,M,49,9705,1997-2005,1004.9243302528808
1824,deferred,M,49,post05,Post-2005,1004.9243302528808
1825,deferred,F,52,pre97,Pre-1997,481.75360965111133
1825,deferred,F,52,9705,1997-2005,361.31520723833347
1825,deferred,F,52,post05,Post-2005,361.31520723833347
1826,deferred,M,49,pre97,Pre-1997,2410.257776763175
1826,deferred,M,49,9705,1997-2005,1807.6933325723815
1826,deferred,M,49,post05,Post-2005,1807.6933325723815
1827,deferred,F,57,pre97,Pre-1997,1628.6303426394663
1827,deferred,F,57,9705,1997-2005,1221.4727569795996
1827,deferred,F,57,post05,Post-2005,1221.4727569795996
1828,deferred,M,55,pre97,Pre-1997,4149.653350958433
1828,deferred,M,55,9705,1997-2005,3112.240013218825
1828,deferred,M,55,post05,Post-2005,3112.240013218825
1829,deferred,F,57,pre97,Pre-1997,1366.3194890606771
1829,deferred,F,57,9705,1997-2005,1024.7396167955078
1829,deferred,F,57,post05,Post-2005,1024.7396167955078
1830,deferred,M,46,pre97,Pre-1997,1259.80936437382
1830,deferred,M,46,9705,1997-2005,944.8570232803648
1830,deferred,M,46,post05,Post-2005,944.8570232803648
1831,deferred,M,42,pre97,Pre-1997,167.5934979246295
1831,deferred,M,42,9705,1997-2005,125.69512344347211
1831,deferred,M,42,post05,Post-2005,125.69512344347211
1832,deferred,M,47,pre97,Pre-1997,1933.3805712277765
1832,deferred,M,47,9705,1997-2005,1450.0354284208322
1832,deferred,M,47,post05,Post-2005,1450.0354284208322
1833,deferred,F,60,pre97,Pre-1997,518.7720017237482
1833,deferred,F,60,9705,1997-2005,389.0790012928111
1833,deferred,F,60,post05,Post-2005,389.0790012928111
1834,deferred,M,53,pre97,Pre-1997,5221.701624268743
1834,deferred,M,53,9705,1997-2005,3916.276218201557
1834,deferred,M,53,post05,Post-2005,3916.276218201557
1835,deferred,M,58,pre97,Pre-1997,984.0026731250857
1835,deferred,M,58,9705,1997-2005,738.0020048438142
1835,deferred,M,58,post05,Post-2005,738.0020048438142
1836,deferred,F,53,pre97,Pre-1997,1982.6523836993363
1836,deferred,F,53,9705,1997-2005,1486.9892877745021
1836,deferred,F,53,post05,Post-2005,1486.9892877745021
1837,deferred,M,46,pre97,Pre-1997,970.4727618208543
1837,deferred,M,46,9705,1997-2005,727.8545713656407
1837,deferred,M,46,post05,Post-2005,727.8545713656407
1838,deferred,F,57,pre97,Pre-1997,325.7835963717097
1838,deferred,F,57,9705,1997-2005,244.33769727878223
1838,deferred,F,57,post05,Post-2005,244.33769727878223
1839,deferred,M,52,pre97,Pre-1997,1318.290911199423
1839,deferred,M,52,9705,1997-2005,988.718183399567
1839,deferred,M,52,post05,Post-2005,988.718183399567
1840,deferred,M,52,pre97,Pre-1997,4001.1950061854805
1840,deferred,M,52,9705,1997-2005,3000.8962546391103
1840,deferred,M,52,post05,Post-2005,3000.8962546391103
1841,deferred,M,55,pre97,Pre-1997,1296.7386827298392
1841,deferred,M,55,9705,1997-2005,972.5540120473793
1841,deferred,M,55,post05,Post-2005,972.5540120473793
1842,deferred,M,46,pre97,Pre-1997,6072.968575106674
1842,deferred,M,46,9705,1997-2005,4554.726431330005
1842,deferred,M,46,post05,Post-2005,4554.726431330005
1843,deferred,M,55,pre97,Pre-1997,523.5561855651283
1843,deferred,M,55,9705,1997-2005,392.6671391738462
1843,deferred,M,55,post05,Post-2005,392.6671391738462
1844,deferred,M,50,pre97,Pre-1997,2105.651754894328
1844,deferred,M,50,9705,1997-2005,1579.238816170746
1844,deferred,M,50,post05,Post-2005,1579.238816170746
1845,deferred,M,46,pre97,Pre-1997,1389.4281214822431
1845,deferred,M,46,9705,1997-2005,1042.071091111682
1845,deferred,M,46,post05,Post-2005,1042.071091111682
1846,deferred,M,54,pre97,Pre-1997,495.50417397001104
1846,deferred,M,54,9705,1997-2005,371.62813047750825
1846,deferred,M,54,post05,Post-2005,371.62813047750825
1847,deferred,M,56,pre97,Pre-1997,2318.0626722556603
1847,deferred,M,56,9705,1997-2005,1738.547004191745
1847,deferred,M,56,post05,Post-2005,1738.547004191745
1848,deferred,F,46,pre97,Pre-1997,1395.5802801666007
1848,deferred,F,46,9705,1997-2005,1046.6852101249503
1848,deferred,F,46,post05,Post-2005,1046.6852101249503
1849,deferred,F,59,pre97,Pre-1997,498.5374736323747
1849,deferred,F,59,9705,1997-2005,373.90310522428103
1849,deferred,F,59,post05,Post-2005,373.90310522428103
1850,deferred,F,61,pre97,Pre-1997,4290.905513786049
1850,deferred,F,61,9705,1997-2005,3218.1791353395365
1850,deferred,F,61,post05,Post-2005,3218.1791353395365
1851,deferred,M,50,pre97,Pre-1997,1971.9234924893995
1851,deferred,M,50,9705,1997-2005,1478.9426193670495
1851,deferred,M,50,post05,Post-2005,1478.9426193670495
1852,deferred,F,43,pre97,Pre-1997,914.8408496249202
1852,deferred,F,43,9705,1997-2005,686.1306372186901
1852,deferred,F,43,post05,Post-2005,686.1306372186901
1853,deferred,F,57,pre97,Pre-1997,7256.664401373765
1853,deferred,F,57,9705,1997-2005,5442.498301030323
1853,deferred,F,57,post05,Post-2005,5442.498301030323
1854,deferred,M,57,pre97,Pre-1997,5210.507562123436
1854,deferred,M,57,9705,1997-2005,3907.880671592577
1854,deferred,M,57,post05,Post-2005,3907.880671592577
1855,deferred,M,46,pre97,Pre-1997,447.81575485637904
1855,deferred,M,46,9705,1997-2005,335.8618161422843
1855,deferred,M,46,post05,Post-2005,335.8618161422843
1856,deferred,M,62,pre97,Pre-1997,3382.564964397685
1856,deferred,M,62,9705,1997-2005,2536.923723298263
1856,deferred,M,62,post05,Post-2005,2536.923723298263
1857,deferred,M,51,pre97,Pre-1997,17053.29887216984
1857,deferred,M,51,9705,1997-2005,12789.974154127378
1857,deferred,M,51,post05,Post-2005,12789.974154127378
1858,deferred,M,58,pre97,Pre-1997,2116.159287921973
1858,deferred,M,58,9705,1997-2005,1587.1194659414798
1858,deferred,M,58,post05,Post-2005,1587.1194659414798
1859,deferred,M,51,pre97,Pre-1997,2684.8232099523248
1859,deferred,M,51,9705,1997-2005,2013.6174074642436
1859,deferred,M,51,post05,Post-2005,2013.6174074642436
1860,deferred,M,59,pre97,Pre-1997,5923.226938002691
1860,deferred,M,59,9705,1997-2005,4442.420203502018
1860,deferred,M,59,post05,Post-2005,4442.420203502018
1861,deferred,M,58,pre97,Pre-1997,4571.148122712227
1861,deferred,M,58,9705,1997-2005,3428.3610920341703
1861,deferred,M,58,post05,Post-2005,3428.3610920341703
1862,deferred,F,49,pre97,Pre-1997,8356.117901118332
1862,deferred,F,49,9705,1997-2005,6267.088425838748
1862,deferred,F,49,post05,Post-2005,6267.088425838748
1863,deferred,M,48,pre97,Pre-1997,1978.7461378538044
1863,deferred,M,48,9705,1997-2005,1484.0596033903532
1863,deferred,M,48,post05,Post-2005,1484.0596033903532
1864,deferred,M,53,pre97,Pre-1997,3709.7162620257036
1864,deferred,M,53,9705,1997-2005,2782.2871965192776
1864,deferred,M,53,post05,Post-2005,2782.2871965192776
1865,deferred,F,60,pre97,Pre-1997,2162.4450325203566
1865,deferred,F,60,9705,1997-2005,1621.8337743902673
1865,deferred,F,60,post05,Post-2005,1621.8337743902673
1866,deferred,M,61,pre97,Pre-1997,3945.1765781623712
1866,deferred,M,61,9705,1997-2005,2958.882433621778
1866,deferred,M,61,post05,Post-2005,2958.882433621778
1867,deferred,M,60,pre97,Pre-1997,2975.237290863036
1867,deferred,M,60,9705,1997-2005,2231.4279681472767
1867,deferred,M,60,post05,Post-2005,2231.4279681472767
1868,deferred,F,48,pre97,Pre-1997,1081.7128447092696
1868,deferred,F,48,9705,1997-2005,811.2846335319521
1868,deferred,F,48,post05,Post-2005,811.2846335319521
1869,deferred,M,49,pre97,Pre-1997,945.239306048346
1869,deferred,M,49,9705,1997-2005,708.9294795362594
1869,deferred,M,49,post05,Post-2005,708.9294795362594
1870,deferred,M,55,pre97,Pre-1997,2859.7160930796585
1870,deferred,M,55,9705,1997-2005,2144.7870698097436
1870,deferred,M,55,post05,Post-2005,2144.7870698097436
1871,deferred,F,51,pre97,Pre-1997,993.6824230760017
1871,deferred,F,51,9705,1997-2005,745.2618173070011
1871,deferred,F,51,post05,Post-2005,745.2618173070011
1872,deferred,M,48,pre97,Pre-1997,1259.2551610132327
1872,deferred,M,48,9705,1997-2005,944.4413707599244
1872,deferred,M,48,post05,Post-2005,944.4413707599244
1873,deferred,M,48,pre97,Pre-1997,1190.4020978093665
1873,deferred,M,48,9705,1997-2005,892.801573357025
1873,deferred,M,48,post05,Post-2005,892.801573357025
1874,deferred,F,60,pre97,Pre-1997,2101.6813246933752
1874,deferred,F,60,9705,1997-2005,1576.2609935200312
1874,deferred,F,60,post05,Post-2005,1576.2609935200312
1875,deferred,M,59,pre97,Pre-1997,1059.886332350491
1875,deferred,M,59,9705,1997-2005,794.9147492628683
1875,deferred,M,59,post05,Post-2005,794.9147492628683
1876,deferred,F,56,pre97,Pre-1997,692.7107140086196
1876,deferred,F,56,9705,1997-2005,519.5330355064646
1876,deferred,F,56,post05,Post-2005,519.5330355064646
1877,deferred,F,41,pre97,Pre-1997,573.1610008771283
1877,deferred,F,41,9705,1997-2005,429.8707506578462
1877,deferred,F,41,post05,Post-2005,429.8707506578462
1878,deferred,F,55,pre97,Pre-1997,1634.3449721952563
1878,deferred,F,55,9705,1997-2005,1225.7587291464422
1878,deferred,F,55,post05,Post-2005,1225.7587291464422
1879,deferred,M,53,pre97,Pre-1997,4154.433667390615
1879,deferred,M,53,9705,1997-2005,3115.825250542961
1879,deferred,M,53,post05,Post-2005,3115.825250542961
1880,deferred,M,57,pre97,Pre-1997,618.5246782968735
1880,deferred,M,57,9705,1997-2005,463.8935087226551
1880,deferred,M,57,post05,Post-2005,463.8935087226551
1881,deferred,F,53,pre97,Pre-1997,1524.696487444534
1881,deferred,F,53,9705,1997-2005,1143.5223655834004
1881,deferred,F,53,post05,Post-2005,1143.5223655834004
1882,deferred,M,58,pre97,Pre-1997,1634.0452507544203
1882,deferred,M,58,9705,1997-2005,1225.5339380658152
1882,deferred,M,58,post05,Post-2005,1225.5339380658152
1883,deferred,F,40,pre97,Pre-1997,1426.2077847404244
1883,deferred,F,40,9705,1997-2005,1069.655838555318
1883,deferred,F,40,post05,Post-2005,1069.655838555318
1884,deferred,M,50,pre97,Pre-1997,2950.438457621631
1884,deferred,M,50,9705,1997-2005,2212.828843216223
1884,deferred,M,50,post05,Post-2005,2212.828843216223
1885,deferred,M,49,pre97,Pre-1997,1117.4291536396101
1885,deferred,M,49,9705,1997-2005,838.0718652297074
1885,deferred,M,49,post05,Post-2005,838.0718652297074
1886,deferred,F,60,pre97,Pre-1997,516.1972731531278
1886,deferred,F,60,9705,1997-2005,387.1479548648458
1886,deferred,F,60,post05,Post-2005,387.1479548648458
1887,deferred,M,54,pre97,Pre-1997,1285.3335843630905
1887,deferred,M,54,9705,1997-2005,964.0001882723178
1887,deferred,M,54,post05,Post-2005,964.0001882723178
1888,deferred,M,54,pre97,Pre-1997,1270.5983125510295
1888,deferred,M,54,9705,1997-2005,952.9487344132721
1888,deferred,M,54,post05,Post-2005,952.9487344132721
1889,deferred,F,58,pre97,Pre-1997,2609.5520852528603
1889,deferred,F,58,9705,1997-2005,1957.1640639396448
1889,deferred,F,58,post05,Post-2005,1957.1640639396448
1890,deferred,F,55,pre97,Pre-1997,1595.6533388297407
1890,deferred,F,55,9705,1997-2005,1196.7400041223054
1890,deferred,F,55,post05,Post-2005,1196.7400041223054
1891,deferred,M,53,pre97,Pre-1997,5608.330791182434
1891,deferred,M,53,9705,1997-2005,4206.248093386825
1891,deferred,M,53,post05,Post-2005,4206.248093386825
1892,deferred,F,58,pre97,Pre-1997,385.5542107151122
1892,deferred,F,58,9705,1997-2005,289.16565803633415
1892,deferred,F,58,post05,Post-2005,289.16565803633415
1893,deferred,F,56,pre97,Pre-1997,8528.457536155265
1893,deferred,F,56,9705,1997-2005,6396.343152116448
1893,deferred,F,56,post05,Post-2005,6396.343152116448
1894,deferred,M,52,pre97,Pre-1997,10223.331318619601
1894,deferred,M,52,9705,1997-2005,7667.498488964699
1894,deferred,M,52,post05,Post-2005,7667.498488964699
1895,deferred,M,44,pre97,Pre-1997,804.0467193337931
1895,deferred,M,44,9705,1997-2005,603.0350395003447
1895,deferred,M,44,post05,Post-2005,603.0350395003447
1896,deferred,M,47,pre97,Pre-1997,1275.2049264830102
1896,deferred,M,47,9705,1997-2005,956.4036948622575
1896,deferred,M,47,post05,Post-2005,956.4036948622575
1897,deferred,F,55,pre97,Pre-1997,2530.2576823804447
1897,deferred,F,55,9705,1997-2005,1897.6932617853336
1897,deferred,F,55,post05,Post-2005,1897.6932617853336
1898,deferred,M,56,pre97,Pre-1997,6236.576561106653
1898,deferred,M,56,9705,1997-2005,4677.4324208299895
1898,deferred,M,56,post05,Post-2005,4677.4324208299895
1899,deferred,M,44,pre97,Pre-1997,8564.830895401003
1899,deferred,M,44,9705,1997-2005,6423.623171550751
1899,deferred,M,44,post05,Post-2005,6423.623171550751
1900,deferred,M,53,pre97,Pre-1997,1396.5270214687819
1900,deferred,M,53,9705,1997-2005,1047.3952661015862
1900,deferred,M,53,post05,Post-2005,1047.3952661015862
1901,deferred,F,60,pre97,Pre-1997,3257.5692055961777
1901,deferred,F,60,9705,1997-2005,2443.176904197133
1901,deferred,F,60,post05,Post-2005,2443.176904197133
1902,deferred,M,61,pre97,Pre-1997,1931.0083952597906
1902,deferred,M,61,9705,1997-2005,1448.256296444843
1902,deferred,M,61,post05,Post-2005,1448.256296444843
1903,deferred,F,48,pre97,Pre-1997,2771.258698235606
1903,deferred,F,48,9705,1997-2005,2078.4440236767045
1903,deferred,F,48,post05,Post-2005,2078.4440236767045
1904,deferred,M,57,pre97,Pre-1997,511.42931631191317
1904,deferred,M,57,9705,1997-2005,383.57198723393486
1904,deferred,M,57,post05,Post-2005,383.57198723393486
1905,deferred,M,57,pre97,Pre-1997,1817.4065194532134
1905,deferred,M,57,9705,1997-2005,1363.0548895899099
1905,deferred,M,57,post05,Post-2005,1363.0548895899099
1906,deferred,F,56,pre97,Pre-1997,960.256998344564
1906,deferred,F,56,9705,1997-2005,720.1927487584229
1906,deferred,F,56,post05,Post-2005,720.1927487584229
1907,deferred,M,54,pre97,Pre-1997,2333.4510181629353
1907,deferred,M,54,9705,1997-2005,1750.0882636222016
1907,deferred,M,54,post05,Post-2005,1750.0882636222016
1908,deferred,F,59,pre97,Pre-1997,2983.8613701802283
1908,deferred,F,59,9705,1997-2005,2237.896027635171
1908,deferred,F,59,post05,Post-2005,2237.896027635171
1909,deferred,F,58,pre97,Pre-1997,3311.9723292350136
1909,deferred,F,58,9705,1997-2005,2483.97924692626
1909,deferred,F,58,post05,Post-2005,2483.97924692626
1910,deferred,F,56,pre97,Pre-1997,2787.070941256117
1910,deferred,F,56,9705,1997-2005,2090.3032059420875
1910,deferred,F,56,post05,Post-2005,2090.3032059420875
1911,deferred,F,49,pre97,Pre-1997,9376.900742659347
1911,deferred,F,49,9705,1997-2005,7032.67555699451
1911,deferred,F,49,post05,Post-2005,7032.67555699451
1912,deferred,F,49,pre97,Pre-1997,1429.7034380211944
1912,deferred,F,49,9705,1997-2005,1072.2775785158956
1912,deferred,F,49,post05,Post-2005,1072.2775785158956
1913,deferred,F,51,pre97,Pre-1997,958.5876309207803
1913,deferred,F,51,9705,1997-2005,718.9407231905851
1913,deferred,F,51,post05,Post-2005,718.9407231905851
1914,deferred,M,56,pre97,Pre-1997,633.8306371422743
1914,deferred,M,56,9705,1997-2005,475.3729778567057
1914,deferred,M,56,post05,Post-2005,475.3729778567057
1915,deferred,M,49,pre97,Pre-1997,1571.9700376826495
1915,deferred,M,49,9705,1997-2005,1178.9775282619871
1915,deferred,M,49,post05,Post-2005,1178.9775282619871
1916,deferred,M,50,pre97,Pre-1997,4554.764164653056
1916,deferred,M,50,9705,1997-2005,3416.073123489791
1916,deferred,M,50,post05,Post-2005,3416.073123489791
1917,deferred,M,57,pre97,Pre-1997,1714.0573781056498
1917,deferred,M,57,9705,1997-2005,1285.5430335792373
1917,deferred,M,57,post05,Post-2005,1285.5430335792373
1918,deferred,M,48,pre97,Pre-1997,2970.9788446164084
1918,deferred,M,48,9705,1997-2005,2228.234133462306
1918,deferred,M,48,post05,Post-2005,2228.234133462306
1919,deferred,M,50,pre97,Pre-1997,1493.4755940697978
1919,deferred,M,50,9705,1997-2005,1120.1066955523481
1919,deferred,M,50,post05,Post-2005,1120.1066955523481
1920,deferred,F,53,pre97,Pre-1997,402.4788567695308
1920,deferred,F,53,9705,1997-2005,301.8591425771481
1920,deferred,F,53,post05,Post-2005,301.8591425771481
1921,deferred,M,54,pre97,Pre-1997,3288.5798487542315
1921,deferred,M,54,9705,1997-2005,2466.4348865656734
1921,deferred,M,54,post05,Post-2005,2466.4348865656734
1922,deferred,M,59,pre97,Pre-1997,3600.9040380787137
1922,deferred,M,59,9705,1997-2005,2700.678028559035
1922,deferred,M,59,post05,Post-2005,2700.678028559035
1923,deferred,F,63,pre97,Pre-1997,1498.8226211298997
1923,deferred,F,63,9705,1997-2005,1124.1169658474248
1923,deferred,F,63,post05,Post-2005,1124.1169658474248
1924,deferred,F,49,pre97,Pre-1997,704.8246187629519
1924,deferred,F,49,9705,1997-2005,528.6184640722139
1924,deferred,F,49,post05,Post-2005,528.6184640722139
1925,deferred,F,62,pre97,Pre-1997,8658.717519117787
1925,deferred,F,62,9705,1997-2005,6494.03813933834
1925,deferred,F,62,post05,Post-2005,6494.03813933834
1926,deferred,F,52,pre97,Pre-1997,1716.7506377492832
1926,deferred,F,52,9705,1997-2005,1287.5629783119623
1926,deferred,F,52,post05,Post-2005,1287.5629783119623
1927,deferred,M,50,pre97,Pre-1997,2602.642994437776
1927,deferred,M,50,9705,1997-2005,1951.982245828332
1927,deferred,M,50,post05,Post-2005,1951.982245828332
1928,deferred,M,54,pre97,Pre-1997,7088.062290958926
1928,deferred,M,54,9705,1997-2005,5316.046718219193
1928,deferred,M,54,post05,Post-2005,5316.046718219193
1929,deferred,M,43,pre97,Pre-1997,1425.421037454496
1929,deferred,M,43,9705,1997-2005,1069.0657780908718
1929,deferred,M,43,post05,Post-2005,1069.0657780908718
1930,deferred,F,60,pre97,Pre-1997,1527.5512060048868
1930,deferred,F,60,9705,1997-2005,1145.6634045036649
1930,deferred,F,60,post05,Post-2005,1145.6634045036649
1931,deferred,M,61,pre97,Pre-1997,2076.3301218828487
1931,deferred,M,61,9705,1997-2005,1557.2475914121362
1931,deferred,M,61,post05,Post-2005,1557.2475914121362
1932,deferred,F,53,pre97,Pre-1997,2267.607887750333
1932,deferred,F,53,9705,1997-2005,1700.7059158127493
1932,deferred,F,53,post05,Post-2005,1700.7059158127493
1933,deferred,F,48,pre97,Pre-1997,633.0780476491013
1933,deferred,F,48,9705,1997-2005,474.8085357368259
1933,deferred,F,48,post05,Post-2005,474.8085357368259
1934,deferred,F,50,pre97,Pre-1997,7579.553689026006
1934,deferred,F,50,9705,1997-2005,5684.665266769504
1934,deferred,F,50,post05,Post-2005,5684.665266769504
1935,deferred,M,54,pre97,Pre-1997,1120.1792954553955
1935,deferred,M,54,9705,1997-2005,840.1344715915465
1935,deferred,M,54,post05,Post-2005,840.1344715915465
1936,deferred,M,58,pre97,Pre-1997,6091.572026455761
1936,deferred,M,58,9705,1997-2005,4568.67901984182
1936,deferred,M,58,post05,Post-2005,4568.67901984182
1937,deferred,M,56,pre97,Pre-1997,845.2666976195732
1937,deferred,M,56,9705,1997-2005,633.9500232146798
1937,deferred,M,56,post05,Post-2005,633.9500232146798
1938,deferred,M,56,pre97,Pre-1997,3021.9353451755987
1938,deferred,M,56,9705,1997-2005,2266.451508881699
1938,deferred,M,56,post05,Post-2005,2266.451508881699
1939,deferred,F,55,pre97,Pre-1997,1946.2850009635983
1939,deferred,F,55,9705,1997-2005,1459.7137507226987
1939,deferred,F,55,post05,Post-2005,1459.7137507226987
1940,deferred,F,54,pre97,Pre-1997,1562.0047746954615
1940,deferred,F,54,9705,1997-2005,1171.5035810215961
1940,deferred,F,54,post05,Post-2005,1171.5035810215961
1941,deferred,M,64,pre97,Pre-1997,2124.357016534382
1941,deferred,M,64,9705,1997-2005,1593.2677624007863
1941,deferred,M,64,post05,Post-2005,1593.2677624007863
1942,deferred,M,54,pre97,Pre-1997,986.9960738754867
1942,deferred,M,54,9705,1997-2005,740.2470554066149
1942,deferred,M,54,post05,Post-2005,740.2470554066149
1943,deferred,M,45,pre97,Pre-1997,1311.1412349389961
1943,deferred,M,45,9705,1997-2005,983.355926204247
1943,deferred,M,45,post05,Post-2005,983.355926204247
1944,deferred,F,51,pre97,Pre-1997,5186.926104894053
1944,deferred,F,51,9705,1997-2005,3890.194578670539
1944,deferred,F,51,post05,Post-2005,3890.194578670539
1945,deferred,F,56,pre97,Pre-1997,794.0409530742836
1945,deferred,F,56,9705,1997-2005,595.5307148057126
1945,deferred,F,56,post05,Post-2005,595.5307148057126
1946,deferred,F,57,pre97,Pre-1997,1686.959466587963
1946,deferred,F,57,9705,1997-2005,1265.2195999409723
1946,deferred,F,57,post05,Post-2005,1265.2195999409723
1947,deferred,M,44,pre97,Pre-1997,825.2719190608018
1947,deferred,M,44,9705,1997-2005,618.9539392956012
1947,deferred,M,44,post05,Post-2005,618.9539392956012
1948,deferred,M,53,pre97,Pre-1997,1632.243133562678
1948,deferred,M,53,9705,1997-2005,1224.1823501720082
1948,deferred,M,53,post05,Post-2005,1224.1823501720082
1949,deferred,F,53,pre97,Pre-1997,531.0979960375854
1949,deferred,F,53,9705,1997-2005,398.323497028189
1949,deferred,F,53,post05,Post-2005,398.323497028189
1950,deferred,F,44,pre97,Pre-1997,2126.7801441387596
1950,deferred,F,44,9705,1997-2005,1595.0851081040694
1950,deferred,F,44,post05,Post-2005,1595.0851081040694
1951,deferred,F,46,pre97,Pre-1997,1135.0683376812003
1951,deferred,F,46,9705,1997-2005,851.3012532609002
1951,deferred,F,46,post05,Post-2005,851.3012532609002
1952,deferred,M,55,pre97,Pre-1997,479.3867371083585
1952,deferred,M,55,9705,1997-2005,359.54005283126884
1952,deferred,M,55,post05,Post-2005,359.54005283126884
1953,deferred,M,60,pre97,Pre-1997,867.2233400201873
1953,deferred,M,60,9705,1997-2005,650.4175050151404
1953,deferred,M,60,post05,Post-2005,650.4175050151404
1954,deferred,F,61,pre97,Pre-1997,2000.342802640527
1954,deferred,F,61,9705,1997-2005,1500.2571019803952
1954,deferred,F,61,post05,Post-2005,1500.2571019803952
1955,deferred,F,59,pre97,Pre-1997,3871.5991466478476
1955,deferred,F,59,9705,1997-2005,2903.6993599858856
1955,deferred,F,59,post05,Post-2005,2903.6993599858856
1956,deferred,F,55,pre97,Pre-1997,5381.392687921422
1956,deferred,F,55,9705,1997-2005,4036.044515941066
1956,deferred,F,55,post05,Post-2005,4036.044515941066
1957,deferred,M,63,pre97,Pre-1997,602.0995819251781
1957,deferred,M,63,9705,1997-2005,451.57468644388354
1957,deferred,M,63,post05,Post-2005,451.57468644388354
1958,deferred,F,63,pre97,Pre-1997,1412.4511311396445
1958,deferred,F,63,9705,1997-2005,1059.3383483547332
1958,deferred,F,63,post05,Post-2005,1059.3383483547332
1959,deferred,F,54,pre97,Pre-1997,4889.414525467243
1959,deferred,F,54,9705,1997-2005,3667.0608941004325
1959,deferred,F,54,post05,Post-2005,3667.0608941004325
1960,deferred,F,40,pre97,Pre-1997,1964.3332065829125
1960,deferred,F,40,9705,1997-2005,1473.2499049371843
1960,deferred,F,40,post05,Post-2005,1473.2499049371843
1961,deferred,M,56,pre97,Pre-1997,591.347726549462
1961,deferred,M,56,9705,1997-2005,443.5107949120965
1961,deferred,M,56,post05,Post-2005,443.5107949120965
1962,deferred,F,50,pre97,Pre-1997,4819.112156938884
1962,deferred,F,50,9705,1997-2005,3614.3341177041634
1962,deferred,F,50,post05,Post-2005,3614.3341177041634
1963,deferred,M,53,pre97,Pre-1997,2196.5191120187615
1963,deferred,M,53,9705,1997-2005,1647.389334014071
1963,deferred,M,53,post05,Post-2005,1647.389334014071
1964,deferred,M,53,pre97,Pre-1997,1678.4885641085698
1964,deferred,M,53,9705,1997-2005,1258.8664230814272
1964,deferred,M,53,post05,Post-2005,1258.8664230814272
1965,deferred,F,52,pre97,Pre-1997,7182.915566623681
1965,deferred,F,52,9705,1997-2005,5387.18667496776
1965,deferred,F,52,post05,Post-2005,5387.18667496776
1966,deferred,F,54,pre97,Pre-1997,733.6985036260021
1966,deferred,F,54,9705,1997-2005,550.2738777195015
1966,deferred,F,54,post05,Post-2005,550.2738777195015
1967,deferred,M,50,pre97,Pre-1997,486.69916042789686
1967,deferred,M,50,9705,1997-2005,365.0243703209226
1967,deferred,M,50,post05,Post-2005,365.0243703209226
1968,deferred,M,57,pre97,Pre-1997,1351.9433795583507
1968,deferred,M,57,9705,1997-2005,1013.9575346687628
1968,deferred,M,57,post05,Post-2005,1013.9575346687628
1969,deferred,M,45,pre97,Pre-1997,959.4699917091052
1969,deferred,M,45,9705,1997-2005,719.6024937818288
1969,deferred,M,45,post05,Post-2005,719.6024937818288
1970,deferred,F,41,pre97,Pre-1997,671.781517776498
1970,deferred,F,41,9705,1997-2005,503.8361383323735
1970,deferred,F,41,post05,Post-2005,503.8361383323735
1971,deferred,M,48,pre97,Pre-1997,6636.9987326163
1971,deferred,M,48,9705,1997-2005,4977.749049462224
1971,deferred,M,48,post05,Post-2005,4977.749049462224
1972,deferred,M,57,pre97,Pre-1997,2213.324492110785
1972,deferred,M,57,9705,1997-2005,1659.9933690830883
1972,deferred,M,57,post05,Post-2005,1659.9933690830883
1973,deferred,M,53,pre97,Pre-1997,631.7081391087515
1973,deferred,M,53,9705,1997-2005,473.7811043315636
1973,deferred,M,53,post05,Post-2005,473.7811043315636
1974,deferred,M,57,pre97,Pre-1997,2605.4128294202856
1974,deferred,M,57,9705,1997-2005,1954.0596220652142
1974,deferred,M,57,post05,Post-2005,1954.0596220652142
1975,deferred,M,52,pre97,Pre-1997,3760.443191596881
1975,deferred,M,52,9705,1997-2005,2820.332393697661
1975,deferred,M,52,post05,Post-2005,2820.332393697661
1976,deferred,M,46,pre97,Pre-1997,825.1567282584016
1976,deferred,M,46,9705,1997-2005,618.8675461938011
1976,deferred,M,46,post05,Post-2005,618.8675461938011
1977,deferred,M,55,pre97,Pre-1997,1155.2857842794717
1977,deferred,M,55,9705,1997-2005,866.4643382096039
1977,deferred,M,55,post05,Post-2005,866.4643382096039
1978,deferred,M,51,pre97,Pre-1997,4792.3201971408525
1978,deferred,M,51,9705,1997-2005,3594.2401478556394
1978,deferred,M,51,post05,Post-2005,3594.2401478556394
1979,deferred,M,43,pre97,Pre-1997,1424.69551662693
1979,deferred,M,43,9705,1997-2005,1068.5216374701972
1979,deferred,M,43,post05,Post-2005,1068.5216374701972
1980,deferred,M,53,pre97,Pre-1997,1419.4504801233238
1980,deferred,M,53,9705,1997-2005,1064.5878600924927
1980,deferred,M,53,post05,Post-2005,1064.5878600924927
1981,deferred,F,46,pre97,Pre-1997,5067.645911085919
1981,deferred,F,46,9705,1997-2005,3800.734433314439
1981,deferred,F,46,post05,Post-2005,3800.734433314439
1982,deferred,F,60,pre97,Pre-1997,2009.2867902921325
1982,deferred,F,60,9705,1997-2005,1506.9650927190992
1982,deferred,F,60,post05,Post-2005,1506.9650927190992
1983,deferred,M,45,pre97,Pre-1997,419.40819830107444
1983,deferred,M,45,9705,1997-2005,314.55614872580577
1983,deferred,M,45,post05,Post-2005,314.55614872580577
1984,deferred,F,47,pre97,Pre-1997,8629.488348870897
1984,deferred,F,47,9705,1997-2005,6472.116261653172
1984,deferred,F,47,post05,Post-2005,6472.116261653172
1985,deferred,F,53,pre97,Pre-1997,970.8078024524299
1985,deferred,F,53,9705,1997-2005,728.1058518393223
1985,deferred,F,53,post05,Post-2005,728.1058518393223
1986,deferred,F,47,pre97,Pre-1997,2175.505109553947
1986,deferred,F,47,9705,1997-2005,1631.6288321654604
1986,deferred,F,47,post05,Post-2005,1631.6288321654604
1987,deferred,F,54,pre97,Pre-1997,546.7328654253441
1987,deferred,F,54,9705,1997-2005,410.0496490690081
1987,deferred,F,54,post05,Post-2005,410.0496490690081
1988,deferred,F,44,pre97,Pre-1997,3206.941390955757
1988,deferred,F,44,9705,1997-2005,2405.2060432168178
1988,deferred,F,44,post05,Post-2005,2405.2060432168178
1989,deferred,M,59,pre97,Pre-1997,2229.013272193736
1989,deferred,M,59,9705,1997-2005,1671.759954145302
1989,deferred,M,59,post05,Post-2005,1671.759954145302
1990,deferred,F,55,pre97,Pre-1997,276.9127179338538
1990,deferred,F,55,9705,1997-2005,207.6845384503903
1990,deferred,F,55,post05,Post-2005,207.6845384503903
1991,deferred,M,60,pre97,Pre-1997,2132.3894585220146
1991,deferred,M,60,9705,1997-2005,1599.292093891511
1991,deferred,M,60,post05,Post-2005,1599.292093891511
1992,deferred,M,46,pre97,Pre-1997,344.43943711160745
1992,deferred,M,46,9705,1997-2005,258.32957783370557
1992,deferred,M,46,post05,Post-2005,258.32957783370557
1993,deferred,F,57,pre97,Pre-1997,1053.4752764923837
1993,deferred,F,57,9705,1997-2005,790.1064573692877
1993,deferred,F,57,post05,Post-2005,790.1064573692877
1994,deferred,F,47,pre97,Pre-1997,3269.372714554788
1994,deferred,F,47,9705,1997-2005,2452.029535916091
1994,deferred,F,47,post05,Post-2005,2452.029535916091
1995,deferred,M,50,pre97,Pre-1997,965.6202093728624
1995,deferred,M,50,9705,1997-2005,724.2151570296468
1995,deferred,M,50,post05,Post-2005,724.2151570296468
1996,deferred,F,54,pre97,Pre-1997,2446.6879068822764
1996,deferred,F,54,9705,1997-2005,1835.0159301617073
1996,deferred,F,54,post05,Post-2005,1835.0159301617073
1997,deferred,F,51,pre97,Pre-1997,6425.709394946529
1997,deferred,F,51,9705,1997-2005,4819.282046209896
1997,deferred,F,51,post05,Post-2005,4819.282046209896
1998,deferred,M,57,pre97,Pre-1997,1493.0510133327052
1998,deferred,M,57,9705,1997-2005,1119.788259999529
1998,deferred,M,57,post05,Post-2005,1119.788259999529
1999,deferred,M,47,pre97,Pre-1997,792.4311385337842
1999,deferred,M,47,9705,1997-2005,594.323353900338
1999,deferred,M,47,post05,Post-2005,594.323353900338
2000,deferred,M,53,pre97,Pre-1997,1719.1866142464821
2000,deferred,M,53,9705,1997-2005,1289.3899606848615
2000,deferred,M,53,post05,Post-2005,1289.3899606848615
2001,deferred,M,63,pre97,Pre-1997,1076.041365808983
2001,deferred,M,63,9705,1997-2005,807.0310243567372
2001,deferred,M,63,post05,Post-2005,807.0310243567372
2002,deferred,M,57,pre97,Pre-1997,1517.8346173810226
2002,deferred,M,57,9705,1997-2005,1138.3759630357667
2002,deferred,M,57,post05,Post-2005,1138.3759630357667
2003,deferred,M,62,pre97,Pre-1997,908.9340379923117
2003,deferred,M,62,9705,1997-2005,681.7005284942337
2003,deferred,M,62,post05,Post-2005,681.7005284942337
2004,deferred,M,62,pre97,Pre-1997,473.99657426013914
2004,deferred,M,62,9705,1997-2005,355.4974306951043
2004,deferred,M,62,post05,Post-2005,355.4974306951043
2005,deferred,M,57,pre97,Pre-1997,1106.0992581158594
2005,deferred,M,57,9705,1997-2005,829.5744435868944
2005,deferred,M,57,post05,Post-2005,829.5744435868944
2006,deferred,M,58,pre97,Pre-1997,1443.3540759972564
2006,deferred,M,58,9705,1997-2005,1082.5155569979422
2006,deferred,M,58,post05,Post-2005,1082.5155569979422
2007,deferred,F,64,pre97,Pre-1997,1060.866592163096
2007,deferred,F,64,9705,1997-2005,795.6499441223218
2007,deferred,F,64,post05,Post-2005,795.6499441223218
2008,deferred,F,56,pre97,Pre-1997,3093.1505540616436
2008,deferred,F,56,9705,1997-2005,2319.8629155462327
2008,deferred,F,56,post05,Post-2005,2319.8629155462327
2009,deferred,M,64,pre97,Pre-1997,3493.1180098207874
2009,deferred,M,64,9705,1997-2005,2619.8385073655904
2009,deferred,M,64,post05,Post-2005,2619.8385073655904
2010,deferred,F,53,pre97,Pre-1997,2120.5409982301276
2010,deferred,F,53,9705,1997-2005,1590.4057486725958
2010,deferred,F,53,post05,Post-2005,1590.4057486725958
2011,deferred,F,60,pre97,Pre-1997,1345.114658521612
2011,deferred,F,60,9705,1997-2005,1008.835993891209
2011,deferred,F,60,post05,Post-2005,1008.835993891209
2012,deferred,F,51,pre97,Pre-1997,2150.539101395186
2012,deferred,F,51,9705,1997-2005,1612.9043260463893
2012,deferred,F,51,post05,Post-2005,1612.9043260463893
2013,deferred,F,49,pre97,Pre-1997,1785.609030267231
2013,deferred,F,49,9705,1997-2005,1339.2067727004232
2013,deferred,F,49,post05,Post-2005,1339.2067727004232
2014,deferred,M,47,pre97,Pre-1997,2132.2900027936735
2014,deferred,M,47,9705,1997-2005,1599.2175020952552
2014,deferred,M,47,post05,Post-2005,1599.2175020952552
2015,deferred,M,46,pre97,Pre-1997,792.9957953904916
2015,deferred,M,46,9705,1997-2005,594.7468465428686
2015,deferred,M,46,post05,Post-2005,594.7468465428686
2016,deferred,M,64,pre97,Pre-1997,1105.9855907677043
2016,deferred,M,64,9705,1997-2005,829.4891930757781
2016,deferred,M,64,post05,Post-2005,829.4891930757781
2017,deferred,F,52,pre97,Pre-1997,1318.3322158506428
2017,deferred,F,52,9705,1997-2005,988.749161887982
2017,deferred,F,52,post05,Post-2005,988.749161887982
2018,deferred,F,54,pre97,Pre-1997,4714.78728126916
2018,deferred,F,54,9705,1997-2005,3536.09046095187
2018,deferred,F,54,post05,Post-2005,3536.09046095187
2019,deferred,F,48,pre97,Pre-1997,2867.4919569433014
2019,deferred,F,48,9705,1997-2005,2150.618967707476
2019,deferred,F,48,post05,Post-2005,2150.618967707476
2020,deferred,M,60,pre97,Pre-1997,978.9863689440001
2020,deferred,M,60,9705,1997-2005,734.239776708
2020,deferred,M,60,post05,Post-2005,734.239776708
2021,deferred,F,58,pre97,Pre-1997,2863.6244585630393
2021,deferred,F,58,9705,1997-2005,2147.7183439222795
2021,deferred,F,58,post05,Post-2005,2147.7183439222795
2022,deferred,F,63,pre97,Pre-1997,3858.866823710119
2022,deferred,F,63,9705,1997-2005,2894.1501177825894
2022,deferred,F,63,post05,Post-2005,2894.1501177825894
2023,deferred,F,61,pre97,Pre-1997,924.9916436988019
2023,deferred,F,61,9705,1997-2005,693.7437327741013
2023,deferred,F,61,post05,Post-2005,693.7437327741013
2024,deferred,F,42,pre97,Pre-1997,786.3358053219836
2024,deferred,F,42,9705,1997-2005,589.7518539914876
2024,deferred,F,42,post05,Post-2005,589.7518539914876
2025,deferred,F,47,pre97,Pre-1997,1537.396926590711
2025,deferred,F,47,9705,1997-2005,1153.047694943033
2025,deferred,F,47,post05,Post-2005,1153.047694943033
2026,deferred,F,54,pre97,Pre-1997,1267.1388125214735
2026,deferred,F,54,9705,1997-2005,950.3541093911051
2026,deferred,F,54,post05,Post-2005,950.3541093911051
2027,deferred,F,42,pre97,Pre-1997,1264.879416505251
2027,deferred,F,42,9705,1997-2005,948.6595623789381
2027,deferred,F,42,post05,Post-2005,948.6595623789381
2028,deferred,F,48,pre97,Pre-1997,1358.5031540607963
2028,deferred,F,48,9705,1997-2005,1018.8773655455972
2028,deferred,F,48,post05,Post-2005,1018.8773655455972
2029,deferred,M,55,pre97,Pre-1997,1392.7381547554223
2029,deferred,M,55,9705,1997-2005,1044.5536160665667
2029,deferred,M,55,post05,Post-2005,1044.5536160665667
2030,deferred,F,52,pre97,Pre-1997,1817.1020658291902
2030,deferred,F,52,9705,1997-2005,1362.8265493718925
2030,deferred,F,52,post05,Post-2005,1362.8265493718925
2031,deferred,M,56,pre97,Pre-1997,762.3693230963762
2031,deferred,M,56,9705,1997-2005,571.7769923222821
2031,deferred,M,56,post05,Post-2005,571.7769923222821
2032,deferred,M,51,pre97,Pre-1997,611.3176621755911
2032,deferred,M,51,9705,1997-2005,458.4882466316933
2032,deferred,M,51,post05,Post-2005,458.4882466316933
2033,deferred,F,45,pre97,Pre-1997,429.8314153603285
2033,deferred,F,45,9705,1997-2005,322.3735615202463
2033,deferred,F,45,post05,Post-2005,322.3735615202463
2034,deferred,M,50,pre97,Pre-1997,3176.9022647645006
2034,deferred,M,50,9705,1997-2005,2382.6766985733752
2034,deferred,M,50,post05,Post-2005,2382.6766985733752
2035,deferred,F,46,pre97,Pre-1997,3867.69398031873
2035,deferred,F,46,9705,1997-2005,2900.7704852390475
2035,deferred,F,46,post05,Post-2005,2900.7704852390475
2036,deferred,M,52,pre97,Pre-1997,1414.2346555123693
2036,deferred,M,52,9705,1997-2005,1060.675991634277
2036,deferred,M,52,post05,Post-2005,1060.675991634277
2037,deferred,F,64,pre97,Pre-1997,1358.4109527380037
2037,deferred,F,64,9705,1997-2005,1018.8082145535027
2037,deferred,F,64,post05,Post-2005,1018.8082145535027
2038,deferred,M,57,pre97,Pre-1997,2152.6396257230053
2038,deferred,M,57,9705,1997-2005,1614.4797192922538
2038,deferred,M,57,post05,Post-2005,1614.4797192922538
2039,deferred,F,55,pre97,Pre-1997,1886.900991172129
2039,deferred,F,55,9705,1997-2005,1415.1757433790965
2039,deferred,F,55,post05,Post-2005,1415.1757433790965
2040,deferred,F,54,pre97,Pre-1997,914.191578727461
2040,deferred,F,54,9705,1997-2005,685.6436840455957
2040,deferred,F,54,post05,Post-2005,685.6436840455957
2041,deferred,M,53,pre97,Pre-1997,1145.9748356074535
2041,deferred,M,53,9705,1997-2005,859.4811267055901
2041,deferred,M,53,post05,Post-2005,859.4811267055901
2042,deferred,F,62,pre97,Pre-1997,7629.909940686702
2042,deferred,F,62,9705,1997-2005,5722.432455515026
2042,deferred,F,62,post05,Post-2005,5722.432455515026
2043,deferred,F,47,pre97,Pre-1997,327.20588456022625
2043,deferred,F,47,9705,1997-2005,245.40441342016967
2043,deferred,F,47,post05,Post-2005,245.40441342016967
2044,deferred,F,54,pre97,Pre-1997,8511.93940390749
2044,deferred,F,54,9705,1997-2005,6383.954552930618
2044,deferred,F,54,post05,Post-2005,6383.954552930618
2045,deferred,M,50,pre97,Pre-1997,633.4151654135558
2045,deferred,M,50,9705,1997-2005,475.0613740601668
2045,deferred,M,50,post05,Post-2005,475.0613740601668
2046,deferred,M,64,pre97,Pre-1997,1784.7377445081424
2046,deferred,M,64,9705,1997-2005,1338.5533083811067
2046,deferred,M,64,post05,Post-2005,1338.5533083811067
2047,deferred,F,40,pre97,Pre-1997,665.6715626199104
2047,deferred,F,40,9705,1997-2005,499.2536719649328
2047,deferred,F,40,post05,Post-2005,499.2536719649328
2048,deferred,M,54,pre97,Pre-1997,4252.226196424199
2048,deferred,M,54,9705,1997-2005,3189.169647318149
2048,deferred,M,54,post05,Post-2005,3189.169647318149
2049,deferred,M,56,pre97,Pre-1997,3416.9645928140017
2049,deferred,M,56,9705,1997-2005,2562.7234446105012
2049,deferred,M,56,post05,Post-2005,2562.7234446105012
2050,deferred,F,57,pre97,Pre-1997,915.7463657153507
2050,deferred,F,57,9705,1997-2005,686.809774286513
2050,deferred,F,57,post05,Post-2005,686.809774286513
2051,deferred,F,59,pre97,Pre-1997,1278.3169462470341
2051,deferred,F,59,9705,1997-2005,958.7377096852756
2051,deferred,F,59,post05,Post-2005,958.7377096852756
2052,deferred,F,59,pre97,Pre-1997,2115.964353615835
2052,deferred,F,59,9705,1997-2005,1586.9732652118762
2052,deferred,F,59,post05,Post-2005,1586.9732652118762
2053,deferred,F,64,pre97,Pre-1997,655.7855445936503
2053,deferred,F,64,9705,1997-2005,491.83915844523773
2053,deferred,F,64,post05,Post-2005,491.83915844523773
2054,deferred,F,50,pre97,Pre-1997,660.1439901304869
2054,deferred,F,50,9705,1997-2005,495.1079925978651
2054,deferred,F,50,post05,Post-2005,495.1079925978651
2055,deferred,M,57,pre97,Pre-1997,273.99890652569087
2055,deferred,M,57,9705,1997-2005,205.49917989426817
2055,deferred,M,57,post05,Post-2005,205.49917989426817
2056,deferred,M,47,pre97,Pre-1997,677.9428887197353
2056,deferred,M,47,9705,1997-2005,508.4571665398014
2056,deferred,M,47,post05,Post-2005,508.4571665398014
2057,deferred,M,58,pre97,Pre-1997,5612.954348823605
2057,deferred,M,58,9705,1997-2005,4209.715761617703
2057,deferred,M,58,post05,Post-2005,4209.715761617703
2058,deferred,M,53,pre97,Pre-1997,848.5080963085177
2058,deferred,M,53,9705,1997-2005,636.3810722313882
2058,deferred,M,53,post05,Post-2005,636.3810722313882
2059,deferred,M,64,pre97,Pre-1997,3911.4147243761386
2059,deferred,M,64,9705,1997-2005,2933.5610432821036
2059,deferred,M,64,post05,Post-2005,2933.5610432821036
2060,deferred,M,49,pre97,Pre-1997,1480.6825888057704
2060,deferred,M,49,9705,1997-2005,1110.5119416043276
2060,deferred,M,49,post05,Post-2005,1110.5119416043276
2061,deferred,F,58,pre97,Pre-1997,586.2729467304248
2061,deferred,F,58,9705,1997-2005,439.7047100478186
2061,deferred,F,58,post05,Post-2005,439.7047100478186
2062,deferred,M,58,pre97,Pre-1997,2088.070035474142
2062,deferred,M,58,9705,1997-2005,1566.0525266056065
2062,deferred,M,58,post05,Post-2005,1566.0525266056065
2063,deferred,M,63,pre97,Pre-1997,1378.4835654184753
2063,deferred,M,63,9705,1997-2005,1033.8626740638563
2063,deferred,M,63,post05,Post-2005,1033.8626740638563
2064,deferred,F,56,pre97,Pre-1997,4620.766905849841
2064,deferred,F,56,9705,1997-2005,3465.5751793873806
2064,deferred,F,56,post05,Post-2005,3465.5751793873806
2065,deferred,F,56,pre97,Pre-1997,9740.03420365449
2065,deferred,F,56,9705,1997-2005,7305.025652740867
2065,deferred,F,56,post05,Post-2005,7305.025652740867
2066,deferred,M,56,pre97,Pre-1997,1700.1802888053248
2066,deferred,M,56,9705,1997-2005,1275.1352166039935
2066,deferred,M,56,post05,Post-2005,1275.1352166039935
2067,deferred,F,54,pre97,Pre-1997,3771.020376447186
2067,deferred,F,54,9705,1997-2005,2828.265282335389
2067,deferred,F,54,post05,Post-2005,2828.265282335389
2068,deferred,M,55,pre97,Pre-1997,573.4589361947689
2068,deferred,M,55,9705,1997-2005,430.0942021460766
2068,deferred,M,55,post05,Post-2005,430.0942021460766
2069,deferred,F,44,pre97,Pre-1997,1279.2267971032861
2069,deferred,F,44,9705,1997-2005,959.4200978274644
2069,deferred,F,44,post05,Post-2005,959.4200978274644
2070,deferred,M,57,pre97,Pre-1997,2313.8970347464647
2070,deferred,M,57,9705,1997-2005,1735.4227760598483
2070,deferred,M,57,post05,Post-2005,1735.4227760598483
2071,deferred,M,56,pre97,Pre-1997,1378.8632534105234
2071,deferred,M,56,9705,1997-2005,1034.1474400578925
2071,deferred,M,56,post05,Post-2005,1034.1474400578925
2072,deferred,M,51,pre97,Pre-1997,544.5009454110786
2072,deferred,M,51,9705,1997-2005,408.375709058309
2072,deferred,M,51,post05,Post-2005,408.375709058309
2073,deferred,F,49,pre97,Pre-1997,176.84739228198055
2073,deferred,F,49,9705,1997-2005,132.63554421148538
2073,deferred,F,49,post05,Post-2005,132.63554421148538
2074,deferred,F,48,pre97,Pre-1997,462.27231735078186
2074,deferred,F,48,9705,1997-2005,346.70423801308635
2074,deferred,F,48,post05,Post-2005,346.70423801308635
2075,deferred,F,45,pre97,Pre-1997,991.0132442955842
2075,deferred,F,45,9705,1997-2005,743.259933221688
2075,deferred,F,45,post05,Post-2005,743.259933221688
2076,deferred,F,52,pre97,Pre-1997,726.6860659365634
2076,deferred,F,52,9705,1997-2005,545.0145494524226
2076,deferred,F,52,post05,Post-2005,545.0145494524226
2077,deferred,F,53,pre97,Pre-1997,8043.47101805319
2077,deferred,F,53,9705,1997-2005,6032.603263539892
2077,deferred,F,53,post05,Post-2005,6032.603263539892
2078,deferred,M,55,pre97,Pre-1997,3396.7791712996354
2078,deferred,M,55,9705,1997-2005,2547.5843784747262
2078,deferred,M,55,post05,Post-2005,2547.5843784747262
2079,deferred,M,59,pre97,Pre-1997,1705.2824979501977
2079,deferred,M,59,9705,1997-2005,1278.961873462648
2079,deferred,M,59,post05,Post-2005,1278.961873462648
2080,deferred,M,47,pre97,Pre-1997,25285.06165495704
2080,deferred,M,47,9705,1997-2005,18963.796241217777
2080,deferred,M,47,post05,Post-2005,18963.796241217777
2081,deferred,F,48,pre97,Pre-1997,1630.252931049381
2081,deferred,F,48,9705,1997-2005,1222.6896982870355
2081,deferred,F,48,post05,Post-2005,1222.6896982870355
2082,deferred,M,61,pre97,Pre-1997,4030.218441268635
2082,deferred,M,61,9705,1997-2005,3022.663830951476
2082,deferred,M,61,post05,Post-2005,3022.663830951476
2083,deferred,F,52,pre97,Pre-1997,2799.7450204205143
2083,deferred,F,52,9705,1997-2005,2099.8087653153857
2083,deferred,F,52,post05,Post-2005,2099.8087653153857
2084,deferred,M,50,pre97,Pre-1997,1400.650925548035
2084,deferred,M,50,9705,1997-2005,1050.488194161026
2084,deferred,M,50,post05,Post-2005,1050.488194161026
2085,deferred,M,59,pre97,Pre-1997,2452.705400826229
2085,deferred,M,59,9705,1997-2005,1839.5290506196714
2085,deferred,M,59,post05,Post-2005,1839.5290506196714
2086,deferred,M,49,pre97,Pre-1997,3058.2101531632147
2086,deferred,M,49,9705,1997-2005,2293.6576148724107
2086,deferred,M,49,post05,Post-2005,2293.6576148724107
2087,deferred,M,59,pre97,Pre-1997,367.4934635016317
2087,deferred,M,59,9705,1997-2005,275.62009762622375
2087,deferred,M,59,post05,Post-2005,275.62009762622375
2088,deferred,F,49,pre97,Pre-1997,1290.2703715382277
2088,deferred,F,49,9705,1997-2005,967.7027786536705
2088,deferred,F,49,post05,Post-2005,967.7027786536705
2089,deferred,M,48,pre97,Pre-1997,3994.3517447472314
2089,deferred,M,48,9705,1997-2005,2995.763808560423
2089,deferred,M,48,post05,Post-2005,2995.763808560423
2090,deferred,M,52,pre97,Pre-1997,2028.5811801784002
2090,deferred,M,52,9705,1997-2005,1521.4358851338002
2090,deferred,M,52,post05,Post-2005,1521.4358851338002
2091,deferred,M,57,pre97,Pre-1997,3026.4933890502075
2091,deferred,M,57,9705,1997-2005,2269.8700417876553
2091,deferred,M,57,post05,Post-2005,2269.8700417876553
2092,deferred,F,46,pre97,Pre-1997,679.8472973005208
2092,deferred,F,46,9705,1997-2005,509.88547297539054
2092,deferred,F,46,post05,Post-2005,509.88547297539054
2093,deferred,M,56,pre97,Pre-1997,2957.2433440353266
2093,deferred,M,56,9705,1997-2005,2217.932508026495
2093,deferred,M,56,post05,Post-2005,2217.932508026495
2094,deferred,F,52,pre97,Pre-1997,956.978277714069
2094,deferred,F,52,9705,1997-2005,717.7337082855518
2094,deferred,F,52,post05,Post-2005,717.7337082855518
2095,deferred,F,54,pre97,Pre-1997,537.109329573997
2095,deferred,F,54,9705,1997-2005,402.83199718049775
2095,deferred,F,54,post05,Post-2005,402.83199718049775
2096,deferred,M,53,pre97,Pre-1997,2782.057925341876
2096,deferred,M,53,9705,1997-2005,2086.543444006407
2096,deferred,M,53,post05,Post-2005,2086.543444006407
2097,deferred,M,45,pre97,Pre-1997,1454.5436207688683
2097,deferred,M,45,9705,1997-2005,1090.907715576651
2097,deferred,M,45,post05,Post-2005,1090.907715576651
2098,deferred,M,52,pre97,Pre-1997,4933.067083676029
2098,deferred,M,52,9705,1997-2005,3699.800312757021
2098,deferred,M,52,post05,Post-2005,3699.800312757021
2099,deferred,M,54,pre97,Pre-1997,1483.608462152285
2099,deferred,M,54,9705,1997-2005,1112.7063466142138
2099,deferred,M,54,post05,Post-2005,1112.7063466142138
2100,deferred,F,51,pre97,Pre-1997,5987.692299620718
2100,deferred,F,51,9705,1997-2005,4490.769224715538
2100,deferred,F,51,post05,Post-2005,4490.769224715538
2101,deferred,M,62,pre97,Pre-1997,1842.0102927961268
2101,deferred,M,62,9705,1997-2005,1381.507719597095
2101,deferred,M,62,post05,Post-2005,1381.507719597095
2102,deferred,M,43,pre97,Pre-1997,695.5222359234126
2102,deferred,M,43,9705,1997-2005,521.6416769425595
2102,deferred,M,43,post05,Post-2005,521.6416769425595
2103,deferred,M,49,pre97,Pre-1997,3168.469729694963
2103,deferred,M,49,9705,1997-2005,2376.352297271222
2103,deferred,M,49,post05,Post-2005,2376.352297271222
2104,deferred,F,48,pre97,Pre-1997,2930.2984461789083
2104,deferred,F,48,9705,1997-2005,2197.723834634181
2104,deferred,F,48,post05,Post-2005,2197.723834634181
2105,deferred,F,52,pre97,Pre-1997,2956.4078495440212
2105,deferred,F,52,9705,1997-2005,2217.3058871580156
2105,deferred,F,52,post05,Post-2005,2217.3058871580156
2106,deferred,F,58,pre97,Pre-1997,507.27410041909974
2106,deferred,F,58,9705,1997-2005,380.4555753143248
2106,deferred,F,58,post05,Post-2005,380.4555753143248
2107,deferred,M,48,pre97,Pre-1997,1543.5741164329731
2107,deferred,M,48,9705,1997-2005,1157.6805873247297
2107,deferred,M,48,post05,Post-2005,1157.6805873247297
2108,deferred,M,53,pre97,Pre-1997,286.7260787513922
2108,deferred,M,53,9705,1997-2005,215.04455906354414
2108,deferred,M,53,post05,Post-2005,215.04455906354414
2109,deferred,F,53,pre97,Pre-1997,314.4646729968717
2109,deferred,F,53,9705,1997-2005,235.84850474765372
2109,deferred,F,53,post05,Post-2005,235.84850474765372
2110,deferred,M,53,pre97,Pre-1997,1230.4047310071442
2110,deferred,M,53,9705,1997-2005,922.803548255358
2110,deferred,M,53,post05,Post-2005,922.803548255358
2111,deferred,F,59,pre97,Pre-1997,1404.9137419888552
2111,deferred,F,59,9705,1997-2005,1053.6853064916413
2111,deferred,F,59,post05,Post-2005,1053.6853064916413
2112,deferred,M,56,pre97,Pre-1997,1307.5334467265884
2112,deferred,M,56,9705,1997-2005,980.6500850449413
2112,deferred,M,56,post05,Post-2005,980.6500850449413
2113,deferred,F,59,pre97,Pre-1997,752.8231343927168
2113,deferred,F,59,9705,1997-2005,564.6173507945376
2113,deferred,F,59,post05,Post-2005,564.6173507945376
2114,deferred,F,54,pre97,Pre-1997,4177.768374476425
2114,deferred,F,54,9705,1997-2005,3133.326280857319
2114,deferred,F,54,post05,Post-2005,3133.326280857319
2115,deferred,F,49,pre97,Pre-1997,463.8150518980646
2115,deferred,F,49,9705,1997-2005,347.86128892354844
2115,deferred,F,49,post05,Post-2005,347.86128892354844
2116,deferred,F,48,pre97,Pre-1997,2915.60189783896
2116,deferred,F,48,9705,1997-2005,2186.70142337922
2116,deferred,F,48,post05,Post-2005,2186.70142337922
2117,deferred,F,57,pre97,Pre-1997,521.1023535515935
2117,deferred,F,57,9705,1997-2005,390.8267651636951
2117,deferred,F,57,post05,Post-2005,390.8267651636951
2118,deferred,M,50,pre97,Pre-1997,3094.3879430011784
2118,deferred,M,50,9705,1997-2005,2320.7909572508834
2118,deferred,M,50,post05,Post-2005,2320.7909572508834
2119,deferred,M,47,pre97,Pre-1997,5067.926983047752
2119,deferred,M,47,9705,1997-2005,3800.9452372858136
2119,deferred,M,47,post05,Post-2005,3800.9452372858136
2120,deferred,F,58,pre97,Pre-1997,1762.0283131194246
2120,deferred,F,58,9705,1997-2005,1321.5212348395685
2120,deferred,F,58,post05,Post-2005,1321.5212348395685
2121,deferred,M,48,pre97,Pre-1997,2257.8219246427957
2121,deferred,M,48,9705,1997-2005,1693.3664434820969
2121,deferred,M,48,post05,Post-2005,1693.3664434820969
2122,deferred,M,48,pre97,Pre-1997,2089.388723217351
2122,deferred,M,48,9705,1997-2005,1567.0415424130133
2122,deferred,M,48,post05,Post-2005,1567.0415424130133
2123,deferred,F,51,pre97,Pre-1997,1520.027810505933
2123,deferred,F,51,9705,1997-2005,1140.0208578794497
2123,deferred,F,51,post05,Post-2005,1140.0208578794497
2124,deferred,M,57,pre97,Pre-1997,6383.0612342153845
2124,deferred,M,57,9705,1997-2005,4787.295925661538
2124,deferred,M,57,post05,Post-2005,4787.295925661538
2125,deferred,F,55,pre97,Pre-1997,1456.8229626920102
2125,deferred,F,55,9705,1997-2005,1092.6172220190076
2125,deferred,F,55,post05,Post-2005,1092.6172220190076
2126,deferred,M,59,pre97,Pre-1997,2164.742034371698
2126,deferred,M,59,9705,1997-2005,1623.5565257787737
2126,deferred,M,59,post05,Post-2005,1623.5565257787737
2127,deferred,F,52,pre97,Pre-1997,735.5379347662574
2127,deferred,F,52,9705,1997-2005,551.6534510746931
2127,deferred,F,52,post05,Post-2005,551.6534510746931
2128,deferred,F,56,pre97,Pre-1997,731.0001621575859
2128,deferred,F,56,9705,1997-2005,548.2501216181894
2128,deferred,F,56,post05,Post-2005,548.2501216181894
2129,deferred,M,54,pre97,Pre-1997,1815.675726567465
2129,deferred,M,54,9705,1997-2005,1361.7567949255986
2129,deferred,M,54,post05,Post-2005,1361.7567949255986
2130,deferred,M,48,pre97,Pre-1997,2082.6825337741852
2130,deferred,M,48,9705,1997-2005,1562.0119003306388
2130,deferred,M,48,post05,Post-2005,1562.0119003306388
2131,deferred,M,53,pre97,Pre-1997,1408.7576308555408
2131,deferred,M,53,9705,1997-2005,1056.5682231416554
2131,deferred,M,53,post05,Post-2005,1056.5682231416554
2132,deferred,F,47,pre97,Pre-1997,1586.6134175729158
2132,deferred,F,47,9705,1997-2005,1189.9600631796868
2132,deferred,F,47,post05,Post-2005,1189.9600631796868
2133,deferred,M,51,pre97,Pre-1997,2845.776386359878
2133,deferred,M,51,9705,1997-2005,2134.332289769908
2133,deferred,M,51,post05,Post-2005,2134.332289769908
2134,deferred,F,62,pre97,Pre-1997,5403.3670368917055
2134,deferred,F,62,9705,1997-2005,4052.525277668779
2134,deferred,F,62,post05,Post-2005,4052.525277668779
2135,deferred,F,55,pre97,Pre-1997,1297.656280069281
2135,deferred,F,55,9705,1997-2005,973.2422100519607
2135,deferred,F,55,post05,Post-2005,973.2422100519607
2136,deferred,F,58,pre97,Pre-1997,844.4098676078746
2136,deferred,F,58,9705,1997-2005,633.3074007059059
2136,deferred,F,58,post05,Post-2005,633.3074007059059
2137,deferred,M,61,pre97,Pre-1997,3342.0595519895924
2137,deferred,M,61,9705,1997-2005,2506.544663992194
2137,deferred,M,61,post05,Post-2005,2506.544663992194
2138,deferred,F,56,pre97,Pre-1997,825.2483453372238
2138,deferred,F,56,9705,1997-2005,618.9362590029177
2138,deferred,F,56,post05,Post-2005,618.9362590029177
2139,deferred,F,56,pre97,Pre-1997,1787.5711185416487
2139,deferred,F,56,9705,1997-2005,1340.6783389062364
2139,deferred,F,56,post05,Post-2005,1340.6783389062364
2140,deferred,M,49,pre97,Pre-1997,2943.172243146282
2140,deferred,M,49,9705,1997-2005,2207.379182359711
2140,deferred,M,49,post05,Post-2005,2207.379182359711
2141,deferred,F,45,pre97,Pre-1997,3510.7904016825787
2141,deferred,F,45,9705,1997-2005,2633.092801261934
2141,deferred,F,45,post05,Post-2005,2633.092801261934
2142,deferred,F,41,pre97,Pre-1997,13383.57446611783
2142,deferred,F,41,9705,1997-2005,10037.680849588372
2142,deferred,F,41,post05,Post-2005,10037.680849588372
2143,deferred,M,56,pre97,Pre-1997,2252.9883287353778
2143,deferred,M,56,9705,1997-2005,1689.741246551533
2143,deferred,M,56,post05,Post-2005,1689.741246551533
2144,deferred,F,53,pre97,Pre-1997,1233.604843946598
2144,deferred,F,53,9705,1997-2005,925.2036329599484
2144,deferred,F,53,post05,Post-2005,925.2036329599484
2145,deferred,M,57,pre97,Pre-1997,1868.2211706147802
2145,deferred,M,57,9705,1997-2005,1401.165877961085
2145,deferred,M,57,post05,Post-2005,1401.165877961085
2146,deferred,M,55,pre97,Pre-1997,3213.468703661184
2146,deferred,M,55,9705,1997-2005,2410.101527745888
2146,deferred,M,55,post05,Post-2005,2410.101527745888
2147,deferred,F,56,pre97,Pre-1997,4389.921834808404
2147,deferred,F,56,9705,1997-2005,3292.441376106303
2147,deferred,F,56,post05,Post-2005,3292.441376106303
2148,deferred,F,59,pre97,Pre-1997,8124.42386808411
2148,deferred,F,59,9705,1997-2005,6093.317901063082
2148,deferred,F,59,post05,Post-2005,6093.317901063082
2149,deferred,M,62,pre97,Pre-1997,1180.2390767352233
2149,deferred,M,62,9705,1997-2005,885.1793075514173
2149,deferred,M,62,post05,Post-2005,885.1793075514173
2150,deferred,F,60,pre97,Pre-1997,1385.400770910513
2150,deferred,F,60,9705,1997-2005,1039.0505781828847
2150,deferred,F,60,post05,Post-2005,1039.0505781828847
2151,deferred,F,63,pre97,Pre-1997,326.7230054585164
2151,deferred,F,63,9705,1997-2005,245.0422540938873
2151,deferred,F,63,post05,Post-2005,245.0422540938873
2152,deferred,F,56,pre97,Pre-1997,1215.0099757940177
2152,deferred,F,56,9705,1997-2005,911.2574818455131
2152,deferred,F,56,post05,Post-2005,911.2574818455131
2153,deferred,M,57,pre97,Pre-1997,6134.513155944414
2153,deferred,M,57,9705,1997-2005,4600.88486695831
2153,deferred,M,57,post05,Post-2005,4600.88486695831
2154,deferred,M,61,pre97,Pre-1997,2820.724504872659
2154,deferred,M,61,9705,1997-2005,2115.543378654494
2154,deferred,M,61,post05,Post-2005,2115.543378654494
2155,deferred,M,43,pre97,Pre-1997,2811.271598060603
2155,deferred,M,43,9705,1997-2005,2108.453698545452
2155,deferred,M,43,post05,Post-2005,2108.453698545452
2156,deferred,M,55,pre97,Pre-1997,4591.433068091538
2156,deferred,M,55,9705,1997-2005,3443.5748010686534
2156,deferred,M,55,post05,Post-2005,3443.5748010686534
2157,deferred,M,58,pre97,Pre-1997,6574.271225173889
2157,deferred,M,58,9705,1997-2005,4930.703418880416
2157,deferred,M,58,post05,Post-2005,4930.703418880416
2158,deferred,M,44,pre97,Pre-1997,1792.5671758390422
2158,deferred,M,44,9705,1997-2005,1344.4253818792815
2158,deferred,M,44,post05,Post-2005,1344.4253818792815
2159,deferred,F,50,pre97,Pre-1997,1472.4247435149257
2159,deferred,F,50,9705,1997-2005,1104.318557636194
2159,deferred,F,50,post05,Post-2005,1104.318557636194
2160,deferred,F,62,pre97,Pre-1997,2503.409943785048
2160,deferred,F,62,9705,1997-2005,1877.557457838786
2160,deferred,F,62,post05,Post-2005,1877.557457838786
2161,deferred,F,55,pre97,Pre-1997,4777.9477436045845
2161,deferred,F,55,9705,1997-2005,3583.4608077034377
2161,deferred,F,55,post05,Post-2005,3583.4608077034377
2162,deferred,M,49,pre97,Pre-1997,943.3079124706388
2162,deferred,M,49,9705,1997-2005,707.480934352979
2162,deferred,M,49,post05,Post-2005,707.480934352979
2163,deferred,M,48,pre97,Pre-1997,4442.599178153247
2163,deferred,M,48,9705,1997-2005,3331.949383614935
2163,deferred,M,48,post05,Post-2005,3331.949383614935
2164,deferred,F,59,pre97,Pre-1997,7083.161040419971
2164,deferred,F,59,9705,1997-2005,5312.370780314977
2164,deferred,F,59,post05,Post-2005,5312.370780314977
2165,deferred,F,57,pre97,Pre-1997,3179.3937060141798
2165,deferred,F,57,9705,1997-2005,2384.5452795106344
2165,deferred,F,57,post05,Post-2005,2384.5452795106344
2166,deferred,M,54,pre97,Pre-1997,2055.373050670621
2166,deferred,M,54,9705,1997-2005,1541.5297880029655
2166,deferred,M,54,post05,Post-2005,1541.5297880029655
2167,deferred,M,57,pre97,Pre-1997,1785.133364813359
2167,deferred,M,57,9705,1997-2005,1338.8500236100192
2167,deferred,M,57,post05,Post-2005,1338.8500236100192
2168,deferred,F,61,pre97,Pre-1997,5669.773595310278
2168,deferred,F,61,9705,1997-2005,4252.330196482709
2168,deferred,F,61,post05,Post-2005,4252.330196482709
2169,deferred,M,58,pre97,Pre-1997,2045.0726924143082
2169,deferred,M,58,9705,1997-2005,1533.804519310731
2169,deferred,M,58,post05,Post-2005,1533.804519310731
2170,deferred,M,58,pre97,Pre-1997,736.7141798465697
2170,deferred,M,58,9705,1997-2005,552.5356348849272
2170,deferred,M,58,post05,Post-2005,552.5356348849272
2171,deferred,M,60,pre97,Pre-1997,518.3941180664573
2171,deferred,M,60,9705,1997-2005,388.795588549843
2171,deferred,M,60,post05,Post-2005,388.795588549843
2172,deferred,M,60,pre97,Pre-1997,12544.192711076408
2172,deferred,M,60,9705,1997-2005,9408.144533307306
2172,deferred,M,60,post05,Post-2005,9408.144533307306
2173,deferred,M,61,pre97,Pre-1997,703.5361682545347
2173,deferred,M,61,9705,1997-2005,527.652126190901
2173,deferred,M,61,post05,Post-2005,527.652126190901
2174,deferred,F,63,pre97,Pre-1997,1010.8732423858952
2174,deferred,F,63,9705,1997-2005,758.1549317894213
2174,deferred,F,63,post05,Post-2005,758.1549317894213
2175,deferred,F,63,pre97,Pre-1997,2661.245009904282
2175,deferred,F,63,9705,1997-2005,1995.9337574282115
2175,deferred,F,63,post05,Post-2005,1995.9337574282115
2176,deferred,F,51,pre97,Pre-1997,3297.326909697465
2176,deferred,F,51,9705,1997-2005,2472.9951822730986
2176,deferred,F,51,post05,Post-2005,2472.9951822730986
2177,deferred,M,53,pre97,Pre-1997,919.0463131909045
2177,deferred,M,53,9705,1997-2005,689.2847348931783
2177,deferred,M,53,post05,Post-2005,689.2847348931783
2178,deferred,F,52,pre97,Pre-1997,704.1495993821738
2178,deferred,F,52,9705,1997-2005,528.1121995366303
2178,deferred,F,52,post05,Post-2005,528.1121995366303
2179,deferred,F,56,pre97,Pre-1997,4007.3238682888377
2179,deferred,F,56,9705,1997-2005,3005.492901216628
2179,deferred,F,56,post05,Post-2005,3005.492901216628
2180,deferred,M,53,pre97,Pre-1997,881.7711546156748
2180,deferred,M,53,9705,1997-2005,661.328365961756
2180,deferred,M,53,post05,Post-2005,661.328365961756
2181,deferred,F,48,pre97,Pre-1997,615.4654204225036
2181,deferred,F,48,9705,1997-2005,461.59906531687767
2181,deferred,F,48,post05,Post-2005,461.59906531687767
2182,deferred,M,56,pre97,Pre-1997,1975.5514602538326
2182,deferred,M,56,9705,1997-2005,1481.6635951903743
2182,deferred,M,56,post05,Post-2005,1481.6635951903743
2183,deferred,M,57,pre97,Pre-1997,320.09202386601464
2183,deferred,M,57,9705,1997-2005,240.06901789951098
2183,deferred,M,57,post05,Post-2005,240.06901789951098
2184,deferred,F,62,pre97,Pre-1997,688.6596434024636
2184,deferred,F,62,9705,1997-2005,516.4947325518477
2184,deferred,F,62,post05,Post-2005,516.4947325518477
2185,deferred,M,58,pre97,Pre-1997,1055.0831175809471
2185,deferred,M,58,9705,1997-2005,791.3123381857104
2185,deferred,M,58,post05,Post-2005,791.3123381857104
2186,deferred,F,56,pre97,Pre-1997,2139.19655837793
2186,deferred,F,56,9705,1997-2005,1604.3974187834474
2186,deferred,F,56,post05,Post-2005,1604.3974187834474
2187,deferred,M,55,pre97,Pre-1997,4514.913612437336
2187,deferred,M,55,9705,1997-2005,3386.185209328002
2187,deferred,M,55,post05,Post-2005,3386.185209328002
2188,deferred,F,56,pre97,Pre-1997,643.1001507153668
2188,deferred,F,56,9705,1997-2005,482.325113036525
2188,deferred,F,56,post05,Post-2005,482.325113036525
2189,deferred,M,54,pre97,Pre-1997,1102.804759020141
2189,deferred,M,54,9705,1997-2005,827.1035692651059
2189,deferred,M,54,post05,Post-2005,827.1035692651059
2190,deferred,M,56,pre97,Pre-1997,938.8223475192377
2190,deferred,M,56,9705,1997-2005,704.1167606394282
2190,deferred,M,56,post05,Post-2005,704.1167606394282
2191,deferred,M,64,pre97,Pre-1997,3069.082527858757
2191,deferred,M,64,9705,1997-2005,2301.8118958940677
2191,deferred,M,64,post05,Post-2005,2301.8118958940677
2192,deferred,F,55,pre97,Pre-1997,5981.0681357048725
2192,deferred,F,55,9705,1997-2005,4485.801101778654
2192,deferred,F,55,post05,Post-2005,4485.801101778654
2193,deferred,F,54,pre97,Pre-1997,2061.476358265802
2193,deferred,F,54,9705,1997-2005,1546.1072686993514
2193,deferred,F,54,post05,Post-2005,1546.1072686993514
2194,deferred,F,55,pre97,Pre-1997,4354.369650121811
2194,deferred,F,55,9705,1997-2005,3265.7772375913582
2194,deferred,F,55,post05,Post-2005,3265.7772375913582
2195,deferred,M,60,pre97,Pre-1997,711.483945819165
2195,deferred,M,60,9705,1997-2005,533.6129593643738
2195,deferred,M,60,post05,Post-2005,533.6129593643738
2196,deferred,F,54,pre97,Pre-1997,1478.7539292155268
2196,deferred,F,54,9705,1997-2005,1109.065446911645
2196,deferred,F,54,post05,Post-2005,1109.065446911645
2197,deferred,M,55,pre97,Pre-1997,583.9111760410412
2197,deferred,M,55,9705,1997-2005,437.9333820307809
2197,deferred,M,55,post05,Post-2005,437.9333820307809
2198,deferred,F,51,pre97,Pre-1997,764.4049264116688
2198,deferred,F,51,9705,1997-2005,573.3036948087516
2198,deferred,F,51,post05,Post-2005,573.3036948087516
2199,deferred,M,49,pre97,Pre-1997,2566.0989258696427
2199,deferred,M,49,9705,1997-2005,1924.574194402232
2199,deferred,M,49,post05,Post-2005,1924.574194402232
2200,deferred,M,47,pre97,Pre-1997,688.4198400389607
2200,deferred,M,47,9705,1997-2005,516.3148800292205
2200,deferred,M,47,post05,Post-2005,516.3148800292205
2201,deferred,M,52,pre97,Pre-1997,1927.9904893582761
2201,deferred,M,52,9705,1997-2005,1445.9928670187069
2201,deferred,M,52,post05,Post-2005,1445.9928670187069
2202,deferred,F,57,pre97,Pre-1997,7487.041050593979
2202,deferred,F,57,9705,1997-2005,5615.280787945484
2202,deferred,F,57,post05,Post-2005,5615.280787945484
2203,deferred,M,59,pre97,Pre-1997,3092.575549622046
2203,deferred,M,59,9705,1997-2005,2319.4316622165343
2203,deferred,M,59,post05,Post-2005,2319.4316622165343
2204,deferred,M,56,pre97,Pre-1997,2805.250613720097
2204,deferred,M,56,9705,1997-2005,2103.9379602900726
2204,deferred,M,56,post05,Post-2005,2103.9379602900726
2205,deferred,F,54,pre97,Pre-1997,717.2465393683593
2205,deferred,F,54,9705,1997-2005,537.9349045262694
2205,deferred,F,54,post05,Post-2005,537.9349045262694
2206,deferred,M,55,pre97,Pre-1997,1467.2802090984678
2206,deferred,M,55,9705,1997-2005,1100.4601568238506
2206,deferred,M,55,post05,Post-2005,1100.4601568238506
2207,deferred,F,53,pre97,Pre-1997,3860.032697646293
2207,deferred,F,53,9705,1997-2005,2895.0245232347197
2207,deferred,F,53,post05,Post-2005,2895.0245232347197
2208,deferred,F,47,pre97,Pre-1997,744.2575520906973
2208,deferred,F,47,9705,1997-2005,558.193164068023
2208,deferred,F,47,post05,Post-2005,558.193164068023
2209,deferred,M,54,pre97,Pre-1997,371.4231900976846
2209,deferred,M,54,9705,1997-2005,278.5673925732634
2209,deferred,M,54,post05,Post-2005,278.5673925732634
2210,deferred,M,52,pre97,Pre-1997,2036.6031059247534
2210,deferred,M,52,9705,1997-2005,1527.4523294435648
2210,deferred,M,52,post05,Post-2005,1527.4523294435648
2211,deferred,M,51,pre97,Pre-1997,1258.821508848476
2211,deferred,M,51,9705,1997-2005,944.116131636357
2211,deferred,M,51,post05,Post-2005,944.116131636357
2212,deferred,F,59,pre97,Pre-1997,4625.313907709817
2212,deferred,F,59,9705,1997-2005,3468.9854307823625
2212,deferred,F,59,post05,Post-2005,3468.9854307823625
2213,deferred,F,55,pre97,Pre-1997,792.0587186855325
2213,deferred,F,55,9705,1997-2005,594.0440390141493
2213,deferred,F,55,post05,Post-2005,594.0440390141493
2214,deferred,F,59,pre97,Pre-1997,1184.1844335226122
2214,deferred,F,59,9705,1997-2005,888.138325141959
2214,deferred,F,59,post05,Post-2005,888.138325141959
2215,deferred,F,48,pre97,Pre-1997,488.8291445042121
2215,deferred,F,48,9705,1997-2005,366.621858378159
2215,deferred,F,48,post05,Post-2005,366.621858378159
2216,deferred,M,43,pre97,Pre-1997,2614.4699323902914
2216,deferred,M,43,9705,1997-2005,1960.8524492927186
2216,deferred,M,43,post05,Post-2005,1960.8524492927186
2217,deferred,F,53,pre97,Pre-1997,2046.449272223128
2217,deferred,F,53,9705,1997-2005,1534.836954167346
2217,deferred,F,53,post05,Post-2005,1534.836954167346
2218,deferred,M,52,pre97,Pre-1997,197.97962693682234
2218,deferred,M,52,9705,1997-2005,148.48472020261676
2218,deferred,M,52,post05,Post-2005,148.48472020261676
2219,deferred,M,47,pre97,Pre-1997,698.3627651769231
2219,deferred,M,47,9705,1997-2005,523.7720738826922
2219,deferred,M,47,post05,Post-2005,523.7720738826922
2220,deferred,F,52,pre97,Pre-1997,464.19751211109246
2220,deferred,F,52,9705,1997-2005,348.1481340833193
2220,deferred,F,52,post05,Post-2005,348.1481340833193
2221,deferred,M,50,pre97,Pre-1997,2814.1711910697413
2221,deferred,M,50,9705,1997-2005,2110.628393302306
2221,deferred,M,50,post05,Post-2005,2110.628393302306
2222,deferred,M,56,pre97,Pre-1997,812.3169533735365
2222,deferred,M,56,9705,1997-2005,609.2377150301523
2222,deferred,M,56,post05,Post-2005,609.2377150301523
2223,deferred,M,48,pre97,Pre-1997,247.25844037422917
2223,deferred,M,48,9705,1997-2005,185.44383028067188
2223,deferred,M,48,post05,Post-2005,185.44383028067188
2224,deferred,M,52,pre97,Pre-1997,449.0446887759499
2224,deferred,M,52,9705,1997-2005,336.78351658196243
2224,deferred,M,52,post05,Post-2005,336.78351658196243
2225,deferred,F,48,pre97,Pre-1997,1660.9429662153032
2225,deferred,F,48,9705,1997-2005,1245.7072246614773
2225,deferred,F,48,post05,Post-2005,1245.7072246614773
2226,deferred,M,54,pre97,Pre-1997,1731.3376111134153
2226,deferred,M,54,9705,1997-2005,1298.5032083350613
2226,deferred,M,54,post05,Post-2005,1298.5032083350613
2227,deferred,F,54,pre97,Pre-1997,10532.257988576828
2227,deferred,F,54,9705,1997-2005,7899.193491432619
2227,deferred,F,54,post05,Post-2005,7899.193491432619
2228,deferred,F,57,pre97,Pre-1997,1457.2087523201744
2228,deferred,F,57,9705,1997-2005,1092.9065642401308
2228,deferred,F,57,post05,Post-2005,1092.9065642401308
2229,deferred,M,52,pre97,Pre-1997,1150.063291537854
2229,deferred,M,52,9705,1997-2005,862.5474686533904
2229,deferred,M,52,post05,Post-2005,862.5474686533904
2230,deferred,F,58,pre97,Pre-1997,3462.2287429733487
2230,deferred,F,58,9705,1997-2005,2596.6715572300113
2230,deferred,F,58,post05,Post-2005,2596.6715572300113
2231,deferred,F,52,pre97,Pre-1997,313.4069175748434
2231,deferred,F,52,9705,1997-2005,235.0551881811325
2231,deferred,F,52,post05,Post-2005,235.0551881811325
2232,deferred,F,57,pre97,Pre-1997,602.5831598179616
2232,deferred,F,57,9705,1997-2005,451.9373698634712
2232,deferred,F,57,post05,Post-2005,451.9373698634712
2233,deferred,M,53,pre97,Pre-1997,1417.8319867064324
2233,deferred,M,53,9705,1997-2005,1063.3739900298242
2233,deferred,M,53,post05,Post-2005,1063.3739900298242
2234,deferred,F,56,pre97,Pre-1997,556.7571820554227
2234,deferred,F,56,9705,1997-2005,417.567886541567
2234,deferred,F,56,post05,Post-2005,417.567886541567
2235,deferred,F,53,pre97,Pre-1997,6639.660611926021
2235,deferred,F,53,9705,1997-2005,4979.745458944515
2235,deferred,F,53,post05,Post-2005,4979.745458944515
2236,deferred,M,55,pre97,Pre-1997,1341.682752780298
2236,deferred,M,55,9705,1997-2005,1006.2620645852235
2236,deferred,M,55,post05,Post-2005,1006.2620645852235
2237,deferred,M,59,pre97,Pre-1997,3355.049539162533
2237,deferred,M,59,9705,1997-2005,2516.2871543718998
2237,deferred,M,59,post05,Post-2005,2516.2871543718998
2238,deferred,M,61,pre97,Pre-1997,2012.0986869879337
2238,deferred,M,61,9705,1997-2005,1509.07401524095
2238,deferred,M,61,post05,Post-2005,1509.07401524095
2239,deferred,M,53,pre97,Pre-1997,825.1305598738351
2239,deferred,M,53,9705,1997-2005,618.8479199053762
2239,deferred,M,53,post05,Post-2005,618.8479199053762
2240,deferred,M,59,pre97,Pre-1997,2328.5035703134863
2240,deferred,M,59,9705,1997-2005,1746.3776777351145
2240,deferred,M,59,post05,Post-2005,1746.3776777351145
2241,deferred,M,50,pre97,Pre-1997,2284.4359302524545
2241,deferred,M,50,9705,1997-2005,1713.3269476893406
2241,deferred,M,50,post05,Post-2005,1713.3269476893406
2242,deferred,M,51,pre97,Pre-1997,1910.1850207579262
2242,deferred,M,51,9705,1997-2005,1432.6387655684446
2242,deferred,M,51,post05,Post-2005,1432.6387655684446
2243,deferred,F,49,pre97,Pre-1997,4144.0461014348975
2243,deferred,F,49,9705,1997-2005,3108.0345760761725
2243,deferred,F,49,post05,Post-2005,3108.0345760761725
2244,deferred,F,59,pre97,Pre-1997,1340.7366835067396
2244,deferred,F,59,9705,1997-2005,1005.5525126300547
2244,deferred,F,59,post05,Post-2005,1005.5525126300547
2245,deferred,F,62,pre97,Pre-1997,2569.150547366249
2245,deferred,F,62,9705,1997-2005,1926.8629105246864
2245,deferred,F,62,post05,Post-2005,1926.8629105246864
2246,deferred,M,63,pre97,Pre-1997,376.3589217611923
2246,deferred,M,63,9705,1997-2005,282.2691913208942
2246,deferred,M,63,post05,Post-2005,282.2691913208942
2247,deferred,F,51,pre97,Pre-1997,863.5168681607164
2247,deferred,F,51,9705,1997-2005,647.6376511205373
2247,deferred,F,51,post05,Post-2005,647.6376511205373
2248,deferred,F,53,pre97,Pre-1997,954.2766137646736
2248,deferred,F,53,9705,1997-2005,715.7074603235051
2248,deferred,F,53,post05,Post-2005,715.7074603235051
2249,deferred,F,60,pre97,Pre-1997,20151.124590988187
2249,deferred,F,60,9705,1997-2005,15113.34344324114
2249,deferred,F,60,post05,Post-2005,15113.34344324114
2250,deferred,M,51,pre97,Pre-1997,1613.9710505028504
2250,deferred,M,51,9705,1997-2005,1210.4782878771377
2250,deferred,M,51,post05,Post-2005,1210.4782878771377
2251,deferred,M,55,pre97,Pre-1997,1090.2101160532118
2251,deferred,M,55,9705,1997-2005,817.6575870399087
2251,deferred,M,55,post05,Post-2005,817.6575870399087
2252,deferred,M,61,pre97,Pre-1997,1744.8292292034594
2252,deferred,M,61,9705,1997-2005,1308.6219219025943
2252,deferred,M,61,post05,Post-2005,1308.6219219025943
2253,deferred,M,48,pre97,Pre-1997,1806.157778133746
2253,deferred,M,48,9705,1997-2005,1354.6183336003094
2253,deferred,M,48,post05,Post-2005,1354.6183336003094
2254,deferred,M,54,pre97,Pre-1997,241.14328250376388
2254,deferred,M,54,9705,1997-2005,180.8574618778229
2254,deferred,M,54,post05,Post-2005,180.8574618778229
2255,deferred,F,63,pre97,Pre-1997,970.858172150805
2255,deferred,F,63,9705,1997-2005,728.1436291131037
2255,deferred,F,63,post05,Post-2005,728.1436291131037
2256,deferred,M,57,pre97,Pre-1997,1877.44959950289
2256,deferred,M,57,9705,1997-2005,1408.0871996271674
2256,deferred,M,57,post05,Post-2005,1408.0871996271674
2257,deferred,F,57,pre97,Pre-1997,2554.940781361127
2257,deferred,F,57,9705,1997-2005,1916.2055860208452
2257,deferred,F,57,post05,Post-2005,1916.2055860208452
2258,deferred,F,56,pre97,Pre-1997,1150.8526190305765
2258,deferred,F,56,9705,1997-2005,863.1394642729324
2258,deferred,F,56,post05,Post-2005,863.1394642729324
2259,deferred,M,46,pre97,Pre-1997,1746.7859326291357
2259,deferred,M,46,9705,1997-2005,1310.0894494718516
2259,deferred,M,46,post05,Post-2005,1310.0894494718516
2260,deferred,F,49,pre97,Pre-1997,2818.381879590607
2260,deferred,F,49,9705,1997-2005,2113.7864096929547
2260,deferred,F,49,post05,Post-2005,2113.7864096929547
2261,deferred,F,51,pre97,Pre-1997,3462.8203205934824
2261,deferred,F,51,9705,1997-2005,2597.1152404451113
2261,deferred,F,51,post05,Post-2005,2597.1152404451113
2262,deferred,F,63,pre97,Pre-1997,1541.550382943399
2262,deferred,F,63,9705,1997-2005,1156.1627872075492
2262,deferred,F,63,post05,Post-2005,1156.1627872075492
2263,deferred,F,61,pre97,Pre-1997,327.1005867306562
2263,deferred,F,61,9705,1997-2005,245.3254400479921
2263,deferred,F,61,post05,Post-2005,245.3254400479921
2264,deferred,F,41,pre97,Pre-1997,1146.028965805436
2264,deferred,F,41,9705,1997-2005,859.521724354077
2264,deferred,F,41,post05,Post-2005,859.521724354077
2265,deferred,M,47,pre97,Pre-1997,1366.7917639722536
2265,deferred,M,47,9705,1997-2005,1025.09382297919
2265,deferred,M,47,post05,Post-2005,1025.09382297919
2266,deferred,M,48,pre97,Pre-1997,1008.6167394670115
2266,deferred,M,48,9705,1997-2005,756.4625546002585
2266,deferred,M,48,post05,Post-2005,756.4625546002585
2267,deferred,M,64,pre97,Pre-1997,1094.4829296685982
2267,deferred,M,64,9705,1997-2005,820.8621972514485
2267,deferred,M,64,post05,Post-2005,820.8621972514485
2268,deferred,F,46,pre97,Pre-1997,1896.786605704242
2268,deferred,F,46,9705,1997-2005,1422.5899542781813
2268,deferred,F,46,post05,Post-2005,1422.5899542781813
2269,deferred,M,49,pre97,Pre-1997,1291.1388445446994
2269,deferred,M,49,9705,1997-2005,968.3541334085245
2269,deferred,M,49,post05,Post-2005,968.3541334085245
2270,deferred,F,52,pre97,Pre-1997,3018.863763334282
2270,deferred,F,52,9705,1997-2005,2264.1478225007113
2270,deferred,F,52,post05,Post-2005,2264.1478225007113
2271,deferred,M,56,pre97,Pre-1997,474.412888557492
2271,deferred,M,56,9705,1997-2005,355.809666418119
2271,deferred,M,56,post05,Post-2005,355.809666418119
2272,deferred,F,47,pre97,Pre-1997,3875.9576221611405
2272,deferred,F,47,9705,1997-2005,2906.968216620855
2272,deferred,F,47,post05,Post-2005,2906.968216620855
2273,deferred,F,41,pre97,Pre-1997,3741.515646809913
2273,deferred,F,41,9705,1997-2005,2806.1367351074346
2273,deferred,F,41,post05,Post-2005,2806.1367351074346
2274,deferred,F,59,pre97,Pre-1997,2361.2083699597174
2274,deferred,F,59,9705,1997-2005,1770.906277469788
2274,deferred,F,59,post05,Post-2005,1770.906277469788
2275,deferred,F,49,pre97,Pre-1997,7257.542914950147
2275,deferred,F,49,9705,1997-2005,5443.157186212609
2275,deferred,F,49,post05,Post-2005,5443.157186212609
2276,deferred,F,56,pre97,Pre-1997,1127.4839020728027
2276,deferred,F,56,9705,1997-2005,845.6129265546019
2276,deferred,F,56,post05,Post-2005,845.6129265546019
2277,deferred,M,64,pre97,Pre-1997,183.93968000541076
2277,deferred,M,64,9705,1997-2005,137.95476000405807
2277,deferred,M,64,post05,Post-2005,137.95476000405807
2278,deferred,F,54,pre97,Pre-1997,5223.406361964598
2278,deferred,F,54,9705,1997-2005,3917.554771473448
2278,deferred,F,54,post05,Post-2005,3917.554771473448
2279,deferred,M,53,pre97,Pre-1997,3460.1834242956547
2279,deferred,M,53,9705,1997-2005,2595.137568221741
2279,deferred,M,53,post05,Post-2005,2595.137568221741
2280,deferred,M,44,pre97,Pre-1997,1783.1599062050261
2280,deferred,M,44,9705,1997-2005,1337.3699296537695
2280,deferred,M,44,post05,Post-2005,1337.3699296537695
2281,deferred,F,64,pre97,Pre-1997,5862.0531440113
2281,deferred,F,64,9705,1997-2005,4396.539858008475
2281,deferred,F,64,post05,Post-2005,4396.539858008475
2282,deferred,F,49,pre97,Pre-1997,778.8275809817338
2282,deferred,F,49,9705,1997-2005,584.1206857363003
2282,deferred,F,49,post05,Post-2005,584.1206857363003
2283,deferred,M,53,pre97,Pre-1997,2371.8353100377058
2283,deferred,M,53,9705,1997-2005,1778.876482528279
2283,deferred,M,53,post05,Post-2005,1778.876482528279
2284,deferred,M,52,pre97,Pre-1997,8341.732436946817
2284,deferred,M,52,9705,1997-2005,6256.299327710111
2284,deferred,M,52,post05,Post-2005,6256.299327710111
2285,deferred,F,42,pre97,Pre-1997,587.5031388497904
2285,deferred,F,42,9705,1997-2005,440.6273541373427
2285,deferred,F,42,post05,Post-2005,440.6273541373427
2286,deferred,F,59,pre97,Pre-1997,1313.7230367584116
2286,deferred,F,59,9705,1997-2005,985.2922775688087
2286,deferred,F,59,post05,Post-2005,985.2922775688087
2287,deferred,F,49,pre97,Pre-1997,911.9896614423635
2287,deferred,F,49,9705,1997-2005,683.9922460817726
2287,deferred,F,49,post05,Post-2005,683.9922460817726
2288,deferred,F,48,pre97,Pre-1997,4503.2317420625295
2288,deferred,F,48,9705,1997-2005,3377.423806546897
2288,deferred,F,48,post05,Post-2005,3377.423806546897
2289,deferred,M,53,pre97,Pre-1997,5711.623930468092
2289,deferred,M,53,9705,1997-2005,4283.717947851069
2289,deferred,M,53,post05,Post-2005,4283.717947851069
2290,deferred,F,50,pre97,Pre-1997,851.7285678712759
2290,deferred,F,50,9705,1997-2005,638.7964259034569
2290,deferred,F,50,post05,Post-2005,638.7964259034569
2291,deferred,M,51,pre97,Pre-1997,1625.7141149103863
2291,deferred,M,51,9705,1997-2005,1219.2855861827895
2291,deferred,M,51,post05,Post-2005,1219.2855861827895
2292,deferred,M,58,pre97,Pre-1997,2253.0450125610837
2292,deferred,M,58,9705,1997-2005,1689.7837594208124
2292,deferred,M,58,post05,Post-2005,1689.7837594208124
2293,deferred,F,53,pre97,Pre-1997,1110.7398830188731
2293,deferred,F,53,9705,1997-2005,833.0549122641548
2293,deferred,F,53,post05,Post-2005,833.0549122641548
2294,deferred,F,46,pre97,Pre-1997,5101.824956384258
2294,deferred,F,46,9705,1997-2005,3826.368717288193
2294,deferred,F,46,post05,Post-2005,3826.368717288193
2295,deferred,M,61,pre97,Pre-1997,10604.987507709244
2295,deferred,M,61,9705,1997-2005,7953.740630781931
2295,deferred,M,61,post05,Post-2005,7953.740630781931
2296,deferred,F,51,pre97,Pre-1997,2245.3103677397066
2296,deferred,F,51,9705,1997-2005,1683.98277580478
2296,deferred,F,51,post05,Post-2005,1683.98277580478
2297,deferred,F,48,pre97,Pre-1997,804.053338420295
2297,deferred,F,48,9705,1997-2005,603.0400038152212
2297,deferred,F,48,post05,Post-2005,603.0400038152212
2298,deferred,F,53,pre97,Pre-1997,1848.0212521232538
2298,deferred,F,53,9705,1997-2005,1386.0159390924402
2298,deferred,F,53,post05,Post-2005,1386.0159390924402
2299,deferred,M,58,pre97,Pre-1997,5510.960870177427
2299,deferred,M,58,9705,1997-2005,4133.22065263307
2299,deferred,M,58,post05,Post-2005,4133.22065263307
2300,deferred,F,60,pre97,Pre-1997,1109.8128892486557
2300,deferred,F,60,9705,1997-2005,832.3596669364917
2300,deferred,F,60,post05,Post-2005,832.3596669364917
2301,deferred,F,53,pre97,Pre-1997,612.716888847923
2301,deferred,F,53,9705,1997-2005,459.5376666359422
2301,deferred,F,53,post05,Post-2005,459.5376666359422
2302,deferred,F,59,pre97,Pre-1997,1036.6398243403892
2302,deferred,F,59,9705,1997-2005,777.4798682552919
2302,deferred,F,59,post05,Post-2005,777.4798682552919
2303,deferred,M,44,pre97,Pre-1997,438.5423124981703
2303,deferred,M,44,9705,1997-2005,328.9067343736277
2303,deferred,M,44,post05,Post-2005,328.9067343736277
2304,deferred,F,55,pre97,Pre-1997,2614.7754159039805
2304,deferred,F,55,9705,1997-2005,1961.0815619279851
2304,deferred,F,55,post05,Post-2005,1961.0815619279851
2305,deferred,F,54,pre97,Pre-1997,2942.2807988731647
2305,deferred,F,54,9705,1997-2005,2206.7105991548733
2305,deferred,F,54,post05,Post-2005,2206.7105991548733
2306,deferred,M,62,pre97,Pre-1997,9021.452546242714
2306,deferred,M,62,9705,1997-2005,6766.089409682035
2306,deferred,M,62,post05,Post-2005,6766.089409682035
2307,deferred,F,42,pre97,Pre-1997,4045.5635330098908
2307,deferred,F,42,9705,1997-2005,3034.1726497574177
2307,deferred,F,42,post05,Post-2005,3034.1726497574177
2308,deferred,M,47,pre97,Pre-1997,17873.421828697934
2308,deferred,M,47,9705,1997-2005,13405.06637152345
2308,deferred,M,47,post05,Post-2005,13405.06637152345
2309,deferred,F,51,pre97,Pre-1997,4968.773733046467
2309,deferred,F,51,9705,1997-2005,3726.58029978485
2309,deferred,F,51,post05,Post-2005,3726.58029978485
2310,deferred,F,44,pre97,Pre-1997,5397.784480312952
2310,deferred,F,44,9705,1997-2005,4048.338360234714
2310,deferred,F,44,post05,Post-2005,4048.338360234714
2311,deferred,M,46,pre97,Pre-1997,2475.997912817489
2311,deferred,M,46,9705,1997-2005,1856.9984346131164
2311,deferred,M,46,post05,Post-2005,1856.9984346131164
2312,deferred,F,58,pre97,Pre-1997,768.0343729205835
2312,deferred,F,58,9705,1997-2005,576.0257796904375
2312,deferred,F,58,post05,Post-2005,576.0257796904375
2313,deferred,F,56,pre97,Pre-1997,1781.97372050162
2313,deferred,F,56,9705,1997-2005,1336.4802903762147
2313,deferred,F,56,post05,Post-2005,1336.4802903762147
2314,deferred,M,58,pre97,Pre-1997,2636.976893751732
2314,deferred,M,58,9705,1997-2005,1977.7326703137987
2314,deferred,M,58,post05,Post-2005,1977.7326703137987
2315,deferred,M,59,pre97,Pre-1997,2792.550069070807
2315,deferred,M,59,9705,1997-2005,2094.412551803105
2315,deferred,M,59,post05,Post-2005,2094.412551803105
2316,deferred,M,59,pre97,Pre-1997,5471.231660847793
2316,deferred,M,59,9705,1997-2005,4103.423745635844
2316,deferred,M,59,post05,Post-2005,4103.423745635844
2317,deferred,M,58,pre97,Pre-1997,1465.4050156649555
2317,deferred,M,58,9705,1997-2005,1099.0537617487166
2317,deferred,M,58,post05,Post-2005,1099.0537617487166
2318,deferred,F,58,pre97,Pre-1997,1527.763313835988
2318,deferred,F,58,9705,1997-2005,1145.8224853769907
2318,deferred,F,58,post05,Post-2005,1145.8224853769907
2319,deferred,F,55,pre97,Pre-1997,1431.2373058716637
2319,deferred,F,55,9705,1997-2005,1073.4279794037477
2319,deferred,F,55,post05,Post-2005,1073.4279794037477
2320,deferred,F,61,pre97,Pre-1997,3103.939562229893
2320,deferred,F,61,9705,1997-2005,2327.9546716724194
2320,deferred,F,61,post05,Post-2005,2327.9546716724194
2321,deferred,F,53,pre97,Pre-1997,8844.625414380456
2321,deferred,F,53,9705,1997-2005,6633.469060785342
2321,deferred,F,53,post05,Post-2005,6633.469060785342
2322,deferred,F,58,pre97,Pre-1997,1957.0828456886084
2322,deferred,F,58,9705,1997-2005,1467.8121342664563
2322,deferred,F,58,post05,Post-2005,1467.8121342664563
2323,deferred,M,54,pre97,Pre-1997,2351.368560360133
2323,deferred,M,54,9705,1997-2005,1763.5264202700994
2323,deferred,M,54,post05,Post-2005,1763.5264202700994
2324,deferred,M,58,pre97,Pre-1997,9751.032773966652
2324,deferred,M,58,9705,1997-2005,7313.274580474989
2324,deferred,M,58,post05,Post-2005,7313.274580474989
2325,deferred,F,42,pre97,Pre-1997,3138.9351322788966
2325,deferred,F,42,9705,1997-2005,2354.2013492091723
2325,deferred,F,42,post05,Post-2005,2354.2013492091723
2326,deferred,M,63,pre97,Pre-1997,2312.6847920095634
2326,deferred,M,63,9705,1997-2005,1734.5135940071723
2326,deferred,M,63,post05,Post-2005,1734.5135940071723
2327,deferred,F,47,pre97,Pre-1997,1276.1370918316975
2327,deferred,F,47,9705,1997-2005,957.102818873773
2327,deferred,F,47,post05,Post-2005,957.102818873773
2328,deferred,F,59,pre97,Pre-1997,1445.9999773553227
2328,deferred,F,59,9705,1997-2005,1084.499983016492
2328,deferred,F,59,post05,Post-2005,1084.499983016492
2329,deferred,F,50,pre97,Pre-1997,473.6942834669694
2329,deferred,F,50,9705,1997-2005,355.27071260022706
2329,deferred,F,50,post05,Post-2005,355.27071260022706
2330,deferred,F,52,pre97,Pre-1997,674.7012177145169
2330,deferred,F,52,9705,1997-2005,506.0259132858876
2330,deferred,F,52,post05,Post-2005,506.0259132858876
2331,deferred,F,48,pre97,Pre-1997,1556.5380305480642
2331,deferred,F,48,9705,1997-2005,1167.403522911048
2331,deferred,F,48,post05,Post-2005,1167.403522911048
2332,deferred,F,60,pre97,Pre-1997,2742.46031274041
2332,deferred,F,60,9705,1997-2005,2056.845234555307
2332,deferred,F,60,post05,Post-2005,2056.845234555307
2333,deferred,F,61,pre97,Pre-1997,946.9004095402211
2333,deferred,F,61,9705,1997-2005,710.1753071551657
2333,deferred,F,61,post05,Post-2005,710.1753071551657
2334,deferred,M,61,pre97,Pre-1997,616.8601459201084
2334,deferred,M,61,9705,1997-2005,462.6451094400812
2334,deferred,M,61,post05,Post-2005,462.6451094400812
2335,deferred,M,59,pre97,Pre-1997,2319.386304152878
2335,deferred,M,59,9705,1997-2005,1739.5397281146581
2335,deferred,M,59,post05,Post-2005,1739.5397281146581
2336,deferred,F,50,pre97,Pre-1997,8551.49797386168
2336,deferred,F,50,9705,1997-2005,6413.623480396259
2336,deferred,F,50,post05,Post-2005,6413.623480396259
2337,deferred,F,45,pre97,Pre-1997,1479.4026467553429
2337,deferred,F,45,9705,1997-2005,1109.551985066507
2337,deferred,F,45,post05,Post-2005,1109.551985066507
2338,deferred,M,58,pre97,Pre-1997,670.054591527318
2338,deferred,M,58,9705,1997-2005,502.5409436454885
2338,deferred,M,58,post05,Post-2005,502.5409436454885
2339,deferred,M,60,pre97,Pre-1997,6758.469159996683
2339,deferred,M,60,9705,1997-2005,5068.851869997512
2339,deferred,M,60,post05,Post-2005,5068.851869997512
2340,deferred,F,59,pre97,Pre-1997,2526.8945023861274
2340,deferred,F,59,9705,1997-2005,1895.1708767895955
2340,deferred,F,59,post05,Post-2005,1895.1708767895955
2341,deferred,F,46,pre97,Pre-1997,513.6771213839919
2341,deferred,F,46,9705,1997-2005,385.25784103799384
2341,deferred,F,46,post05,Post-2005,385.25784103799384
2342,deferred,F,49,pre97,Pre-1997,709.4184770108498
2342,deferred,F,49,9705,1997-2005,532.0638577581373
2342,deferred,F,49,post05,Post-2005,532.0638577581373
2343,deferred,M,61,pre97,Pre-1997,5263.048016547688
2343,deferred,M,61,9705,1997-2005,3947.286012410766
2343,deferred,M,61,post05,Post-2005,3947.286012410766
2344,deferred,M,44,pre97,Pre-1997,283.7081585029634
2344,deferred,M,44,9705,1997-2005,212.78111887722255
2344,deferred,M,44,post05,Post-2005,212.78111887722255
2345,deferred,F,62,pre97,Pre-1997,2071.556419066813
2345,deferred,F,62,9705,1997-2005,1553.6673143001094
2345,deferred,F,62,post05,Post-2005,1553.6673143001094
2346,deferred,F,52,pre97,Pre-1997,7654.265834110337
2346,deferred,F,52,9705,1997-2005,5740.6993755827525
2346,deferred,F,52,post05,Post-2005,5740.6993755827525
2347,deferred,M,45,pre97,Pre-1997,1601.0250686679394
2347,deferred,M,45,9705,1997-2005,1200.7688015009544
2347,deferred,M,45,post05,Post-2005,1200.7688015009544
2348,deferred,F,44,pre97,Pre-1997,1341.7003884517774
2348,deferred,F,44,9705,1997-2005,1006.275291338833
2348,deferred,F,44,post05,Post-2005,1006.275291338833
2349,deferred,F,49,pre97,Pre-1997,460.1612978615749
2349,deferred,F,49,9705,1997-2005,345.12097339618117
2349,deferred,F,49,post05,Post-2005,345.12097339618117
2350,deferred,M,56,pre97,Pre-1997,7351.796022553825
2350,deferred,M,56,9705,1997-2005,5513.847016915369
2350,deferred,M,56,post05,Post-2005,5513.847016915369
2351,deferred,M,49,pre97,Pre-1997,1869.6591945069995
2351,deferred,M,49,9705,1997-2005,1402.2443958802496
2351,deferred,M,49,post05,Post-2005,1402.2443958802496
2352,deferred,M,62,pre97,Pre-1997,6803.716728997829
2352,deferred,M,62,9705,1997-2005,5102.787546748371
2352,deferred,M,62,post05,Post-2005,5102.787546748371
2353,deferred,F,59,pre97,Pre-1997,1733.773892419629
2353,deferred,F,59,9705,1997-2005,1300.3304193147217
2353,deferred,F,59,post05,Post-2005,1300.3304193147217
2354,deferred,F,53,pre97,Pre-1997,1923.8993761135473
2354,deferred,F,53,9705,1997-2005,1442.9245320851603
2354,deferred,F,53,post05,Post-2005,1442.9245320851603
2355,deferred,F,54,pre97,Pre-1997,1426.284271570466
2355,deferred,F,54,9705,1997-2005,1069.7132036778494
2355,deferred,F,54,post05,Post-2005,1069.7132036778494
2356,deferred,M,60,pre97,Pre-1997,2948.254431911222
2356,deferred,M,60,9705,1997-2005,2211.190823933416
2356,deferred,M,60,post05,Post-2005,2211.190823933416
2357,deferred,M,50,pre97,Pre-1997,1759.2845670695156
2357,deferred,M,50,9705,1997-2005,1319.4634253021366
2357,deferred,M,50,post05,Post-2005,1319.4634253021366
2358,deferred,F,45,pre97,Pre-1997,734.7057703074673
2358,deferred,F,45,9705,1997-2005,551.0293277306005
2358,deferred,F,45,post05,Post-2005,551.0293277306005
2359,deferred,M,58,pre97,Pre-1997,5334.593164831321
2359,deferred,M,58,9705,1997-2005,4000.9448736234904
2359,deferred,M,58,post05,Post-2005,4000.9448736234904
2360,deferred,F,58,pre97,Pre-1997,1439.3952136113603
2360,deferred,F,58,9705,1997-2005,1079.5464102085202
2360,deferred,F,58,post05,Post-2005,1079.5464102085202
2361,deferred,M,54,pre97,Pre-1997,4519.383766619915
2361,deferred,M,54,9705,1997-2005,3389.537824964936
2361,deferred,M,54,post05,Post-2005,3389.537824964936
2362,deferred,F,44,pre97,Pre-1997,4357.244516484885
2362,deferred,F,44,9705,1997-2005,3267.9333873636633
2362,deferred,F,44,post05,Post-2005,3267.9333873636633
2363,deferred,M,59,pre97,Pre-1997,6844.263835360842
2363,deferred,M,59,9705,1997-2005,5133.197876520631
2363,deferred,M,59,post05,Post-2005,5133.197876520631
2364,deferred,M,58,pre97,Pre-1997,6904.6547848710325
2364,deferred,M,58,9705,1997-2005,5178.491088653274
2364,deferred,M,58,post05,Post-2005,5178.491088653274
2365,deferred,M,61,pre97,Pre-1997,6212.3353202225935
2365,deferred,M,61,9705,1997-2005,4659.251490166945
2365,deferred,M,61,post05,Post-2005,4659.251490166945
2366,deferred,M,56,pre97,Pre-1997,622.5738635603079
2366,deferred,M,56,9705,1997-2005,466.93039767023083
2366,deferred,M,56,post05,Post-2005,466.93039767023083
2367,deferred,F,56,pre97,Pre-1997,4822.958996932049
2367,deferred,F,56,9705,1997-2005,3617.2192476990363
2367,deferred,F,56,post05,Post-2005,3617.2192476990363
2368,deferred,M,48,pre97,Pre-1997,3097.243665048792
2368,deferred,M,48,9705,1997-2005,2322.932748786594
2368,deferred,M,48,post05,Post-2005,2322.932748786594
2369,deferred,M,53,pre97,Pre-1997,2492.5487707627653
2369,deferred,M,53,9705,1997-2005,1869.4115780720736
2369,deferred,M,53,post05,Post-2005,1869.4115780720736
2370,deferred,F,55,pre97,Pre-1997,609.9518491290019
2370,deferred,F,55,9705,1997-2005,457.4638868467514
2370,deferred,F,55,post05,Post-2005,457.4638868467514
2371,deferred,F,50,pre97,Pre-1997,3245.1031497129443
2371,deferred,F,50,9705,1997-2005,2433.827362284708
2371,deferred,F,50,post05,Post-2005,2433.827362284708
2372,deferred,F,56,pre97,Pre-1997,320.54559002879745
2372,deferred,F,56,9705,1997-2005,240.40919252159804
2372,deferred,F,56,post05,Post-2005,240.40919252159804
2373,deferred,F,56,pre97,Pre-1997,833.172423055453
2373,deferred,F,56,9705,1997-2005,624.8793172915897
2373,deferred,F,56,post05,Post-2005,624.8793172915897
2374,deferred,M,50,pre97,Pre-1997,5880.175011661958
2374,deferred,M,50,9705,1997-2005,4410.131258746468
2374,deferred,M,50,post05,Post-2005,4410.131258746468
2375,deferred,F,43,pre97,Pre-1997,667.5795523320057
2375,deferred,F,43,9705,1997-2005,500.6846642490043
2375,deferred,F,43,post05,Post-2005,500.6846642490043
2376,deferred,F,59,pre97,Pre-1997,4514.5913648200285
2376,deferred,F,59,9705,1997-2005,3385.9435236150216
2376,deferred,F,59,post05,Post-2005,3385.9435236150216
2377,deferred,M,53,pre97,Pre-1997,1156.4690198802552
2377,deferred,M,53,9705,1997-2005,867.3517649101913
2377,deferred,M,53,post05,Post-2005,867.3517649101913
2378,deferred,F,59,pre97,Pre-1997,1285.5222941681159
2378,deferred,F,59,9705,1997-2005,964.1417206260867
2378,deferred,F,59,post05,Post-2005,964.1417206260867
2379,deferred,M,59,pre97,Pre-1997,641.8433870542104
2379,deferred,M,59,9705,1997-2005,481.3825402906578
2379,deferred,M,59,post05,Post-2005,481.3825402906578
2380,deferred,F,58,pre97,Pre-1997,3788.5695877389335
2380,deferred,F,58,9705,1997-2005,2841.4271908042
2380,deferred,F,58,post05,Post-2005,2841.4271908042
2381,deferred,M,46,pre97,Pre-1997,937.0628277734437
2381,deferred,M,46,9705,1997-2005,702.7971208300827
2381,deferred,M,46,post05,Post-2005,702.7971208300827
2382,deferred,F,61,pre97,Pre-1997,1778.7028759497296
2382,deferred,F,61,9705,1997-2005,1334.027156962297
2382,deferred,F,61,post05,Post-2005,1334.027156962297
2383,deferred,M,56,pre97,Pre-1997,1894.2827828434017
2383,deferred,M,56,9705,1997-2005,1420.7120871325512
2383,deferred,M,56,post05,Post-2005,1420.7120871325512
2384,deferred,F,51,pre97,Pre-1997,3346.3308557793457
2384,deferred,F,51,9705,1997-2005,2509.748141834509
2384,deferred,F,51,post05,Post-2005,2509.748141834509
2385,deferred,M,52,pre97,Pre-1997,1400.775341981124
2385,deferred,M,52,9705,1997-2005,1050.581506485843
2385,deferred,M,52,post05,Post-2005,1050.581506485843
2386,deferred,M,54,pre97,Pre-1997,3689.9746843433622
2386,deferred,M,54,9705,1997-2005,2767.481013257521
2386,deferred,M,54,post05,Post-2005,2767.481013257521
2387,deferred,M,53,pre97,Pre-1997,1377.0227126391433
2387,deferred,M,53,9705,1997-2005,1032.7670344793573
2387,deferred,M,53,post05,Post-2005,1032.7670344793573
2388,deferred,M,57,pre97,Pre-1997,2061.7779334464144
2388,deferred,M,57,9705,1997-2005,1546.3334500848107
2388,deferred,M,57,post05,Post-2005,1546.3334500848107
2389,deferred,M,60,pre97,Pre-1997,1750.0395218459826
2389,deferred,M,60,9705,1997-2005,1312.5296413844867
2389,deferred,M,60,post05,Post-2005,1312.5296413844867
2390,deferred,M,64,pre97,Pre-1997,1393.657769424123
2390,deferred,M,64,9705,1997-2005,1045.2433270680922
2390,deferred,M,64,post05,Post-2005,1045.2433270680922
2391,deferred,M,64,pre97,Pre-1997,4277.2606548954245
2391,deferred,M,64,9705,1997-2005,3207.9454911715684
2391,deferred,M,64,post05,Post-2005,3207.9454911715684
2392,deferred,M,51,pre97,Pre-1997,2005.716777054591
2392,deferred,M,51,9705,1997-2005,1504.2875827909431
2392,deferred,M,51,post05,Post-2005,1504.2875827909431
2393,deferred,M,55,pre97,Pre-1997,789.7286748805018
2393,deferred,M,55,9705,1997-2005,592.2965061603762
2393,deferred,M,55,post05,Post-2005,592.2965061603762
2394,deferred,M,63,pre97,Pre-1997,1551.782313508187
2394,deferred,M,63,9705,1997-2005,1163.8367351311401
2394,deferred,M,63,post05,Post-2005,1163.8367351311401
2395,deferred,M,50,pre97,Pre-1997,359.1919103745203
2395,deferred,M,50,9705,1997-2005,269.3939327808902
2395,deferred,M,50,post05,Post-2005,269.3939327808902
2396,deferred,F,51,pre97,Pre-1997,1017.1107095718748
2396,deferred,F,51,9705,1997-2005,762.833032178906
2396,deferred,F,51,post05,Post-2005,762.833032178906
2397,deferred,M,55,pre97,Pre-1997,1182.3141978016886
2397,deferred,M,55,9705,1997-2005,886.7356483512664
2397,deferred,M,55,post05,Post-2005,886.7356483512664
2398,deferred,F,61,pre97,Pre-1997,1116.5102917381162
2398,deferred,F,61,9705,1997-2005,837.3827188035872
2398,deferred,F,61,post05,Post-2005,837.3827188035872
2399,deferred,F,50,pre97,Pre-1997,3199.2065158338687
2399,deferred,F,50,9705,1997-2005,2399.404886875401
2399,deferred,F,50,post05,Post-2005,2399.404886875401
2400,deferred,M,45,pre97,Pre-1997,6731.956269579812
2400,deferred,M,45,9705,1997-2005,5048.967202184858
2400,deferred,M,45,post05,Post-2005,5048.967202184858
2401,deferred,F,56,pre97,Pre-1997,8342.134743206041
2401,deferred,F,56,9705,1997-2005,6256.6010574045295
2401,deferred,F,56,post05,Post-2005,6256.6010574045295
2402,deferred,M,47,pre97,Pre-1997,933.8781249116732
2402,deferred,M,47,9705,1997-2005,700.4085936837548
2402,deferred,M,47,post05,Post-2005,700.4085936837548
2403,deferred,M,54,pre97,Pre-1997,873.245563931875
2403,deferred,M,54,9705,1997-2005,654.9341729489063
2403,deferred,M,54,post05,Post-2005,654.9341729489063
2404,deferred,M,49,pre97,Pre-1997,4276.961338589847
2404,deferred,M,49,9705,1997-2005,3207.721003942385
2404,deferred,M,49,post05,Post-2005,3207.721003942385
2405,deferred,F,59,pre97,Pre-1997,6209.441961868352
2405,deferred,F,59,9705,1997-2005,4657.081471401264
2405,deferred,F,59,post05,Post-2005,4657.081471401264
2406,deferred,M,44,pre97,Pre-1997,1354.164902577265
2406,deferred,M,44,9705,1997-2005,1015.6236769329487
2406,deferred,M,44,post05,Post-2005,1015.6236769329487
2407,deferred,M,43,pre97,Pre-1997,1765.6329243644568
2407,deferred,M,43,9705,1997-2005,1324.2246932733424
2407,deferred,M,43,post05,Post-2005,1324.2246932733424
2408,deferred,F,53,pre97,Pre-1997,2183.7292291060953
2408,deferred,F,53,9705,1997-2005,1637.7969218295714
2408,deferred,F,53,post05,Post-2005,1637.7969218295714
2409,deferred,F,48,pre97,Pre-1997,557.2153308767048
2409,deferred,F,48,9705,1997-2005,417.91149815752857
2409,deferred,F,48,post05,Post-2005,417.91149815752857
2410,deferred,M,60,pre97,Pre-1997,754.7442805355428
2410,deferred,M,60,9705,1997-2005,566.058210401657
2410,deferred,M,60,post05,Post-2005,566.058210401657
2411,deferred,F,60,pre97,Pre-1997,368.89345535636016
2411,deferred,F,60,9705,1997-2005,276.6700915172701
2411,deferred,F,60,post05,Post-2005,276.6700915172701
2412,deferred,M,56,pre97,Pre-1997,13664.748014308603
2412,deferred,M,56,9705,1997-2005,10248.561010731451
2412,deferred,M,56,post05,Post-2005,10248.561010731451
2413,deferred,F,41,pre97,Pre-1997,3764.272557182194
2413,deferred,F,41,9705,1997-2005,2823.2044178866454
2413,deferred,F,41,post05,Post-2005,2823.2044178866454
2414,deferred,M,49,pre97,Pre-1997,3069.7854158968044
2414,deferred,M,49,9705,1997-2005,2302.339061922603
2414,deferred,M,49,post05,Post-2005,2302.339061922603
2415,deferred,M,54,pre97,Pre-1997,4915.437912931433
2415,deferred,M,54,9705,1997-2005,3686.5784346985747
2415,deferred,M,54,post05,Post-2005,3686.5784346985747
2416,deferred,M,61,pre97,Pre-1997,1362.1828102876825
2416,deferred,M,61,9705,1997-2005,1021.6371077157619
2416,deferred,M,61,post05,Post-2005,1021.6371077157619
2417,deferred,F,51,pre97,Pre-1997,2018.8483503421776
2417,deferred,F,51,9705,1997-2005,1514.1362627566332
2417,deferred,F,51,post05,Post-2005,1514.1362627566332
2418,deferred,M,63,pre97,Pre-1997,1831.4365759883797
2418,deferred,M,63,9705,1997-2005,1373.5774319912846
2418,deferred,M,63,post05,Post-2005,1373.5774319912846
2419,deferred,M,51,pre97,Pre-1997,1296.440455125605
2419,deferred,M,51,9705,1997-2005,972.3303413442037
2419,deferred,M,51,post05,Post-2005,972.3303413442037
2420,deferred,F,58,pre97,Pre-1997,2923.638175762568
2420,deferred,F,58,9705,1997-2005,2192.728631821926
2420,deferred,F,58,post05,Post-2005,2192.728631821926
2421,deferred,M,46,pre97,Pre-1997,3146.932414398181
2421,deferred,M,46,9705,1997-2005,2360.199310798636
2421,deferred,M,46,post05,Post-2005,2360.199310798636
2422,deferred,F,44,pre97,Pre-1997,4899.338904727802
2422,deferred,F,44,9705,1997-2005,3674.504178545852
2422,deferred,F,44,post05,Post-2005,3674.504178545852
2423,deferred,F,48,pre97,Pre-1997,1222.8679801000105
2423,deferred,F,48,9705,1997-2005,917.150985075008
2423,deferred,F,48,post05,Post-2005,917.150985075008
2424,deferred,M,40,pre97,Pre-1997,5558.027386256052
2424,deferred,M,40,9705,1997-2005,4168.520539692038
2424,deferred,M,40,post05,Post-2005,4168.520539692038
2425,deferred,F,49,pre97,Pre-1997,620.5377200899745
2425,deferred,F,49,9705,1997-2005,465.40329006748084
2425,deferred,F,49,post05,Post-2005,465.40329006748084
2426,deferred,F,41,pre97,Pre-1997,789.640919591523
2426,deferred,F,41,9705,1997-2005,592.2306896936421
2426,deferred,F,41,post05,Post-2005,592.2306896936421
2427,deferred,F,52,pre97,Pre-1997,2499.9838431058906
2427,deferred,F,52,9705,1997-2005,1874.9878823294175
2427,deferred,F,52,post05,Post-2005,1874.9878823294175
2428,deferred,M,51,pre97,Pre-1997,1071.0408881036838
2428,deferred,M,51,9705,1997-2005,803.2806660777628
2428,deferred,M,51,post05,Post-2005,803.2806660777628
2429,deferred,F,47,pre97,Pre-1997,1678.9540108435483
2429,deferred,F,47,9705,1997-2005,1259.2155081326612
2429,deferred,F,47,post05,Post-2005,1259.2155081326612
2430,deferred,M,55,pre97,Pre-1997,1929.38010499776
2430,deferred,M,55,9705,1997-2005,1447.0350787483198
2430,deferred,M,55,post05,Post-2005,1447.0350787483198
2431,deferred,M,56,pre97,Pre-1997,281.31942927933045
2431,deferred,M,56,9705,1997-2005,210.9895719594978
2431,deferred,M,56,post05,Post-2005,210.9895719594978
2432,deferred,M,57,pre97,Pre-1997,2068.974412889485
2432,deferred,M,57,9705,1997-2005,1551.7308096671134
2432,deferred,M,57,post05,Post-2005,1551.7308096671134
2433,deferred,M,52,pre97,Pre-1997,4600.08167145846
2433,deferred,M,52,9705,1997-2005,3450.0612535938444
2433,deferred,M,52,post05,Post-2005,3450.0612535938444
2434,deferred,M,56,pre97,Pre-1997,1273.0684286776018
2434,deferred,M,56,9705,1997-2005,954.8013215082012
2434,deferred,M,56,post05,Post-2005,954.8013215082012
2435,deferred,F,57,pre97,Pre-1997,349.78091998652036
2435,deferred,F,57,9705,1997-2005,262.3356899898902
2435,deferred,F,57,post05,Post-2005,262.3356899898902
2436,deferred,F,57,pre97,Pre-1997,3959.297701606787
2436,deferred,F,57,9705,1997-2005,2969.47327620509
2436,deferred,F,57,post05,Post-2005,2969.47327620509
2437,deferred,F,51,pre97,Pre-1997,2531.653540364787
2437,deferred,F,51,9705,1997-2005,1898.7401552735903
2437,deferred,F,51,post05,Post-2005,1898.7401552735903
2438,deferred,F,61,pre97,Pre-1997,2067.727472923958
2438,deferred,F,61,9705,1997-2005,1550.7956046929685
2438,deferred,F,61,post05,Post-2005,1550.7956046929685
2439,deferred,M,51,pre97,Pre-1997,2188.569165861021
2439,deferred,M,51,9705,1997-2005,1641.4268743957657
2439,deferred,M,51,post05,Post-2005,1641.4268743957657
2440,deferred,F,50,pre97,Pre-1997,1758.2092972131331
2440,deferred,F,50,9705,1997-2005,1318.6569729098496
2440,deferred,F,50,post05,Post-2005,1318.6569729098496
2441,deferred,M,51,pre97,Pre-1997,2477.4009577799084
2441,deferred,M,51,9705,1997-2005,1858.0507183349312
2441,deferred,M,51,post05,Post-2005,1858.0507183349312
2442,deferred,M,55,pre97,Pre-1997,3683.232792011715
2442,deferred,M,55,9705,1997-2005,2762.424594008786
2442,deferred,M,55,post05,Post-2005,2762.424594008786
2443,deferred,F,56,pre97,Pre-1997,451.131627053754
2443,deferred,F,56,9705,1997-2005,338.3487202903155
2443,deferred,F,56,post05,Post-2005,338.3487202903155
2444,deferred,F,59,pre97,Pre-1997,2047.8675373586939
2444,deferred,F,59,9705,1997-2005,1535.9006530190204
2444,deferred,F,59,post05,Post-2005,1535.9006530190204
2445,deferred,M,48,pre97,Pre-1997,6119.502000830042
2445,deferred,M,48,9705,1997-2005,4589.626500622531
2445,deferred,M,48,post05,Post-2005,4589.626500622531
2446,deferred,F,57,pre97,Pre-1997,13459.446104919603
2446,deferred,F,57,9705,1997-2005,10094.5845786897
2446,deferred,F,57,post05,Post-2005,10094.5845786897
2447,deferred,M,60,pre97,Pre-1997,2137.776588243202
2447,deferred,M,60,9705,1997-2005,1603.3324411824012
2447,deferred,M,60,post05,Post-2005,1603.3324411824012
2448,deferred,F,53,pre97,Pre-1997,636.3178389371393
2448,deferred,F,53,9705,1997-2005,477.23837920285445
2448,deferred,F,53,post05,Post-2005,477.23837920285445
2449,deferred,F,52,pre97,Pre-1997,1071.672404064596
2449,deferred,F,52,9705,1997-2005,803.754303048447
2449,deferred,F,52,post05,Post-2005,803.754303048447
2450,deferred,F,59,pre97,Pre-1997,3377.312566336279
2450,deferred,F,59,9705,1997-2005,2532.9844247522087
2450,deferred,F,59,post05,Post-2005,2532.9844247522087
2451,deferred,M,60,pre97,Pre-1997,1623.193351680668
2451,deferred,M,60,9705,1997-2005,1217.395013760501
2451,deferred,M,60,post05,Post-2005,1217.395013760501
2452,deferred,M,52,pre97,Pre-1997,1674.7656428816526
2452,deferred,M,52,9705,1997-2005,1256.0742321612393
2452,deferred,M,52,post05,Post-2005,1256.0742321612393
2453,deferred,M,52,pre97,Pre-1997,1932.437384913881
2453,deferred,M,52,9705,1997-2005,1449.3280386854108
2453,deferred,M,52,post05,Post-2005,1449.3280386854108
2454,deferred,M,52,pre97,Pre-1997,983.7408144704976
2454,deferred,M,52,9705,1997-2005,737.8056108528732
2454,deferred,M,52,post05,Post-2005,737.8056108528732
2455,deferred,M,54,pre97,Pre-1997,2058.277152642468
2455,deferred,M,54,9705,1997-2005,1543.707864481851
2455,deferred,M,54,post05,Post-2005,1543.707864481851
2456,deferred,M,55,pre97,Pre-1997,1421.152067365612
2456,deferred,M,55,9705,1997-2005,1065.864050524209
2456,deferred,M,55,post05,Post-2005,1065.864050524209
2457,deferred,M,47,pre97,Pre-1997,1098.2160449786577
2457,deferred,M,47,9705,1997-2005,823.6620337339931
2457,deferred,M,47,post05,Post-2005,823.6620337339931
2458,deferred,M,51,pre97,Pre-1997,5027.3736441300025
2458,deferred,M,51,9705,1997-2005,3770.530233097501
2458,deferred,M,51,post05,Post-2005,3770.530233097501
2459,deferred,F,52,pre97,Pre-1997,3786.429468053846
2459,deferred,F,52,9705,1997-2005,2839.822101040384
2459,deferred,F,52,post05,Post-2005,2839.822101040384
2460,deferred,M,44,pre97,Pre-1997,2257.8580774199813
2460,deferred,M,44,9705,1997-2005,1693.3935580649857
2460,deferred,M,44,post05,Post-2005,1693.3935580649857
2461,deferred,F,52,pre97,Pre-1997,968.1711460951789
2461,deferred,F,52,9705,1997-2005,726.1283595713841
2461,deferred,F,52,post05,Post-2005,726.1283595713841
2462,deferred,M,59,pre97,Pre-1997,4416.677296755198
2462,deferred,M,59,9705,1997-2005,3312.5079725663986
2462,deferred,M,59,post05,Post-2005,3312.5079725663986
2463,deferred,M,56,pre97,Pre-1997,908.0229336490443
2463,deferred,M,56,9705,1997-2005,681.0172002367831
2463,deferred,M,56,post05,Post-2005,681.0172002367831
2464,deferred,M,61,pre97,Pre-1997,864.8733725149543
2464,deferred,M,61,9705,1997-2005,648.6550293862157
2464,deferred,M,61,post05,Post-2005,648.6550293862157
2465,deferred,M,59,pre97,Pre-1997,2190.7227190894355
2465,deferred,M,59,9705,1997-2005,1643.0420393170766
2465,deferred,M,59,post05,Post-2005,1643.0420393170766
2466,deferred,M,53,pre97,Pre-1997,820.8103163969732
2466,deferred,M,53,9705,1997-2005,615.6077372977298
2466,deferred,M,53,post05,Post-2005,615.6077372977298
2467,deferred,F,58,pre97,Pre-1997,2190.105934220402
2467,deferred,F,58,9705,1997-2005,1642.5794506653017
2467,deferred,F,58,post05,Post-2005,1642.5794506653017
2468,deferred,M,54,pre97,Pre-1997,715.8250258731274
2468,deferred,M,54,9705,1997-2005,536.8687694048455
2468,deferred,M,54,post05,Post-2005,536.8687694048455
2469,deferred,M,56,pre97,Pre-1997,775.3170636355626
2469,deferred,M,56,9705,1997-2005,581.4877977266718
2469,deferred,M,56,post05,Post-2005,581.4877977266718
2470,deferred,M,50,pre97,Pre-1997,2475.408438709208
2470,deferred,M,50,9705,1997-2005,1856.556329031906
2470,deferred,M,50,post05,Post-2005,1856.556329031906
2471,deferred,M,52,pre97,Pre-1997,1556.9632600002415
2471,deferred,M,52,9705,1997-2005,1167.7224450001809
2471,deferred,M,52,post05,Post-2005,1167.7224450001809
2472,deferred,M,62,pre97,Pre-1997,4824.576635219874
2472,deferred,M,62,9705,1997-2005,3618.4324764149055
2472,deferred,M,62,post05,Post-2005,3618.4324764149055
2473,deferred,M,56,pre97,Pre-1997,539.5087876178258
2473,deferred,M,56,9705,1997-2005,404.63159071336923
2473,deferred,M,56,post05,Post-2005,404.63159071336923
2474,deferred,M,53,pre97,Pre-1997,2644.881515378102
2474,deferred,M,53,9705,1997-2005,1983.6611365335764
2474,deferred,M,53,post05,Post-2005,1983.6611365335764
2475,deferred,F,55,pre97,Pre-1997,6073.932155830685
2475,deferred,F,55,9705,1997-2005,4555.449116873013
2475,deferred,F,55,post05,Post-2005,4555.449116873013
2476,deferred,M,56,pre97,Pre-1997,1859.5587082002057
2476,deferred,M,56,9705,1997-2005,1394.6690311501543
2476,deferred,M,56,post05,Post-2005,1394.6690311501543
2477,deferred,M,58,pre97,Pre-1997,2591.6954914721437
2477,deferred,M,58,9705,1997-2005,1943.7716186041075
2477,deferred,M,58,post05,Post-2005,1943.7716186041075
2478,deferred,F,53,pre97,Pre-1997,1269.3112947474974
2478,deferred,F,53,9705,1997-2005,951.9834710606228
2478,deferred,F,53,post05,Post-2005,951.9834710606228
2479,deferred,M,59,pre97,Pre-1997,4334.446502130092
2479,deferred,M,59,9705,1997-2005,3250.8348765975693
2479,deferred,M,59,post05,Post-2005,3250.8348765975693
2480,deferred,M,62,pre97,Pre-1997,2436.3737993001337
2480,deferred,M,62,9705,1997-2005,1827.2803494751004
2480,deferred,M,62,post05,Post-2005,1827.2803494751004
2481,deferred,M,52,pre97,Pre-1997,3139.5930165521113
2481,deferred,M,52,9705,1997-2005,2354.6947624140835
2481,deferred,M,52,post05,Post-2005,2354.6947624140835
2482,deferred,M,50,pre97,Pre-1997,930.9689079381138
2482,deferred,M,50,9705,1997-2005,698.2266809535853
2482,deferred,M,50,post05,Post-2005,698.2266809535853
2483,deferred,F,59,pre97,Pre-1997,1625.4817459957324
2483,deferred,F,59,9705,1997-2005,1219.111309496799
2483,deferred,F,59,post05,Post-2005,1219.111309496799
2484,deferred,F,45,pre97,Pre-1997,5020.076247977686
2484,deferred,F,45,9705,1997-2005,3765.0571859832644
2484,deferred,F,45,post05,Post-2005,3765.0571859832644
2485,deferred,F,57,pre97,Pre-1997,5126.329567024155
2485,deferred,F,57,9705,1997-2005,3844.747175268116
2485,deferred,F,57,post05,Post-2005,3844.747175268116
2486,deferred,M,52,pre97,Pre-1997,2906.795742893287
2486,deferred,M,52,9705,1997-2005,2180.096807169965
2486,deferred,M,52,post05,Post-2005,2180.096807169965
2487,deferred,F,58,pre97,Pre-1997,5072.723087457789
2487,deferred,F,58,9705,1997-2005,3804.5423155933413
2487,deferred,F,58,post05,Post-2005,3804.5423155933413
2488,deferred,F,47,pre97,Pre-1997,1396.6892477420797
2488,deferred,F,47,9705,1997-2005,1047.5169358065598
2488,deferred,F,47,post05,Post-2005,1047.5169358065598
2489,deferred,M,51,pre97,Pre-1997,2044.7749754496226
2489,deferred,M,51,9705,1997-2005,1533.5812315872167
2489,deferred,M,51,post05,Post-2005,1533.5812315872167
2490,deferred,F,52,pre97,Pre-1997,1460.8682226776502
2490,deferred,F,52,9705,1997-2005,1095.6511670082375
2490,deferred,F,52,post05,Post-2005,1095.6511670082375
2491,deferred,M,62,pre97,Pre-1997,582.924206306701
2491,deferred,M,62,9705,1997-2005,437.1931547300257
2491,deferred,M,62,post05,Post-2005,437.1931547300257
2492,deferred,M,62,pre97,Pre-1997,6403.323406053191
2492,deferred,M,62,9705,1997-2005,4802.492554539893
2492,deferred,M,62,post05,Post-2005,4802.492554539893
2493,deferred,M,51,pre97,Pre-1997,2198.0483442766376
2493,deferred,M,51,9705,1997-2005,1648.5362582074779
2493,deferred,M,51,post05,Post-2005,1648.5362582074779
2494,deferred,F,62,pre97,Pre-1997,3585.934782388096
2494,deferred,F,62,9705,1997-2005,2689.451086791072
2494,deferred,F,62,post05,Post-2005,2689.451086791072
2495,deferred,M,64,pre97,Pre-1997,344.4418696941119
2495,deferred,M,64,9705,1997-2005,258.3314022705839
2495,deferred,M,64,post05,Post-2005,258.3314022705839
2496,deferred,M,48,pre97,Pre-1997,1837.5861563160947
2496,deferred,M,48,9705,1997-2005,1378.189617237071
2496,deferred,M,48,post05,Post-2005,1378.189617237071
2497,deferred,M,47,pre97,Pre-1997,429.21403035566567
2497,deferred,M,47,9705,1997-2005,321.91052276674924
2497,deferred,M,47,post05,Post-2005,321.91052276674924
2498,deferred,M,63,pre97,Pre-1997,1145.4611524815216
2498,deferred,M,63,9705,1997-2005,859.0958643611413
2498,deferred,M,63,post05,Post-2005,859.0958643611413
2499,deferred,M,55,pre97,Pre-1997,1783.4807025939679
2499,deferred,M,55,9705,1997-2005,1337.6105269454758
2499,deferred,M,55,post05,Post-2005,1337.6105269454758
2500,deferred,F,61,pre97,Pre-1997,2226.2812559421222
2500,deferred,F,61,9705,1997-2005,1669.7109419565916
2500,deferred,F,61,post05,Post-2005,1669.7109419565916
2501,deferred,M,44,pre97,Pre-1997,3950.1824082361013
2501,deferred,M,44,9705,1997-2005,2962.636806177076
2501,deferred,M,44,post05,Post-2005,2962.636806177076
2502,deferred,M,46,pre97,Pre-1997,285.10005562888074
2502,deferred,M,46,9705,1997-2005,213.82504172166054
2502,deferred,M,46,post05,Post-2005,213.82504172166054
2503,deferred,M,56,pre97,Pre-1997,1483.5223778112438
2503,deferred,M,56,9705,1997-2005,1112.6417833584328
2503,deferred,M,56,post05,Post-2005,1112.6417833584328
2504,deferred,M,57,pre97,Pre-1997,3300.4178184449297
2504,deferred,M,57,9705,1997-2005,2475.313363833697
2504,deferred,M,57,post05,Post-2005,2475.313363833697
2505,deferred,M,46,pre97,Pre-1997,3575.1674897646963
2505,deferred,M,46,9705,1997-2005,2681.375617323522
2505,deferred,M,46,post05,Post-2005,2681.375617323522
2506,deferred,F,52,pre97,Pre-1997,2008.5041934785204
2506,deferred,F,52,9705,1997-2005,1506.3781451088903
2506,deferred,F,52,post05,Post-2005,1506.3781451088903
2507,deferred,M,52,pre97,Pre-1997,1780.0841084231267
2507,deferred,M,52,9705,1997-2005,1335.063081317345
2507,deferred,M,52,post05,Post-2005,1335.063081317345
2508,deferred,F,62,pre97,Pre-1997,1978.1988964179936
2508,deferred,F,62,9705,1997-2005,1483.649172313495
2508,deferred,F,62,post05,Post-2005,1483.649172313495
2509,deferred,F,47,pre97,Pre-1997,18635.38221761291
2509,deferred,F,47,9705,1997-2005,13976.536663209681
2509,deferred,F,47,post05,Post-2005,13976.536663209681
2510,deferred,M,58,pre97,Pre-1997,1226.7235025868627
2510,deferred,M,58,9705,1997-2005,920.0426269401469
2510,deferred,M,58,post05,Post-2005,920.0426269401469
2511,deferred,M,62,pre97,Pre-1997,3724.7652173204174
2511,deferred,M,62,9705,1997-2005,2793.5739129903127
2511,deferred,M,62,post05,Post-2005,2793.5739129903127
2512,deferred,M,42,pre97,Pre-1997,1914.3860069411364
2512,deferred,M,42,9705,1997-2005,1435.7895052058523
2512,deferred,M,42,post05,Post-2005,1435.7895052058523
2513,deferred,M,46,pre97,Pre-1997,537.3491653990867
2513,deferred,M,46,9705,1997-2005,403.01187404931505
2513,deferred,M,46,post05,Post-2005,403.01187404931505
2514,deferred,M,59,pre97,Pre-1997,2620.952245331636
2514,deferred,M,59,9705,1997-2005,1965.7141839987266
2514,deferred,M,59,post05,Post-2005,1965.7141839987266
2515,deferred,M,44,pre97,Pre-1997,2942.4267361853413
2515,deferred,M,44,9705,1997-2005,2206.820052139006
2515,deferred,M,44,post05,Post-2005,2206.820052139006
2516,deferred,M,50,pre97,Pre-1997,1330.4120395051784
2516,deferred,M,50,9705,1997-2005,997.8090296288836
2516,deferred,M,50,post05,Post-2005,997.8090296288836
2517,deferred,F,44,pre97,Pre-1997,1831.265140904312
2517,deferred,F,44,9705,1997-2005,1373.448855678234
2517,deferred,F,44,post05,Post-2005,1373.448855678234
2518,deferred,F,49,pre97,Pre-1997,15413.50788514519
2518,deferred,F,49,9705,1997-2005,11560.130913858891
2518,deferred,F,49,post05,Post-2005,11560.130913858891
2519,deferred,M,47,pre97,Pre-1997,1986.667434918389
2519,deferred,M,47,9705,1997-2005,1490.0005761887917
2519,deferred,M,47,post05,Post-2005,1490.0005761887917
2520,deferred,M,61,pre97,Pre-1997,2953.5552821629767
2520,deferred,M,61,9705,1997-2005,2215.1664616222324
2520,deferred,M,61,post05,Post-2005,2215.1664616222324
2521,deferred,M,60,pre97,Pre-1997,495.52364350979036
2521,deferred,M,60,9705,1997-2005,371.64273263234276
2521,deferred,M,60,post05,Post-2005,371.64273263234276
2522,deferred,M,56,pre97,Pre-1997,1841.1180638925487
2522,deferred,M,56,9705,1997-2005,1380.8385479194114
2522,deferred,M,56,post05,Post-2005,1380.8385479194114
2523,deferred,F,52,pre97,Pre-1997,715.2826696784948
2523,deferred,F,52,9705,1997-2005,536.462002258871
2523,deferred,F,52,post05,Post-2005,536.462002258871
2524,deferred,M,51,pre97,Pre-1997,9154.60348207515
2524,deferred,M,51,9705,1997-2005,6865.952611556363
2524,deferred,M,51,post05,Post-2005,6865.952611556363
2525,deferred,M,47,pre97,Pre-1997,1263.4487711929116
2525,deferred,M,47,9705,1997-2005,947.5865783946837
2525,deferred,M,47,post05,Post-2005,947.5865783946837
2526,deferred,M,58,pre97,Pre-1997,1279.1455405907582
2526,deferred,M,58,9705,1997-2005,959.3591554430684
2526,deferred,M,58,post05,Post-2005,959.3591554430684
2527,deferred,F,51,pre97,Pre-1997,2417.2082363164113
2527,deferred,F,51,9705,1997-2005,1812.9061772373082
2527,deferred,F,51,post05,Post-2005,1812.9061772373082
2528,deferred,F,53,pre97,Pre-1997,3614.3735862946337
2528,deferred,F,53,9705,1997-2005,2710.780189720975
2528,deferred,F,53,post05,Post-2005,2710.780189720975
2529,deferred,M,59,pre97,Pre-1997,3870.378501770666
2529,deferred,M,59,9705,1997-2005,2902.783876327999
2529,deferred,M,59,post05,Post-2005,2902.783876327999
2530,deferred,F,56,pre97,Pre-1997,2556.498900129176
2530,deferred,F,56,9705,1997-2005,1917.374175096882
2530,deferred,F,56,post05,Post-2005,1917.374175096882
2531,deferred,M,60,pre97,Pre-1997,2151.6313183983543
2531,deferred,M,60,9705,1997-2005,1613.7234887987654
2531,deferred,M,60,post05,Post-2005,1613.7234887987654
2532,deferred,M,62,pre97,Pre-1997,2439.597764901579
2532,deferred,M,62,9705,1997-2005,1829.6983236761841
2532,deferred,M,62,post05,Post-2005,1829.6983236761841
2533,deferred,F,54,pre97,Pre-1997,3415.414226914738
2533,deferred,F,54,9705,1997-2005,2561.5606701860534
2533,deferred,F,54,post05,Post-2005,2561.5606701860534
2534,deferred,M,57,pre97,Pre-1997,2037.186839903522
2534,deferred,M,57,9705,1997-2005,1527.8901299276413
2534,deferred,M,57,post05,Post-2005,1527.8901299276413
2535,deferred,F,52,pre97,Pre-1997,6270.8066527477895
2535,deferred,F,52,9705,1997-2005,4703.104989560841
2535,deferred,F,52,post05,Post-2005,4703.104989560841
2536,deferred,M,54,pre97,Pre-1997,2105.357429475192
2536,deferred,M,54,9705,1997-2005,1579.0180721063941
2536,deferred,M,54,post05,Post-2005,1579.0180721063941
2537,deferred,M,58,pre97,Pre-1997,392.6298148416155
2537,deferred,M,58,9705,1997-2005,294.4723611312116
2537,deferred,M,58,post05,Post-2005,294.4723611312116
2538,deferred,F,53,pre97,Pre-1997,4396.88517690539
2538,deferred,F,53,9705,1997-2005,3297.6638826790418
2538,deferred,F,53,post05,Post-2005,3297.6638826790418
2539,deferred,M,52,pre97,Pre-1997,5565.569166331767
2539,deferred,M,52,9705,1997-2005,4174.176874748824
2539,deferred,M,52,post05,Post-2005,4174.176874748824
2540,deferred,F,60,pre97,Pre-1997,3480.5206229243413
2540,deferred,F,60,9705,1997-2005,2610.390467193256
2540,deferred,F,60,post05,Post-2005,2610.390467193256
2541,deferred,M,56,pre97,Pre-1997,1226.8069312400637
2541,deferred,M,56,9705,1997-2005,920.1051984300476
2541,deferred,M,56,post05,Post-2005,920.1051984300476
2542,deferred,M,54,pre97,Pre-1997,1484.1536604297444
2542,deferred,M,54,9705,1997-2005,1113.1152453223083
2542,deferred,M,54,post05,Post-2005,1113.1152453223083
2543,deferred,M,54,pre97,Pre-1997,1408.8147675514242
2543,deferred,M,54,9705,1997-2005,1056.611075663568
2543,deferred,M,54,post05,Post-2005,1056.611075663568
2544,deferred,M,56,pre97,Pre-1997,628.2644541757768
2544,deferred,M,56,9705,1997-2005,471.1983406318326
2544,deferred,M,56,post05,Post-2005,471.1983406318326
2545,deferred,F,62,pre97,Pre-1997,1342.9152343184358
2545,deferred,F,62,9705,1997-2005,1007.1864257388266
2545,deferred,F,62,post05,Post-2005,1007.1864257388266
2546,deferred,M,45,pre97,Pre-1997,3523.8865651729197
2546,deferred,M,45,9705,1997-2005,2642.9149238796895
2546,deferred,M,45,post05,Post-2005,2642.9149238796895
2547,deferred,M,53,pre97,Pre-1997,1854.273651707359
2547,deferred,M,53,9705,1997-2005,1390.7052387805193
2547,deferred,M,53,post05,Post-2005,1390.7052387805193
2548,deferred,M,56,pre97,Pre-1997,5168.516058855985
2548,deferred,M,56,9705,1997-2005,3876.3870441419876
2548,deferred,M,56,post05,Post-2005,3876.3870441419876
2549,deferred,F,49,pre97,Pre-1997,1431.2165564253335
2549,deferred,F,49,9705,1997-2005,1073.412417319
2549,deferred,F,49,post05,Post-2005,1073.412417319
2550,deferred,M,44,pre97,Pre-1997,3098.2127342676563
2550,deferred,M,44,9705,1997-2005,2323.659550700742
2550,deferred,M,44,post05,Post-2005,2323.659550700742
2551,deferred,M,48,pre97,Pre-1997,1046.1840354653925
2551,deferred,M,48,9705,1997-2005,784.6380265990443
2551,deferred,M,48,post05,Post-2005,784.6380265990443
2552,deferred,M,48,pre97,Pre-1997,1876.7826430725477
2552,deferred,M,48,9705,1997-2005,1407.5869823044106
2552,deferred,M,48,post05,Post-2005,1407.5869823044106
2553,deferred,M,62,pre97,Pre-1997,1380.5188812691692
2553,deferred,M,62,9705,1997-2005,1035.3891609518769
2553,deferred,M,62,post05,Post-2005,1035.3891609518769
2554,deferred,F,62,pre97,Pre-1997,338.3912667090947
2554,deferred,F,62,9705,1997-2005,253.79345003182095
2554,deferred,F,62,post05,Post-2005,253.79345003182095
2555,deferred,F,47,pre97,Pre-1997,485.26305960922866
2555,deferred,F,47,9705,1997-2005,363.94729470692147
2555,deferred,F,47,post05,Post-2005,363.94729470692147
2556,deferred,F,46,pre97,Pre-1997,797.8983665598982
2556,deferred,F,46,9705,1997-2005,598.4237749199236
2556,deferred,F,46,post05,Post-2005,598.4237749199236
2557,deferred,F,53,pre97,Pre-1997,751.5671782340293
2557,deferred,F,53,9705,1997-2005,563.6753836755219
2557,deferred,F,53,post05,Post-2005,563.6753836755219
2558,deferred,M,58,pre97,Pre-1997,695.2809803821806
2558,deferred,M,58,9705,1997-2005,521.4607352866353
2558,deferred,M,58,post05,Post-2005,521.4607352866353
2559,deferred,F,59,pre97,Pre-1997,5437.381901215913
2559,deferred,F,59,9705,1997-2005,4078.036425911934
2559,deferred,F,59,post05,Post-2005,4078.036425911934
2560,deferred,M,58,pre97,Pre-1997,1448.3512880875526
2560,deferred,M,58,9705,1997-2005,1086.2634660656643
2560,deferred,M,58,post05,Post-2005,1086.2634660656643
2561,deferred,F,48,pre97,Pre-1997,1474.460256118378
2561,deferred,F,48,9705,1997-2005,1105.8451920887835
2561,deferred,F,48,post05,Post-2005,1105.8451920887835
2562,deferred,F,50,pre97,Pre-1997,1961.3029736351943
2562,deferred,F,50,9705,1997-2005,1470.9772302263957
2562,deferred,F,50,post05,Post-2005,1470.9772302263957
2563,deferred,M,50,pre97,Pre-1997,2251.8504598402856
2563,deferred,M,50,9705,1997-2005,1688.887844880214
2563,deferred,M,50,post05,Post-2005,1688.887844880214
2564,deferred,F,53,pre97,Pre-1997,2997.3828822488395
2564,deferred,F,53,9705,1997-2005,2248.0371616866296
2564,deferred,F,53,post05,Post-2005,2248.0371616866296
2565,deferred,M,53,pre97,Pre-1997,806.298898757871
2565,deferred,M,53,9705,1997-2005,604.7241740684032
2565,deferred,M,53,post05,Post-2005,604.7241740684032
2566,deferred,M,59,pre97,Pre-1997,1839.4163667547773
2566,deferred,M,59,9705,1997-2005,1379.5622750660827
2566,deferred,M,59,post05,Post-2005,1379.5622750660827
2567,deferred,F,50,pre97,Pre-1997,1830.9528466722015
2567,deferred,F,50,9705,1997-2005,1373.214635004151
2567,deferred,F,50,post05,Post-2005,1373.214635004151
2568,deferred,M,63,pre97,Pre-1997,1707.8965701109294
2568,deferred,M,63,9705,1997-2005,1280.9224275831968
2568,deferred,M,63,post05,Post-2005,1280.9224275831968
2569,deferred,M,57,pre97,Pre-1997,398.3229873903168
2569,deferred,M,57,9705,1997-2005,298.7422405427376
2569,deferred,M,57,post05,Post-2005,298.7422405427376
2570,deferred,F,43,pre97,Pre-1997,6141.713466610021
2570,deferred,F,43,9705,1997-2005,4606.285099957516
2570,deferred,F,43,post05,Post-2005,4606.285099957516
2571,deferred,F,58,pre97,Pre-1997,531.8517227507359
2571,deferred,F,58,9705,1997-2005,398.88879206305194
2571,deferred,F,58,post05,Post-2005,398.88879206305194
2572,deferred,F,57,pre97,Pre-1997,5526.1067133758625
2572,deferred,F,57,9705,1997-2005,4144.580035031897
2572,deferred,F,57,post05,Post-2005,4144.580035031897
2573,deferred,F,61,pre97,Pre-1997,1067.8942551956259
2573,deferred,F,61,9705,1997-2005,800.9206913967192
2573,deferred,F,61,post05,Post-2005,800.9206913967192
2574,deferred,M,41,pre97,Pre-1997,3067.6003817083056
2574,deferred,M,41,9705,1997-2005,2300.700286281229
2574,deferred,M,41,post05,Post-2005,2300.700286281229
2575,deferred,F,52,pre97,Pre-1997,3995.414147687855
2575,deferred,F,52,9705,1997-2005,2996.560610765891
2575,deferred,F,52,post05,Post-2005,2996.560610765891
2576,deferred,F,64,pre97,Pre-1997,3128.375553026484
2576,deferred,F,64,9705,1997-2005,2346.281664769863
2576,deferred,F,64,post05,Post-2005,2346.281664769863
2577,deferred,M,49,pre97,Pre-1997,4971.118959681513
2577,deferred,M,49,9705,1997-2005,3728.339219761134
2577,deferred,M,49,post05,Post-2005,3728.339219761134
2578,deferred,M,55,pre97,Pre-1997,763.1950010581173
2578,deferred,M,55,9705,1997-2005,572.3962507935879
2578,deferred,M,55,post05,Post-2005,572.3962507935879
2579,deferred,M,47,pre97,Pre-1997,840.7764847140794
2579,deferred,M,47,9705,1997-2005,630.5823635355595
2579,deferred,M,47,post05,Post-2005,630.5823635355595
2580,deferred,F,57,pre97,Pre-1997,2329.423007251283
2580,deferred,F,57,9705,1997-2005,1747.0672554384619
2580,deferred,F,57,post05,Post-2005,1747.0672554384619
2581,deferred,M,55,pre97,Pre-1997,3755.457814814355
2581,deferred,M,55,9705,1997-2005,2816.593361110766
2581,deferred,M,55,post05,Post-2005,2816.593361110766
2582,deferred,M,57,pre97,Pre-1997,470.0854224899756
2582,deferred,M,57,9705,1997-2005,352.56406686748164
2582,deferred,M,57,post05,Post-2005,352.56406686748164
2583,deferred,M,56,pre97,Pre-1997,546.1905681884637
2583,deferred,M,56,9705,1997-2005,409.64292614134774
2583,deferred,M,56,post05,Post-2005,409.64292614134774
2584,deferred,F,55,pre97,Pre-1997,2200.854871270585
2584,deferred,F,55,9705,1997-2005,1650.6411534529389
2584,deferred,F,55,post05,Post-2005,1650.6411534529389
2585,deferred,M,60,pre97,Pre-1997,4312.952121807509
2585,deferred,M,60,9705,1997-2005,3234.714091355631
2585,deferred,M,60,post05,Post-2005,3234.714091355631
2586,deferred,M,44,pre97,Pre-1997,1424.5879469630108
2586,deferred,M,44,9705,1997-2005,1068.440960222258
2586,deferred,M,44,post05,Post-2005,1068.440960222258
2587,deferred,M,51,pre97,Pre-1997,3211.291253580452
2587,deferred,M,51,9705,1997-2005,2408.4684401853387
2587,deferred,M,51,post05,Post-2005,2408.4684401853387
2588,deferred,M,59,pre97,Pre-1997,4265.465149449329
2588,deferred,M,59,9705,1997-2005,3199.098862086996
2588,deferred,M,59,post05,Post-2005,3199.098862086996
2589,deferred,F,60,pre97,Pre-1997,1292.519541694172
2589,deferred,F,60,9705,1997-2005,969.3896562706288
2589,deferred,F,60,post05,Post-2005,969.3896562706288
2590,deferred,M,56,pre97,Pre-1997,1692.0150591699576
2590,deferred,M,56,9705,1997-2005,1269.011294377468
2590,deferred,M,56,post05,Post-2005,1269.011294377468
2591,deferred,M,60,pre97,Pre-1997,934.2043315788765
2591,deferred,M,60,9705,1997-2005,700.6532486841572
2591,deferred,M,60,post05,Post-2005,700.6532486841572
2592,deferred,M,55,pre97,Pre-1997,2195.3560835347266
2592,deferred,M,55,9705,1997-2005,1646.5170626510446
2592,deferred,M,55,post05,Post-2005,1646.5170626510446
2593,deferred,M,51,pre97,Pre-1997,3231.8214158072074
2593,deferred,M,51,9705,1997-2005,2423.8660618554054
2593,deferred,M,51,post05,Post-2005,2423.8660618554054
2594,deferred,M,51,pre97,Pre-1997,982.7832515298011
2594,deferred,M,51,9705,1997-2005,737.0874386473507
2594,deferred,M,51,post05,Post-2005,737.0874386473507
2595,deferred,F,62,pre97,Pre-1997,928.0326048519154
2595,deferred,F,62,9705,1997-2005,696.0244536389365
2595,deferred,F,62,post05,Post-2005,696.0244536389365
2596,deferred,F,63,pre97,Pre-1997,305.78349422221856
2596,deferred,F,63,9705,1997-2005,229.3376206666639
2596,deferred,F,63,post05,Post-2005,229.3376206666639
2597,deferred,F,50,pre97,Pre-1997,1976.762295733517
2597,deferred,F,50,9705,1997-2005,1482.5717218001378
2597,deferred,F,50,post05,Post-2005,1482.5717218001378
2598,deferred,M,57,pre97,Pre-1997,2299.5316448511076
2598,deferred,M,57,9705,1997-2005,1724.6487336383307
2598,deferred,M,57,post05,Post-2005,1724.6487336383307
2599,deferred,M,63,pre97,Pre-1997,1142.5442128143138
2599,deferred,M,63,9705,1997-2005,856.9081596107354
2599,deferred,M,63,post05,Post-2005,856.9081596107354
2600,deferred,M,52,pre97,Pre-1997,2345.579183031464
2600,deferred,M,52,9705,1997-2005,1759.1843872735976
2600,deferred,M,52,post05,Post-2005,1759.1843872735976
2601,deferred,F,49,pre97,Pre-1997,842.647437655988
2601,deferred,F,49,9705,1997-2005,631.985578241991
2601,deferred,F,49,post05,Post-2005,631.985578241991
2602,deferred,F,50,pre97,Pre-1997,951.6495810050058
2602,deferred,F,50,9705,1997-2005,713.7371857537543
2602,deferred,F,50,post05,Post-2005,713.7371857537543
2603,deferred,F,53,pre97,Pre-1997,992.1755618757894
2603,deferred,F,53,9705,1997-2005,744.131671406842
2603,deferred,F,53,post05,Post-2005,744.131671406842
2604,deferred,F,58,pre97,Pre-1997,1713.6495307051553
2604,deferred,F,58,9705,1997-2005,1285.2371480288664
2604,deferred,F,58,post05,Post-2005,1285.2371480288664
2605,deferred,F,50,pre97,Pre-1997,1067.6518159647883
2605,deferred,F,50,9705,1997-2005,800.738861973591
2605,deferred,F,50,post05,Post-2005,800.738861973591
2606,deferred,M,53,pre97,Pre-1997,304.3390464117112
2606,deferred,M,53,9705,1997-2005,228.2542848087834
2606,deferred,M,53,post05,Post-2005,228.2542848087834
2607,deferred,M,57,pre97,Pre-1997,4397.3671481062
2607,deferred,M,57,9705,1997-2005,3298.0253610796494
2607,deferred,M,57,post05,Post-2005,3298.0253610796494
2608,deferred,M,53,pre97,Pre-1997,967.482364948714
2608,deferred,M,53,9705,1997-2005,725.6117737115354
2608,deferred,M,53,post05,Post-2005,725.6117737115354
2609,deferred,M,51,pre97,Pre-1997,1236.2242793884602
2609,deferred,M,51,9705,1997-2005,927.168209541345
2609,deferred,M,51,post05,Post-2005,927.168209541345
2610,deferred,M,51,pre97,Pre-1997,5445.015119326214
2610,deferred,M,51,9705,1997-2005,4083.76133949466
2610,deferred,M,51,post05,Post-2005,4083.76133949466
2611,deferred,F,54,pre97,Pre-1997,9439.946653804727
2611,deferred,F,54,9705,1997-2005,7079.959990353545
2611,deferred,F,54,post05,Post-2005,7079.959990353545
2612,deferred,F,58,pre97,Pre-1997,1297.0017132770788
2612,deferred,F,58,9705,1997-2005,972.7512849578089
2612,deferred,F,58,post05,Post-2005,972.7512849578089
2613,deferred,F,57,pre97,Pre-1997,2651.5856341992544
2613,deferred,F,57,9705,1997-2005,1988.6892256494405
2613,deferred,F,57,post05,Post-2005,1988.6892256494405
2614,deferred,F,54,pre97,Pre-1997,625.6974994209219
2614,deferred,F,54,9705,1997-2005,469.2731245656914
2614,deferred,F,54,post05,Post-2005,469.2731245656914
2615,deferred,M,54,pre97,Pre-1997,2550.7881640791293
2615,deferred,M,54,9705,1997-2005,1913.091123059347
2615,deferred,M,54,post05,Post-2005,1913.091123059347
2616,deferred,F,48,pre97,Pre-1997,1693.3267799348262
2616,deferred,F,48,9705,1997-2005,1269.9950849511195
2616,deferred,F,48,post05,Post-2005,1269.9950849511195
2617,deferred,M,46,pre97,Pre-1997,1492.6209113925179
2617,deferred,M,46,9705,1997-2005,1119.4656835443884
2617,deferred,M,46,post05,Post-2005,1119.4656835443884
2618,deferred,M,51,pre97,Pre-1997,434.25451304047886
2618,deferred,M,51,9705,1997-2005,325.6908847803591
2618,deferred,M,51,post05,Post-2005,325.6908847803591
2619,deferred,F,49,pre97,Pre-1997,1188.0652779300397
2619,deferred,F,49,9705,1997-2005,891.0489584475296
2619,deferred,F,49,post05,Post-2005,891.0489584475296
2620,deferred,M,60,pre97,Pre-1997,1043.2346012424025
2620,deferred,M,60,9705,1997-2005,782.4259509318018
2620,deferred,M,60,post05,Post-2005,782.4259509318018
2621,deferred,M,55,pre97,Pre-1997,2777.000142167437
2621,deferred,M,55,9705,1997-2005,2082.7501066255772
2621,deferred,M,55,post05,Post-2005,2082.7501066255772
2622,deferred,M,49,pre97,Pre-1997,200.67439830195414
2622,deferred,M,49,9705,1997-2005,150.5057987264656
2622,deferred,M,49,post05,Post-2005,150.5057987264656
2623,deferred,F,54,pre97,Pre-1997,1929.9279823984573
2623,deferred,F,54,9705,1997-2005,1447.4459867988428
2623,deferred,F,54,post05,Post-2005,1447.4459867988428
2624,deferred,M,57,pre97,Pre-1997,1142.310208331652
2624,deferred,M,57,9705,1997-2005,856.7326562487389
2624,deferred,M,57,post05,Post-2005,856.7326562487389
2625,deferred,M,51,pre97,Pre-1997,4408.329264651812
2625,deferred,M,51,9705,1997-2005,3306.2469484888584
2625,deferred,M,51,post05,Post-2005,3306.2469484888584
2626,deferred,F,58,pre97,Pre-1997,915.0918391396563
2626,deferred,F,58,9705,1997-2005,686.3188793547422
2626,deferred,F,58,post05,Post-2005,686.3188793547422
2627,deferred,M,46,pre97,Pre-1997,4403.696467676199
2627,deferred,M,46,9705,1997-2005,3302.7723507571486
2627,deferred,M,46,post05,Post-2005,3302.7723507571486
2628,deferred,F,56,pre97,Pre-1997,1601.5041567491246
2628,deferred,F,56,9705,1997-2005,1201.1281175618433
2628,deferred,F,56,post05,Post-2005,1201.1281175618433
2629,deferred,M,57,pre97,Pre-1997,2630.1824416485256
2629,deferred,M,57,9705,1997-2005,1972.636831236394
2629,deferred,M,57,post05,Post-2005,1972.636831236394
2630,deferred,F,57,pre97,Pre-1997,1440.2283779936624
2630,deferred,F,57,9705,1997-2005,1080.1712834952466
2630,deferred,F,57,post05,Post-2005,1080.1712834952466
2631,deferred,M,47,pre97,Pre-1997,2639.267865529013
2631,deferred,M,47,9705,1997-2005,1979.4508991467596
2631,deferred,M,47,post05,Post-2005,1979.4508991467596
2632,deferred,M,51,pre97,Pre-1997,4728.904133134601
2632,deferred,M,51,9705,1997-2005,3546.6780998509507
2632,deferred,M,51,post05,Post-2005,3546.6780998509507
2633,deferred,M,49,pre97,Pre-1997,1553.948812512019
2633,deferred,M,49,9705,1997-2005,1165.461609384014
2633,deferred,M,49,post05,Post-2005,1165.461609384014
2634,deferred,M,50,pre97,Pre-1997,342.1783108461448
2634,deferred,M,50,9705,1997-2005,256.6337331346086
2634,deferred,M,50,post05,Post-2005,256.6337331346086
2635,deferred,M,58,pre97,Pre-1997,446.16927378435344
2635,deferred,M,58,9705,1997-2005,334.626955338265
2635,deferred,M,58,post05,Post-2005,334.626955338265
2636,deferred,M,53,pre97,Pre-1997,3041.0221835741704
2636,deferred,M,53,9705,1997-2005,2280.766637680628
2636,deferred,M,53,post05,Post-2005,2280.766637680628
2637,deferred,F,60,pre97,Pre-1997,3017.683642675295
2637,deferred,F,60,9705,1997-2005,2263.2627320064707
2637,deferred,F,60,post05,Post-2005,2263.2627320064707
2638,deferred,M,59,pre97,Pre-1997,403.0449992800662
2638,deferred,M,59,9705,1997-2005,302.2837494600496
2638,deferred,M,59,post05,Post-2005,302.2837494600496
2639,deferred,M,53,pre97,Pre-1997,2117.59369476619
2639,deferred,M,53,9705,1997-2005,1588.1952710746425
2639,deferred,M,53,post05,Post-2005,1588.1952710746425
2640,deferred,M,58,pre97,Pre-1997,1990.9853404187215
2640,deferred,M,58,9705,1997-2005,1493.2390053140412
2640,deferred,M,58,post05,Post-2005,1493.2390053140412
2641,deferred,M,48,pre97,Pre-1997,3303.089713302527
2641,deferred,M,48,9705,1997-2005,2477.317284976895
2641,deferred,M,48,post05,Post-2005,2477.317284976895
2642,deferred,M,56,pre97,Pre-1997,1019.078517564683
2642,deferred,M,56,9705,1997-2005,764.3088881735122
2642,deferred,M,56,post05,Post-2005,764.3088881735122
2643,deferred,F,58,pre97,Pre-1997,1352.1995777416505
2643,deferred,F,58,9705,1997-2005,1014.1496833062379
2643,deferred,F,58,post05,Post-2005,1014.1496833062379
2644,deferred,M,57,pre97,Pre-1997,1312.9063915294228
2644,deferred,M,57,9705,1997-2005,984.6797936470668
2644,deferred,M,57,post05,Post-2005,984.6797936470668
2645,deferred,F,63,pre97,Pre-1997,507.4940249011027
2645,deferred,F,63,9705,1997-2005,380.620518675827
2645,deferred,F,63,post05,Post-2005,380.620518675827
2646,deferred,M,57,pre97,Pre-1997,2402.326378498704
2646,deferred,M,57,9705,1997-2005,1801.7447838740277
2646,deferred,M,57,post05,Post-2005,1801.7447838740277
2647,deferred,M,52,pre97,Pre-1997,1152.4181080167025
2647,deferred,M,52,9705,1997-2005,864.3135810125267
2647,deferred,M,52,post05,Post-2005,864.3135810125267
2648,deferred,F,53,pre97,Pre-1997,360.00304041371254
2648,deferred,F,53,9705,1997-2005,270.0022803102844
2648,deferred,F,53,post05,Post-2005,270.0022803102844
2649,deferred,F,54,pre97,Pre-1997,7349.761747263275
2649,deferred,F,54,9705,1997-2005,5512.321310447455
2649,deferred,F,54,post05,Post-2005,5512.321310447455
2650,deferred,F,53,pre97,Pre-1997,1207.2749473146366
2650,deferred,F,53,9705,1997-2005,905.4562104859775
2650,deferred,F,53,post05,Post-2005,905.4562104859775
2651,deferred,F,56,pre97,Pre-1997,820.3317066047962
2651,deferred,F,56,9705,1997-2005,615.248779953597
2651,deferred,F,56,post05,Post-2005,615.248779953597
2652,deferred,M,54,pre97,Pre-1997,1314.4603940495076
2652,deferred,M,54,9705,1997-2005,985.8452955371306
2652,deferred,M,54,post05,Post-2005,985.8452955371306
2653,deferred,F,46,pre97,Pre-1997,3752.652766735357
2653,deferred,F,46,9705,1997-2005,2814.4895750515175
2653,deferred,F,46,post05,Post-2005,2814.4895750515175
2654,deferred,M,50,pre97,Pre-1997,1678.7855149304178
2654,deferred,M,50,9705,1997-2005,1259.0891361978133
2654,deferred,M,50,post05,Post-2005,1259.0891361978133
2655,deferred,F,46,pre97,Pre-1997,1319.406359350801
2655,deferred,F,46,9705,1997-2005,989.5547695131007
2655,deferred,F,46,post05,Post-2005,989.5547695131007
2656,deferred,M,56,pre97,Pre-1997,3548.3655930742825
2656,deferred,M,56,9705,1997-2005,2661.274194805712
2656,deferred,M,56,post05,Post-2005,2661.274194805712
2657,deferred,F,49,pre97,Pre-1997,1816.8252048727982
2657,deferred,F,49,9705,1997-2005,1362.6189036545984
2657,deferred,F,49,post05,Post-2005,1362.6189036545984
2658,deferred,F,53,pre97,Pre-1997,2295.64048209682
2658,deferred,F,53,9705,1997-2005,1721.730361572615
2658,deferred,F,53,post05,Post-2005,1721.730361572615
2659,deferred,M,54,pre97,Pre-1997,1698.4313406367337
2659,deferred,M,54,9705,1997-2005,1273.82350547755
2659,deferred,M,54,post05,Post-2005,1273.82350547755
2660,deferred,F,48,pre97,Pre-1997,1042.9034537886153
2660,deferred,F,48,9705,1997-2005,782.1775903414613
2660,deferred,F,48,post05,Post-2005,782.1775903414613
2661,deferred,F,46,pre97,Pre-1997,3886.7288972936317
2661,deferred,F,46,9705,1997-2005,2915.0466729702234
2661,deferred,F,46,post05,Post-2005,2915.0466729702234
2662,deferred,F,49,pre97,Pre-1997,8392.488403115129
2662,deferred,F,49,9705,1997-2005,6294.366302336347
2662,deferred,F,49,post05,Post-2005,6294.366302336347
2663,deferred,M,56,pre97,Pre-1997,3229.675294707682
2663,deferred,M,56,9705,1997-2005,2422.2564710307615
2663,deferred,M,56,post05,Post-2005,2422.2564710307615
2664,deferred,F,48,pre97,Pre-1997,2953.6464745404082
2664,deferred,F,48,9705,1997-2005,2215.234855905306
2664,deferred,F,48,post05,Post-2005,2215.234855905306
2665,deferred,F,63,pre97,Pre-1997,976.4870986440061
2665,deferred,F,63,9705,1997-2005,732.3653239830045
2665,deferred,F,63,post05,Post-2005,732.3653239830045
2666,deferred,F,58,pre97,Pre-1997,2004.3270743356823
2666,deferred,F,58,9705,1997-2005,1503.2453057517616
2666,deferred,F,58,post05,Post-2005,1503.2453057517616
2667,deferred,F,64,pre97,Pre-1997,868.1149543014352
2667,deferred,F,64,9705,1997-2005,651.0862157260764
2667,deferred,F,64,post05,Post-2005,651.0862157260764
2668,deferred,M,43,pre97,Pre-1997,972.2111927761006
2668,deferred,M,43,9705,1997-2005,729.1583945820754
2668,deferred,M,43,post05,Post-2005,729.1583945820754
2669,deferred,F,56,pre97,Pre-1997,2414.7024928331557
2669,deferred,F,56,9705,1997-2005,1811.0268696248668
2669,deferred,F,56,post05,Post-2005,1811.0268696248668
2670,deferred,F,54,pre97,Pre-1997,2066.8917588759714
2670,deferred,F,54,9705,1997-2005,1550.1688191569783
2670,deferred,F,54,post05,Post-2005,1550.1688191569783
2671,deferred,F,49,pre97,Pre-1997,1833.430444135096
2671,deferred,F,49,9705,1997-2005,1375.072833101322
2671,deferred,F,49,post05,Post-2005,1375.072833101322
2672,deferred,M,53,pre97,Pre-1997,2734.59703596868
2672,deferred,M,53,9705,1997-2005,2050.94777697651
2672,deferred,M,53,post05,Post-2005,2050.94777697651
2673,deferred,M,57,pre97,Pre-1997,2392.0845769950365
2673,deferred,M,57,9705,1997-2005,1794.0634327462772
2673,deferred,M,57,post05,Post-2005,1794.0634327462772
2674,deferred,F,59,pre97,Pre-1997,668.4457737524226
2674,deferred,F,59,9705,1997-2005,501.33433031431696
2674,deferred,F,59,post05,Post-2005,501.33433031431696
2675,deferred,M,51,pre97,Pre-1997,505.0535301900866
2675,deferred,M,51,9705,1997-2005,378.7901476425649
2675,deferred,M,51,post05,Post-2005,378.7901476425649
2676,deferred,F,53,pre97,Pre-1997,566.3780392178181
2676,deferred,F,53,9705,1997-2005,424.7835294133635
2676,deferred,F,53,post05,Post-2005,424.7835294133635
2677,deferred,M,56,pre97,Pre-1997,3341.1057058418614
2677,deferred,M,56,9705,1997-2005,2505.8292793813957
2677,deferred,M,56,post05,Post-2005,2505.8292793813957
2678,deferred,F,51,pre97,Pre-1997,638.2982147508402
2678,deferred,F,51,9705,1997-2005,478.7236610631301
2678,deferred,F,51,post05,Post-2005,478.7236610631301
2679,deferred,M,54,pre97,Pre-1997,1425.506151470875
2679,deferred,M,54,9705,1997-2005,1069.1296136031563
2679,deferred,M,54,post05,Post-2005,1069.1296136031563
2680,deferred,F,56,pre97,Pre-1997,1684.9377422257746
2680,deferred,F,56,9705,1997-2005,1263.703306669331
2680,deferred,F,56,post05,Post-2005,1263.703306669331
2681,deferred,M,45,pre97,Pre-1997,1761.0337173885873
2681,deferred,M,45,9705,1997-2005,1320.7752880414405
2681,deferred,M,45,post05,Post-2005,1320.7752880414405
2682,deferred,F,49,pre97,Pre-1997,1503.4721744836033
2682,deferred,F,49,9705,1997-2005,1127.6041308627025
2682,deferred,F,49,post05,Post-2005,1127.6041308627025
2683,deferred,M,46,pre97,Pre-1997,6958.641370735342
2683,deferred,M,46,9705,1997-2005,5218.981028051507
2683,deferred,M,46,post05,Post-2005,5218.981028051507
2684,deferred,M,63,pre97,Pre-1997,1397.7270065593575
2684,deferred,M,63,9705,1997-2005,1048.2952549195181
2684,deferred,M,63,post05,Post-2005,1048.2952549195181
2685,deferred,M,53,pre97,Pre-1997,3894.5020891076806
2685,deferred,M,53,9705,1997-2005,2920.87656683076
2685,deferred,M,53,post05,Post-2005,2920.87656683076
2686,deferred,F,49,pre97,Pre-1997,779.5220039603433
2686,deferred,F,49,9705,1997-2005,584.6415029702574
2686,deferred,F,49,post05,Post-2005,584.6415029702574
2687,deferred,M,57,pre97,Pre-1997,945.3356065390016
2687,deferred,M,57,9705,1997-2005,709.0017049042511
2687,deferred,M,57,post05,Post-2005,709.0017049042511
2688,deferred,M,49,pre97,Pre-1997,2288.6522618130907
2688,deferred,M,49,9705,1997-2005,1716.4891963598177
2688,deferred,M,49,post05,Post-2005,1716.4891963598177
2689,deferred,M,59,pre97,Pre-1997,4023.286715064649
2689,deferred,M,59,9705,1997-2005,3017.4650362984867
2689,deferred,M,59,post05,Post-2005,3017.4650362984867
2690,deferred,M,53,pre97,Pre-1997,1315.752810360401
2690,deferred,M,53,9705,1997-2005,986.8146077703008
2690,deferred,M,53,post05,Post-2005,986.8146077703008
2691,deferred,F,59,pre97,Pre-1997,2596.2082406715717
2691,deferred,F,59,9705,1997-2005,1947.1561805036786
2691,deferred,F,59,post05,Post-2005,1947.1561805036786
2692,deferred,M,53,pre97,Pre-1997,2995.442947909117
2692,deferred,M,53,9705,1997-2005,2246.5822109318374
2692,deferred,M,53,post05,Post-2005,2246.5822109318374
2693,deferred,F,55,pre97,Pre-1997,2606.4859135910156
2693,deferred,F,55,9705,1997-2005,1954.8644351932617
2693,deferred,F,55,post05,Post-2005,1954.8644351932617
2694,deferred,F,61,pre97,Pre-1997,8263.90366622435
2694,deferred,F,61,9705,1997-2005,6197.927749668262
2694,deferred,F,61,post05,Post-2005,6197.927749668262
2695,deferred,M,40,pre97,Pre-1997,4228.577851715121
2695,deferred,M,40,9705,1997-2005,3171.4333887863404
2695,deferred,M,40,post05,Post-2005,3171.4333887863404
2696,deferred,F,51,pre97,Pre-1997,539.6071449795529
2696,deferred,F,51,9705,1997-2005,404.7053587346646
2696,deferred,F,51,post05,Post-2005,404.7053587346646
2697,deferred,M,63,pre97,Pre-1997,3415.465507774549
2697,deferred,M,63,9705,1997-2005,2561.5991308309117
2697,deferred,M,63,post05,Post-2005,2561.5991308309117
2698,deferred,F,53,pre97,Pre-1997,1437.6885383401875
2698,deferred,F,53,9705,1997-2005,1078.2664037551406
2698,deferred,F,53,post05,Post-2005,1078.2664037551406
2699,deferred,M,62,pre97,Pre-1997,347.0135587696281
2699,deferred,M,62,9705,1997-2005,260.26016907722106
2699,deferred,M,62,post05,Post-2005,260.26016907722106
2700,deferred,F,55,pre97,Pre-1997,1734.1697605514962
2700,deferred,F,55,9705,1997-2005,1300.627320413622
2700,deferred,F,55,post05,Post-2005,1300.627320413622
2701,deferred,M,61,pre97,Pre-1997,4967.476061906913
2701,deferred,M,61,9705,1997-2005,3725.6070464301847
2701,deferred,M,61,post05,Post-2005,3725.6070464301847
2702,deferred,F,53,pre97,Pre-1997,3680.613474416714
2702,deferred,F,53,9705,1997-2005,2760.4601058125354
2702,deferred,F,53,post05,Post-2005,2760.4601058125354
2703,deferred,F,51,pre97,Pre-1997,1317.822233269825
2703,deferred,F,51,9705,1997-2005,988.3666749523685
2703,deferred,F,51,post05,Post-2005,988.3666749523685
2704,deferred,F,62,pre97,Pre-1997,1438.7215081471877
2704,deferred,F,62,9705,1997-2005,1079.0411311103908
2704,deferred,F,62,post05,Post-2005,1079.0411311103908
2705,deferred,F,53,pre97,Pre-1997,9756.701729610686
2705,deferred,F,53,9705,1997-2005,7317.5262972080145
2705,deferred,F,53,post05,Post-2005,7317.5262972080145
2706,deferred,F,62,pre97,Pre-1997,3988.2786927528914
2706,deferred,F,62,9705,1997-2005,2991.2090195646683
2706,deferred,F,62,post05,Post-2005,2991.2090195646683
2707,deferred,M,53,pre97,Pre-1997,1687.9809481447069
2707,deferred,M,53,9705,1997-2005,1265.98571110853
2707,deferred,M,53,post05,Post-2005,1265.98571110853
2708,deferred,F,61,pre97,Pre-1997,606.0940371532502
2708,deferred,F,61,9705,1997-2005,454.5705278649376
2708,deferred,F,61,post05,Post-2005,454.5705278649376
2709,deferred,M,52,pre97,Pre-1997,798.39229356253
2709,deferred,M,52,9705,1997-2005,598.7942201718975
2709,deferred,M,52,post05,Post-2005,598.7942201718975
2710,deferred,F,56,pre97,Pre-1997,1924.7132811608908
2710,deferred,F,56,9705,1997-2005,1443.5349608706679
2710,deferred,F,56,post05,Post-2005,1443.5349608706679
2711,deferred,F,53,pre97,Pre-1997,2070.8671372265976
2711,deferred,F,53,9705,1997-2005,1553.1503529199479
2711,deferred,F,53,post05,Post-2005,1553.1503529199479
2712,deferred,M,60,pre97,Pre-1997,1198.773581105007
2712,deferred,M,60,9705,1997-2005,899.0801858287552
2712,deferred,M,60,post05,Post-2005,899.0801858287552
2713,deferred,M,56,pre97,Pre-1997,3468.089981636093
2713,deferred,M,56,9705,1997-2005,2601.0674862270694
2713,deferred,M,56,post05,Post-2005,2601.0674862270694
2714,deferred,M,59,pre97,Pre-1997,4130.4844896698605
2714,deferred,M,59,9705,1997-2005,3097.863367252395
2714,deferred,M,59,post05,Post-2005,3097.863367252395
2715,deferred,F,54,pre97,Pre-1997,381.9893528354376
2715,deferred,F,54,9705,1997-2005,286.49201462657817
2715,deferred,F,54,post05,Post-2005,286.49201462657817
2716,deferred,M,53,pre97,Pre-1997,1095.4882294086399
2716,deferred,M,53,9705,1997-2005,821.6161720564797
2716,deferred,M,53,post05,Post-2005,821.6161720564797
2717,deferred,M,58,pre97,Pre-1997,2324.3699144633642
2717,deferred,M,58,9705,1997-2005,1743.2774358475233
2717,deferred,M,58,post05,Post-2005,1743.2774358475233
2718,deferred,M,56,pre97,Pre-1997,8884.63324799915
2718,deferred,M,56,9705,1997-2005,6663.474935999362
2718,deferred,M,56,post05,Post-2005,6663.474935999362
2719,deferred,F,59,pre97,Pre-1997,1727.6892177725576
2719,deferred,F,59,9705,1997-2005,1295.766913329418
2719,deferred,F,59,post05,Post-2005,1295.766913329418
2720,deferred,M,59,pre97,Pre-1997,3111.5958099485765
2720,deferred,M,59,9705,1997-2005,2333.696857461432
2720,deferred,M,59,post05,Post-2005,2333.696857461432
2721,deferred,M,54,pre97,Pre-1997,2334.490575122826
2721,deferred,M,54,9705,1997-2005,1750.8679313421194
2721,deferred,M,54,post05,Post-2005,1750.8679313421194
2722,deferred,F,57,pre97,Pre-1997,2810.3439296051656
2722,deferred,F,57,9705,1997-2005,2107.7579472038738
2722,deferred,F,57,post05,Post-2005,2107.7579472038738
2723,deferred,M,54,pre97,Pre-1997,8533.249328403957
2723,deferred,M,54,9705,1997-2005,6399.9369963029685
2723,deferred,M,54,post05,Post-2005,6399.9369963029685
2724,deferred,M,63,pre97,Pre-1997,445.52285680048755
2724,deferred,M,63,9705,1997-2005,334.1421426003656
2724,deferred,M,63,post05,Post-2005,334.1421426003656
2725,deferred,F,49,pre97,Pre-1997,2531.6930377421086
2725,deferred,F,49,9705,1997-2005,1898.769778306581
2725,deferred,F,49,post05,Post-2005,1898.769778306581
2726,deferred,M,63,pre97,Pre-1997,2072.546670956504
2726,deferred,M,63,9705,1997-2005,1554.410003217378
2726,deferred,M,63,post05,Post-2005,1554.410003217378
2727,deferred,F,58,pre97,Pre-1997,3110.198406502064
2727,deferred,F,58,9705,1997-2005,2332.6488048765477
2727,deferred,F,58,post05,Post-2005,2332.6488048765477
2728,deferred,M,61,pre97,Pre-1997,993.4240276298437
2728,deferred,M,61,9705,1997-2005,745.0680207223827
2728,deferred,M,61,post05,Post-2005,745.0680207223827
2729,deferred,M,54,pre97,Pre-1997,5616.89115091986
2729,deferred,M,54,9705,1997-2005,4212.668363189894
2729,deferred,M,54,post05,Post-2005,4212.668363189894
2730,deferred,F,58,pre97,Pre-1997,2203.1071671322115
2730,deferred,F,58,9705,1997-2005,1652.3303753491587
2730,deferred,F,58,post05,Post-2005,1652.3303753491587
2731,deferred,M,45,pre97,Pre-1997,1383.324538875678
2731,deferred,M,45,9705,1997-2005,1037.4934041567583
2731,deferred,M,45,post05,Post-2005,1037.4934041567583
2732,deferred,M,52,pre97,Pre-1997,1999.1563849397376
2732,deferred,M,52,9705,1997-2005,1499.367288704803
2732,deferred,M,52,post05,Post-2005,1499.367288704803
2733,deferred,F,61,pre97,Pre-1997,2730.4072974306982
2733,deferred,F,61,9705,1997-2005,2047.8054730730232
2733,deferred,F,61,post05,Post-2005,2047.8054730730232
2734,deferred,M,63,pre97,Pre-1997,5505.358354908371
2734,deferred,M,63,9705,1997-2005,4129.018766181278
2734,deferred,M,63,post05,Post-2005,4129.018766181278
2735,deferred,F,55,pre97,Pre-1997,1881.875957341916
2735,deferred,F,55,9705,1997-2005,1411.406968006437
2735,deferred,F,55,post05,Post-2005,1411.406968006437
2736,deferred,M,41,pre97,Pre-1997,8725.800834505888
2736,deferred,M,41,9705,1997-2005,6544.350625879415
2736,deferred,M,41,post05,Post-2005,6544.350625879415
2737,deferred,F,55,pre97,Pre-1997,1817.260714800601
2737,deferred,F,55,9705,1997-2005,1362.9455361004507
2737,deferred,F,55,post05,Post-2005,1362.9455361004507
2738,deferred,M,43,pre97,Pre-1997,3371.72988342128
2738,deferred,M,43,9705,1997-2005,2528.79741256596
2738,deferred,M,43,post05,Post-2005,2528.79741256596
2739,deferred,F,56,pre97,Pre-1997,1074.0263485049143
2739,deferred,F,56,9705,1997-2005,805.5197613786858
2739,deferred,F,56,post05,Post-2005,805.5197613786858
2740,deferred,F,54,pre97,Pre-1997,6232.206784073666
2740,deferred,F,54,9705,1997-2005,4674.1550880552495
2740,deferred,F,54,post05,Post-2005,4674.1550880552495
2741,deferred,M,55,pre97,Pre-1997,1585.4145306750197
2741,deferred,M,55,9705,1997-2005,1189.0608980062648
2741,deferred,M,55,post05,Post-2005,1189.0608980062648
2742,deferred,F,58,pre97,Pre-1997,11421.80209486228
2742,deferred,F,58,9705,1997-2005,8566.351571146708
2742,deferred,F,58,post05,Post-2005,8566.351571146708
2743,deferred,F,45,pre97,Pre-1997,1696.2721017390884
2743,deferred,F,45,9705,1997-2005,1272.2040763043162
2743,deferred,F,45,post05,Post-2005,1272.2040763043162
2744,deferred,M,53,pre97,Pre-1997,827.6359480070478
2744,deferred,M,53,9705,1997-2005,620.7269610052858
2744,deferred,M,53,post05,Post-2005,620.7269610052858
2745,deferred,F,43,pre97,Pre-1997,1103.5745239361627
2745,deferred,F,43,9705,1997-2005,827.6808929521219
2745,deferred,F,43,post05,Post-2005,827.6808929521219
2746,deferred,M,53,pre97,Pre-1997,1692.7408346302782
2746,deferred,M,53,9705,1997-2005,1269.5556259727086
2746,deferred,M,53,post05,Post-2005,1269.5556259727086
2747,deferred,M,62,pre97,Pre-1997,1136.7626451126848
2747,deferred,M,62,9705,1997-2005,852.5719838345135
2747,deferred,M,62,post05,Post-2005,852.5719838345135
2748,deferred,M,53,pre97,Pre-1997,705.3263507526453
2748,deferred,M,53,9705,1997-2005,528.9947630644839
2748,deferred,M,53,post05,Post-2005,528.9947630644839
2749,deferred,M,49,pre97,Pre-1997,2236.917559017756
2749,deferred,M,49,9705,1997-2005,1677.6881692633167
2749,deferred,M,49,post05,Post-2005,1677.6881692633167
2750,deferred,M,55,pre97,Pre-1997,924.1840909547797
2750,deferred,M,55,9705,1997-2005,693.1380682160847
2750,deferred,M,55,post05,Post-2005,693.1380682160847
2751,deferred,F,52,pre97,Pre-1997,2533.037136704839
2751,deferred,F,52,9705,1997-2005,1899.7778525286294
2751,deferred,F,52,post05,Post-2005,1899.7778525286294
2752,deferred,F,61,pre97,Pre-1997,1676.9102179228762
2752,deferred,F,61,9705,1997-2005,1257.682663442157
2752,deferred,F,61,post05,Post-2005,1257.682663442157
2753,deferred,F,49,pre97,Pre-1997,2029.2550320186224
2753,deferred,F,49,9705,1997-2005,1521.9412740139667
2753,deferred,F,49,post05,Post-2005,1521.9412740139667
2754,deferred,M,51,pre97,Pre-1997,3167.6861005598694
2754,deferred,M,51,9705,1997-2005,2375.7645754199016
2754,deferred,M,51,post05,Post-2005,2375.7645754199016
2755,deferred,F,50,pre97,Pre-1997,2531.165985243817
2755,deferred,F,50,9705,1997-2005,1898.3744889328623
2755,deferred,F,50,post05,Post-2005,1898.3744889328623
2756,deferred,F,54,pre97,Pre-1997,2974.183873231399
2756,deferred,F,54,9705,1997-2005,2230.637904923549
2756,deferred,F,54,post05,Post-2005,2230.637904923549
2757,deferred,M,49,pre97,Pre-1997,4030.9028717655597
2757,deferred,M,49,9705,1997-2005,3023.1771538241696
2757,deferred,M,49,post05,Post-2005,3023.1771538241696
2758,deferred,M,58,pre97,Pre-1997,2134.0713721465004
2758,deferred,M,58,9705,1997-2005,1600.5535291098752
2758,deferred,M,58,post05,Post-2005,1600.5535291098752
2759,deferred,F,56,pre97,Pre-1997,1380.4023250583555
2759,deferred,F,56,9705,1997-2005,1035.3017437937665
2759,deferred,F,56,post05,Post-2005,1035.3017437937665
2760,deferred,F,47,pre97,Pre-1997,2133.6546346116916
2760,deferred,F,47,9705,1997-2005,1600.2409759587688
2760,deferred,F,47,post05,Post-2005,1600.2409759587688
2761,deferred,F,50,pre97,Pre-1997,3204.6818426028367
2761,deferred,F,50,9705,1997-2005,2403.5113819521275
2761,deferred,F,50,post05,Post-2005,2403.5113819521275
2762,deferred,M,62,pre97,Pre-1997,1120.227992918408
2762,deferred,M,62,9705,1997-2005,840.170994688806
2762,deferred,M,62,post05,Post-2005,840.170994688806
2763,deferred,M,51,pre97,Pre-1997,4885.1111381915225
2763,deferred,M,51,9705,1997-2005,3663.8333536436417
2763,deferred,M,51,post05,Post-2005,3663.8333536436417
2764,deferred,M,55,pre97,Pre-1997,2172.127043947572
2764,deferred,M,55,9705,1997-2005,1629.095282960679
2764,deferred,M,55,post05,Post-2005,1629.095282960679
2765,deferred,F,43,pre97,Pre-1997,864.9280757421944
2765,deferred,F,43,9705,1997-2005,648.6960568066457
2765,deferred,F,43,post05,Post-2005,648.6960568066457
2766,deferred,F,56,pre97,Pre-1997,927.2157788234636
2766,deferred,F,56,9705,1997-2005,695.4118341175977
2766,deferred,F,56,post05,Post-2005,695.4118341175977
2767,deferred,F,54,pre97,Pre-1997,1274.8031083961373
2767,deferred,F,54,9705,1997-2005,956.1023312971029
2767,deferred,F,54,post05,Post-2005,956.1023312971029
2768,deferred,M,53,pre97,Pre-1997,1337.7561908571136
2768,deferred,M,53,9705,1997-2005,1003.3171431428351
2768,deferred,M,53,post05,Post-2005,1003.3171431428351
2769,deferred,M,43,pre97,Pre-1997,719.5286131281377
2769,deferred,M,43,9705,1997-2005,539.6464598461033
2769,deferred,M,43,post05,Post-2005,539.6464598461033
2770,deferred,M,48,pre97,Pre-1997,885.0657796837321
2770,deferred,M,48,9705,1997-2005,663.799334762799
2770,deferred,M,48,post05,Post-2005,663.799334762799
2771,deferred,F,51,pre97,Pre-1997,1638.1387859460692
2771,deferred,F,51,9705,1997-2005,1228.6040894595517
2771,deferred,F,51,post05,Post-2005,1228.6040894595517
2772,deferred,M,50,pre97,Pre-1997,853.9085948682098
2772,deferred,M,50,9705,1997-2005,640.4314461511573
2772,deferred,M,50,post05,Post-2005,640.4314461511573
2773,deferred,M,49,pre97,Pre-1997,3153.6133064490746
2773,deferred,M,49,9705,1997-2005,2365.209979836806
2773,deferred,M,49,post05,Post-2005,2365.209979836806
2774,deferred,M,49,pre97,Pre-1997,973.3488645178054
2774,deferred,M,49,9705,1997-2005,730.0116483883539
2774,deferred,M,49,post05,Post-2005,730.0116483883539
2775,deferred,M,49,pre97,Pre-1997,3979.9131889936107
2775,deferred,M,49,9705,1997-2005,2984.934891745208
2775,deferred,M,49,post05,Post-2005,2984.934891745208
2776,deferred,M,49,pre97,Pre-1997,2593.7401998858395
2776,deferred,M,49,9705,1997-2005,1945.3051499143794
2776,deferred,M,49,post05,Post-2005,1945.3051499143794
2777,deferred,M,58,pre97,Pre-1997,447.4943620646792
2777,deferred,M,58,9705,1997-2005,335.62077154850937
2777,deferred,M,58,post05,Post-2005,335.62077154850937
2778,deferred,M,63,pre97,Pre-1997,761.5318363642732
2778,deferred,M,63,9705,1997-2005,571.1488772732048
2778,deferred,M,63,post05,Post-2005,571.1488772732048
2779,deferred,F,56,pre97,Pre-1997,9672.291798241347
2779,deferred,F,56,9705,1997-2005,7254.218848681011
2779,deferred,F,56,post05,Post-2005,7254.218848681011
2780,deferred,F,57,pre97,Pre-1997,2168.7610405595374
2780,deferred,F,57,9705,1997-2005,1626.570780419653
2780,deferred,F,57,post05,Post-2005,1626.570780419653
2781,deferred,M,57,pre97,Pre-1997,1117.8769732893593
2781,deferred,M,57,9705,1997-2005,838.4077299670193
2781,deferred,M,57,post05,Post-2005,838.4077299670193
2782,deferred,F,52,pre97,Pre-1997,808.1412653086336
2782,deferred,F,52,9705,1997-2005,606.1059489814752
2782,deferred,F,52,post05,Post-2005,606.1059489814752
2783,deferred,F,57,pre97,Pre-1997,2608.856346451843
2783,deferred,F,57,9705,1997-2005,1956.6422598388817
2783,deferred,F,57,post05,Post-2005,1956.6422598388817
2784,deferred,M,63,pre97,Pre-1997,1656.9558143106938
2784,deferred,M,63,9705,1997-2005,1242.7168607330202
2784,deferred,M,63,post05,Post-2005,1242.7168607330202
2785,deferred,F,52,pre97,Pre-1997,1490.5963456507793
2785,deferred,F,52,9705,1997-2005,1117.9472592380844
2785,deferred,F,52,post05,Post-2005,1117.9472592380844
2786,deferred,F,47,pre97,Pre-1997,3989.2003579472275
2786,deferred,F,47,9705,1997-2005,2991.90026846042
2786,deferred,F,47,post05,Post-2005,2991.90026846042
2787,deferred,F,42,pre97,Pre-1997,990.2020319814916
2787,deferred,F,42,9705,1997-2005,742.6515239861186
2787,deferred,F,42,post05,Post-2005,742.6515239861186
2788,deferred,M,53,pre97,Pre-1997,9340.388725544613
2788,deferred,M,53,9705,1997-2005,7005.291544158459
2788,deferred,M,53,post05,Post-2005,7005.291544158459
2789,deferred,F,50,pre97,Pre-1997,625.2125099698751
2789,deferred,F,50,9705,1997-2005,468.9093824774063
2789,deferred,F,50,post05,Post-2005,468.9093824774063
2790,deferred,M,48,pre97,Pre-1997,4075.0388874428354
2790,deferred,M,48,9705,1997-2005,3056.2791655821266
2790,deferred,M,48,post05,Post-2005,3056.2791655821266
2791,deferred,F,55,pre97,Pre-1997,8136.392651207056
2791,deferred,F,55,9705,1997-2005,6102.294488405291
2791,deferred,F,55,post05,Post-2005,6102.294488405291
2792,deferred,M,51,pre97,Pre-1997,1474.311188473374
2792,deferred,M,51,9705,1997-2005,1105.7333913550303
2792,deferred,M,51,post05,Post-2005,1105.7333913550303
2793,deferred,F,57,pre97,Pre-1997,1458.4729242035655
2793,deferred,F,57,9705,1997-2005,1093.8546931526741
2793,deferred,F,57,post05,Post-2005,1093.8546931526741
2794,deferred,F,53,pre97,Pre-1997,877.8037453021522
2794,deferred,F,53,9705,1997-2005,658.352808976614
2794,deferred,F,53,post05,Post-2005,658.352808976614
2795,deferred,M,55,pre97,Pre-1997,6514.275234511615
2795,deferred,M,55,9705,1997-2005,4885.706425883711
2795,deferred,M,55,post05,Post-2005,4885.706425883711
2796,deferred,F,53,pre97,Pre-1997,2438.3811413031776
2796,deferred,F,53,9705,1997-2005,1828.7858559773833
2796,deferred,F,53,post05,Post-2005,1828.7858559773833
2797,deferred,M,48,pre97,Pre-1997,721.6268474164452
2797,deferred,M,48,9705,1997-2005,541.2201355623339
2797,deferred,M,48,post05,Post-2005,541.2201355623339
2798,deferred,M,48,pre97,Pre-1997,4299.056660300237
2798,deferred,M,48,9705,1997-2005,3224.292495225178
2798,deferred,M,48,post05,Post-2005,3224.292495225178
2799,deferred,M,62,pre97,Pre-1997,2973.6183916501086
2799,deferred,M,62,9705,1997-2005,2230.2137937375815
2799,deferred,M,62,post05,Post-2005,2230.2137937375815
2800,deferred,M,49,pre97,Pre-1997,19853.337555071237
2800,deferred,M,49,9705,1997-2005,14890.003166303428
2800,deferred,M,49,post05,Post-2005,14890.003166303428
2801,deferred,M,56,pre97,Pre-1997,413.903220760043
2801,deferred,M,56,9705,1997-2005,310.4274155700322
2801,deferred,M,56,post05,Post-2005,310.4274155700322
2802,deferred,F,49,pre97,Pre-1997,1076.445073688678
2802,deferred,F,49,9705,1997-2005,807.3338052665083
2802,deferred,F,49,post05,Post-2005,807.3338052665083
2803,deferred,F,50,pre97,Pre-1997,2206.8331250235215
2803,deferred,F,50,9705,1997-2005,1655.1248437676409
2803,deferred,F,50,post05,Post-2005,1655.1248437676409
2804,deferred,M,56,pre97,Pre-1997,2466.357635750176
2804,deferred,M,56,9705,1997-2005,1849.7682268126318
2804,deferred,M,56,post05,Post-2005,1849.7682268126318
2805,deferred,F,54,pre97,Pre-1997,2862.4771567644702
2805,deferred,F,54,9705,1997-2005,2146.8578675733525
2805,deferred,F,54,post05,Post-2005,2146.8578675733525
2806,deferred,F,45,pre97,Pre-1997,5501.625741445747
2806,deferred,F,45,9705,1997-2005,4126.21930608431
2806,deferred,F,45,post05,Post-2005,4126.21930608431
2807,deferred,M,58,pre97,Pre-1997,748.5831730876538
2807,deferred,M,58,9705,1997-2005,561.4373798157403
2807,deferred,M,58,post05,Post-2005,561.4373798157403
2808,deferred,F,47,pre97,Pre-1997,1910.2665496174848
2808,deferred,F,47,9705,1997-2005,1432.6999122131135
2808,deferred,F,47,post05,Post-2005,1432.6999122131135
2809,deferred,M,50,pre97,Pre-1997,2437.0660835184617
2809,deferred,M,50,9705,1997-2005,1827.799562638846
2809,deferred,M,50,post05,Post-2005,1827.799562638846
2810,deferred,M,58,pre97,Pre-1997,2152.5602485557065
2810,deferred,M,58,9705,1997-2005,1614.4201864167799
2810,deferred,M,58,post05,Post-2005,1614.4201864167799
2811,deferred,M,42,pre97,Pre-1997,5433.68855938907
2811,deferred,M,42,9705,1997-2005,4075.2664195418024
2811,deferred,M,42,post05,Post-2005,4075.2664195418024
2812,deferred,M,63,pre97,Pre-1997,5720.5395814172625
2812,deferred,M,63,9705,1997-2005,4290.404686062946
2812,deferred,M,63,post05,Post-2005,4290.404686062946
2813,deferred,F,56,pre97,Pre-1997,829.4830743008881
2813,deferred,F,56,9705,1997-2005,622.112305725666
2813,deferred,F,56,post05,Post-2005,622.112305725666
2814,deferred,M,61,pre97,Pre-1997,1040.5509313022978
2814,deferred,M,61,9705,1997-2005,780.4131984767233
2814,deferred,M,61,post05,Post-2005,780.4131984767233
2815,deferred,F,56,pre97,Pre-1997,3350.588793337689
2815,deferred,F,56,9705,1997-2005,2512.9415950032662
2815,deferred,F,56,post05,Post-2005,2512.9415950032662
2816,deferred,M,50,pre97,Pre-1997,3627.303839940166
2816,deferred,M,50,9705,1997-2005,2720.4778799551245
2816,deferred,M,50,post05,Post-2005,2720.4778799551245
2817,deferred,F,57,pre97,Pre-1997,1403.5954615029873
2817,deferred,F,57,9705,1997-2005,1052.6965961272404
2817,deferred,F,57,post05,Post-2005,1052.6965961272404
2818,deferred,M,61,pre97,Pre-1997,2387.9654142881823
2818,deferred,M,61,9705,1997-2005,1790.9740607161368
2818,deferred,M,61,post05,Post-2005,1790.9740607161368
2819,deferred,F,54,pre97,Pre-1997,1533.7689600668493
2819,deferred,F,54,9705,1997-2005,1150.3267200501368
2819,deferred,F,54,post05,Post-2005,1150.3267200501368
2820,deferred,F,50,pre97,Pre-1997,3585.6187556039667
2820,deferred,F,50,9705,1997-2005,2689.214066702975
2820,deferred,F,50,post05,Post-2005,2689.214066702975
2821,deferred,F,53,pre97,Pre-1997,1032.8575516689905
2821,deferred,F,53,9705,1997-2005,774.6431637517429
2821,deferred,F,53,post05,Post-2005,774.6431637517429
2822,deferred,M,47,pre97,Pre-1997,747.4694264508665
2822,deferred,M,47,9705,1997-2005,560.6020698381499
2822,deferred,M,47,post05,Post-2005,560.6020698381499
2823,deferred,F,56,pre97,Pre-1997,5276.56819465903
2823,deferred,F,56,9705,1997-2005,3957.4261459942727
2823,deferred,F,56,post05,Post-2005,3957.4261459942727
2824,deferred,M,56,pre97,Pre-1997,2845.9770800953456
2824,deferred,M,56,9705,1997-2005,2134.482810071509
2824,deferred,M,56,post05,Post-2005,2134.482810071509
2825,deferred,M,50,pre97,Pre-1997,723.6526274964552
2825,deferred,M,50,9705,1997-2005,542.7394706223414
2825,deferred,M,50,post05,Post-2005,542.7394706223414
2826,deferred,M,45,pre97,Pre-1997,1461.4835902153347
2826,deferred,M,45,9705,1997-2005,1096.112692661501
2826,deferred,M,45,post05,Post-2005,1096.112692661501
2827,deferred,M,45,pre97,Pre-1997,3223.567954281625
2827,deferred,M,45,9705,1997-2005,2417.6759657112184
2827,deferred,M,45,post05,Post-2005,2417.6759657112184
2828,deferred,F,55,pre97,Pre-1997,8047.080632344613
2828,deferred,F,55,9705,1997-2005,6035.310474258459
2828,deferred,F,55,post05,Post-2005,6035.310474258459
2829,deferred,M,52,pre97,Pre-1997,1347.6333510240365
2829,deferred,M,52,9705,1997-2005,1010.7250132680274
2829,deferred,M,52,post05,Post-2005,1010.7250132680274
2830,deferred,M,50,pre97,Pre-1997,15587.748259571536
2830,deferred,M,50,9705,1997-2005,11690.81119467865
2830,deferred,M,50,post05,Post-2005,11690.81119467865
2831,deferred,M,47,pre97,Pre-1997,8437.905944056733
2831,deferred,M,47,9705,1997-2005,6328.4294580425485
2831,deferred,M,47,post05,Post-2005,6328.4294580425485
2832,deferred,F,55,pre97,Pre-1997,6291.287078882328
2832,deferred,F,55,9705,1997-2005,4718.465309161746
2832,deferred,F,55,post05,Post-2005,4718.465309161746
2833,deferred,M,43,pre97,Pre-1997,3402.6396735233816
2833,deferred,M,43,9705,1997-2005,2551.979755142536
2833,deferred,M,43,post05,Post-2005,2551.979755142536
2834,deferred,M,53,pre97,Pre-1997,2792.7749712625773
2834,deferred,M,53,9705,1997-2005,2094.5812284469325
2834,deferred,M,53,post05,Post-2005,2094.5812284469325
2835,deferred,M,62,pre97,Pre-1997,4670.600745624654
2835,deferred,M,62,9705,1997-2005,3502.95055921849
2835,deferred,M,62,post05,Post-2005,3502.95055921849
2836,deferred,M,55,pre97,Pre-1997,1459.2022399596135
2836,deferred,M,55,9705,1997-2005,1094.40167996971
2836,deferred,M,55,post05,Post-2005,1094.40167996971
2837,deferred,M,51,pre97,Pre-1997,7941.964528243854
2837,deferred,M,51,9705,1997-2005,5956.47339618289
2837,deferred,M,51,post05,Post-2005,5956.47339618289
2838,deferred,M,53,pre97,Pre-1997,3472.7223673427734
2838,deferred,M,53,9705,1997-2005,2604.54177550708
2838,deferred,M,53,post05,Post-2005,2604.54177550708
2839,deferred,F,49,pre97,Pre-1997,3751.911572959887
2839,deferred,F,49,9705,1997-2005,2813.933679719915
2839,deferred,F,49,post05,Post-2005,2813.933679719915
2840,deferred,M,60,pre97,Pre-1997,181.6890181940337
2840,deferred,M,60,9705,1997-2005,136.26676364552526
2840,deferred,M,60,post05,Post-2005,136.26676364552526
2841,deferred,M,45,pre97,Pre-1997,1479.5167937756407
2841,deferred,M,45,9705,1997-2005,1109.6375953317304
2841,deferred,M,45,post05,Post-2005,1109.6375953317304
2842,deferred,F,58,pre97,Pre-1997,809.3926302032842
2842,deferred,F,58,9705,1997-2005,607.0444726524631
2842,deferred,F,58,post05,Post-2005,607.0444726524631
2843,deferred,M,60,pre97,Pre-1997,1002.3670424553552
2843,deferred,M,60,9705,1997-2005,751.7752818415163
2843,deferred,M,60,post05,Post-2005,751.7752818415163
2844,deferred,M,64,pre97,Pre-1997,5238.068556934497
2844,deferred,M,64,9705,1997-2005,3928.5514177008727
2844,deferred,M,64,post05,Post-2005,3928.5514177008727
2845,deferred,F,56,pre97,Pre-1997,3518.011355279883
2845,deferred,F,56,9705,1997-2005,2638.5085164599122
2845,deferred,F,56,post05,Post-2005,2638.5085164599122
2846,deferred,M,58,pre97,Pre-1997,932.6973529567626
2846,deferred,M,58,9705,1997-2005,699.5230147175719
2846,deferred,M,58,post05,Post-2005,699.5230147175719
2847,deferred,M,44,pre97,Pre-1997,8267.247653308934
2847,deferred,M,44,9705,1997-2005,6200.435739981699
2847,deferred,M,44,post05,Post-2005,6200.435739981699
2848,deferred,F,56,pre97,Pre-1997,1468.7011724034553
2848,deferred,F,56,9705,1997-2005,1101.5258793025914
2848,deferred,F,56,post05,Post-2005,1101.5258793025914
2849,deferred,M,56,pre97,Pre-1997,3105.161635538987
2849,deferred,M,56,9705,1997-2005,2328.87122665424
2849,deferred,M,56,post05,Post-2005,2328.87122665424
2850,deferred,M,56,pre97,Pre-1997,3728.562237742437
2850,deferred,M,56,9705,1997-2005,2796.4216783068277
2850,deferred,M,56,post05,Post-2005,2796.4216783068277
2851,deferred,M,58,pre97,Pre-1997,1895.5734752816782
2851,deferred,M,58,9705,1997-2005,1421.6801064612584
2851,deferred,M,58,post05,Post-2005,1421.6801064612584
2852,deferred,M,57,pre97,Pre-1997,728.0993025390452
2852,deferred,M,57,9705,1997-2005,546.0744769042839
2852,deferred,M,57,post05,Post-2005,546.0744769042839
2853,deferred,M,57,pre97,Pre-1997,10838.89140987746
2853,deferred,M,57,9705,1997-2005,8129.168557408094
2853,deferred,M,57,post05,Post-2005,8129.168557408094
2854,deferred,F,50,pre97,Pre-1997,1244.0761681385861
2854,deferred,F,50,9705,1997-2005,933.0571261039395
2854,deferred,F,50,post05,Post-2005,933.0571261039395
2855,deferred,M,47,pre97,Pre-1997,813.3600173593095
2855,deferred,M,47,9705,1997-2005,610.020013019482
2855,deferred,M,47,post05,Post-2005,610.020013019482
2856,deferred,M,54,pre97,Pre-1997,6302.913328754052
2856,deferred,M,54,9705,1997-2005,4727.184996565538
2856,deferred,M,54,post05,Post-2005,4727.184996565538
2857,deferred,M,54,pre97,Pre-1997,2127.802142497539
2857,deferred,M,54,9705,1997-2005,1595.851606873154
2857,deferred,M,54,post05,Post-2005,1595.851606873154
2858,deferred,F,61,pre97,Pre-1997,1545.2122049702052
2858,deferred,F,61,9705,1997-2005,1158.9091537276538
2858,deferred,F,61,post05,Post-2005,1158.9091537276538
2859,deferred,M,56,pre97,Pre-1997,10362.596731267711
2859,deferred,M,56,9705,1997-2005,7771.947548450783
2859,deferred,M,56,post05,Post-2005,7771.947548450783
2860,deferred,F,50,pre97,Pre-1997,1090.77452559654
2860,deferred,F,50,9705,1997-2005,818.0808941974047
2860,deferred,F,50,post05,Post-2005,818.0808941974047
2861,deferred,M,46,pre97,Pre-1997,2371.731206608743
2861,deferred,M,46,9705,1997-2005,1778.7984049565569
2861,deferred,M,46,post05,Post-2005,1778.7984049565569
2862,deferred,M,52,pre97,Pre-1997,2019.2316541929115
2862,deferred,M,52,9705,1997-2005,1514.4237406446834
2862,deferred,M,52,post05,Post-2005,1514.4237406446834
2863,deferred,F,62,pre97,Pre-1997,1197.940480577871
2863,deferred,F,62,9705,1997-2005,898.4553604334034
2863,deferred,F,62,post05,Post-2005,898.4553604334034
2864,deferred,F,46,pre97,Pre-1997,1150.818448858924
2864,deferred,F,46,9705,1997-2005,863.113836644193
2864,deferred,F,46,post05,Post-2005,863.113836644193
2865,deferred,F,46,pre97,Pre-1997,273.5094812108753
2865,deferred,F,46,9705,1997-2005,205.13211090815648
2865,deferred,F,46,post05,Post-2005,205.13211090815648
2866,deferred,F,64,pre97,Pre-1997,6394.7356391843705
2866,deferred,F,64,9705,1997-2005,4796.051729388278
2866,deferred,F,64,post05,Post-2005,4796.051729388278
2867,deferred,F,59,pre97,Pre-1997,668.4643315240777
2867,deferred,F,59,9705,1997-2005,501.3482486430582
2867,deferred,F,59,post05,Post-2005,501.3482486430582
2868,deferred,F,53,pre97,Pre-1997,1079.0120869881007
2868,deferred,F,53,9705,1997-2005,809.2590652410754
2868,deferred,F,53,post05,Post-2005,809.2590652410754
2869,deferred,F,55,pre97,Pre-1997,3747.226178707364
2869,deferred,F,55,9705,1997-2005,2810.4196340305225
2869,deferred,F,55,post05,Post-2005,2810.4196340305225
2870,deferred,M,57,pre97,Pre-1997,3610.828969430532
2870,deferred,M,57,9705,1997-2005,2708.121727072899
2870,deferred,M,57,post05,Post-2005,2708.121727072899
2871,deferred,M,48,pre97,Pre-1997,2980.0783009114107
2871,deferred,M,48,9705,1997-2005,2235.058725683558
2871,deferred,M,48,post05,Post-2005,2235.058725683558
2872,deferred,F,58,pre97,Pre-1997,1502.72410111416
2872,deferred,F,58,9705,1997-2005,1127.04307583562
2872,deferred,F,58,post05,Post-2005,1127.04307583562
2873,deferred,M,53,pre97,Pre-1997,2376.9610217292698
2873,deferred,M,53,9705,1997-2005,1782.720766296952
2873,deferred,M,53,post05,Post-2005,1782.720766296952
2874,deferred,F,51,pre97,Pre-1997,2883.9290492436
2874,deferred,F,51,9705,1997-2005,2162.9467869326995
2874,deferred,F,51,post05,Post-2005,2162.9467869326995
2875,deferred,F,57,pre97,Pre-1997,1173.1318716591875
2875,deferred,F,57,9705,1997-2005,879.8489037443907
2875,deferred,F,57,post05,Post-2005,879.8489037443907
2876,deferred,M,58,pre97,Pre-1997,4938.8956912430285
2876,deferred,M,58,9705,1997-2005,3704.1717684322707
2876,deferred,M,58,post05,Post-2005,3704.1717684322707
2877,deferred,M,45,pre97,Pre-1997,9767.403382543644
2877,deferred,M,45,9705,1997-2005,7325.552536907732
2877,deferred,M,45,post05,Post-2005,7325.552536907732
2878,deferred,F,61,pre97,Pre-1997,2098.004604356285
2878,deferred,F,61,9705,1997-2005,1573.503453267214
2878,deferred,F,61,post05,Post-2005,1573.503453267214
2879,deferred,M,52,pre97,Pre-1997,1230.5701604041424
2879,deferred,M,52,9705,1997-2005,922.9276203031066
2879,deferred,M,52,post05,Post-2005,922.9276203031066
2880,deferred,M,52,pre97,Pre-1997,1480.1183263805842
2880,deferred,M,52,9705,1997-2005,1110.088744785438
2880,deferred,M,52,post05,Post-2005,1110.088744785438
2881,deferred,M,61,pre97,Pre-1997,1481.041315889218
2881,deferred,M,61,9705,1997-2005,1110.7809869169134
2881,deferred,M,61,post05,Post-2005,1110.7809869169134
2882,deferred,M,56,pre97,Pre-1997,1402.3238158151933
2882,deferred,M,56,9705,1997-2005,1051.7428618613949
2882,deferred,M,56,post05,Post-2005,1051.7428618613949
2883,deferred,F,55,pre97,Pre-1997,1612.6704505990983
2883,deferred,F,55,9705,1997-2005,1209.5028379493237
2883,deferred,F,55,post05,Post-2005,1209.5028379493237
2884,deferred,M,54,pre97,Pre-1997,2623.0454877546026
2884,deferred,M,54,9705,1997-2005,1967.2841158159517
2884,deferred,M,54,post05,Post-2005,1967.2841158159517
2885,deferred,M,56,pre97,Pre-1997,4438.842221683611
2885,deferred,M,56,9705,1997-2005,3329.131666262708
2885,deferred,M,56,post05,Post-2005,3329.131666262708
2886,deferred,F,42,pre97,Pre-1997,2527.9631066222514
2886,deferred,F,42,9705,1997-2005,1895.9723299666882
2886,deferred,F,42,post05,Post-2005,1895.9723299666882
2887,deferred,F,60,pre97,Pre-1997,1207.7268233621971
2887,deferred,F,60,9705,1997-2005,905.7951175216479
2887,deferred,F,60,post05,Post-2005,905.7951175216479
2888,deferred,M,51,pre97,Pre-1997,2752.6776242756623
2888,deferred,M,51,9705,1997-2005,2064.5082182067463
2888,deferred,M,51,post05,Post-2005,2064.5082182067463
2889,deferred,M,52,pre97,Pre-1997,868.7898114774064
2889,deferred,M,52,9705,1997-2005,651.5923586080547
2889,deferred,M,52,post05,Post-2005,651.5923586080547
2890,deferred,F,55,pre97,Pre-1997,9775.890661061965
2890,deferred,F,55,9705,1997-2005,7331.9179957964725
2890,deferred,F,55,post05,Post-2005,7331.9179957964725
2891,deferred,M,52,pre97,Pre-1997,1107.0388434471565
2891,deferred,M,52,9705,1997-2005,830.2791325853673
2891,deferred,M,52,post05,Post-2005,830.2791325853673
2892,deferred,M,57,pre97,Pre-1997,8201.841087557648
2892,deferred,M,57,9705,1997-2005,6151.380815668235
2892,deferred,M,57,post05,Post-2005,6151.380815668235
2893,deferred,M,57,pre97,Pre-1997,6962.961037623041
2893,deferred,M,57,9705,1997-2005,5222.220778217281
2893,deferred,M,57,post05,Post-2005,5222.220778217281
2894,deferred,F,45,pre97,Pre-1997,1342.3439023483102
2894,deferred,F,45,9705,1997-2005,1006.7579267612325
2894,deferred,F,45,post05,Post-2005,1006.7579267612325
2895,deferred,M,52,pre97,Pre-1997,2228.9414280701462
2895,deferred,M,52,9705,1997-2005,1671.7060710526096
2895,deferred,M,52,post05,Post-2005,1671.7060710526096
2896,deferred,F,53,pre97,Pre-1997,1241.2098743917895
2896,deferred,F,53,9705,1997-2005,930.9074057938419
2896,deferred,F,53,post05,Post-2005,930.9074057938419
2897,deferred,M,57,pre97,Pre-1997,1939.1148847984864
2897,deferred,M,57,9705,1997-2005,1454.3361635988647
2897,deferred,M,57,post05,Post-2005,1454.3361635988647
2898,deferred,F,49,pre97,Pre-1997,1153.635961120928
2898,deferred,F,49,9705,1997-2005,865.226970840696
2898,deferred,F,49,post05,Post-2005,865.226970840696
2899,deferred,F,54,pre97,Pre-1997,817.024502559406
2899,deferred,F,54,9705,1997-2005,612.7683769195544
2899,deferred,F,54,post05,Post-2005,612.7683769195544
2900,deferred,M,48,pre97,Pre-1997,2632.5491332069714
2900,deferred,M,48,9705,1997-2005,1974.4118499052283
2900,deferred,M,48,post05,Post-2005,1974.4118499052283
2901,deferred,F,59,pre97,Pre-1997,291.41420963905074
2901,deferred,F,59,9705,1997-2005,218.56065722928807
2901,deferred,F,59,post05,Post-2005,218.56065722928807
2902,deferred,F,55,pre97,Pre-1997,5991.121894241808
2902,deferred,F,55,9705,1997-2005,4493.341420681356
2902,deferred,F,55,post05,Post-2005,4493.341420681356
2903,deferred,M,59,pre97,Pre-1997,1322.2077378545475
2903,deferred,M,59,9705,1997-2005,991.6558033909106
2903,deferred,M,59,post05,Post-2005,991.6558033909106
2904,deferred,M,41,pre97,Pre-1997,2207.908507602311
2904,deferred,M,41,9705,1997-2005,1655.9313807017334
2904,deferred,M,41,post05,Post-2005,1655.9313807017334
2905,deferred,M,52,pre97,Pre-1997,1260.122105956879
2905,deferred,M,52,9705,1997-2005,945.0915794676592
2905,deferred,M,52,post05,Post-2005,945.0915794676592
2906,deferred,M,43,pre97,Pre-1997,2220.4225656144995
2906,deferred,M,43,9705,1997-2005,1665.3169242108745
2906,deferred,M,43,post05,Post-2005,1665.3169242108745
2907,deferred,F,60,pre97,Pre-1997,1204.656944176554
2907,deferred,F,60,9705,1997-2005,903.4927081324153
2907,deferred,F,60,post05,Post-2005,903.4927081324153
2908,deferred,F,54,pre97,Pre-1997,4534.330920780051
2908,deferred,F,54,9705,1997-2005,3400.7481905850386
2908,deferred,F,54,post05,Post-2005,3400.7481905850386
2909,deferred,F,51,pre97,Pre-1997,1080.95108806971
2909,deferred,F,51,9705,1997-2005,810.7133160522825
2909,deferred,F,51,post05,Post-2005,810.7133160522825
2910,deferred,M,58,pre97,Pre-1997,737.7534882704435
2910,deferred,M,58,9705,1997-2005,553.3151162028325
2910,deferred,M,58,post05,Post-2005,553.3151162028325
2911,deferred,F,46,pre97,Pre-1997,2099.0839324532626
2911,deferred,F,46,9705,1997-2005,1574.312949339947
2911,deferred,F,46,post05,Post-2005,1574.312949339947
2912,deferred,M,57,pre97,Pre-1997,1164.2437159645583
2912,deferred,M,57,9705,1997-2005,873.1827869734186
2912,deferred,M,57,post05,Post-2005,873.1827869734186
2913,deferred,F,57,pre97,Pre-1997,617.1837720784121
2913,deferred,F,57,9705,1997-2005,462.887829058809
2913,deferred,F,57,post05,Post-2005,462.887829058809
2914,deferred,M,46,pre97,Pre-1997,3120.7172616258576
2914,deferred,M,46,9705,1997-2005,2340.5379462193932
2914,deferred,M,46,post05,Post-2005,2340.5379462193932
2915,deferred,F,58,pre97,Pre-1997,3688.505176075605
2915,deferred,F,58,9705,1997-2005,2766.3788820567033
2915,deferred,F,58,post05,Post-2005,2766.3788820567033
2916,deferred,F,62,pre97,Pre-1997,186.29158231389943
2916,deferred,F,62,9705,1997-2005,139.71868673542457
2916,deferred,F,62,post05,Post-2005,139.71868673542457
2917,deferred,F,55,pre97,Pre-1997,3813.0511438712124
2917,deferred,F,55,9705,1997-2005,2859.788357903409
2917,deferred,F,55,post05,Post-2005,2859.788357903409
2918,deferred,M,52,pre97,Pre-1997,749.8764561152865
2918,deferred,M,52,9705,1997-2005,562.4073420864648
2918,deferred,M,52,post05,Post-2005,562.4073420864648
2919,deferred,F,53,pre97,Pre-1997,1120.29676079557
2919,deferred,F,53,9705,1997-2005,840.2225705966774
2919,deferred,F,53,post05,Post-2005,840.2225705966774
2920,deferred,F,52,pre97,Pre-1997,1551.985824338358
2920,deferred,F,52,9705,1997-2005,1163.9893682537684
2920,deferred,F,52,post05,Post-2005,1163.9893682537684
2921,deferred,F,58,pre97,Pre-1997,7054.567340750138
2921,deferred,F,58,9705,1997-2005,5290.925505562604
2921,deferred,F,58,post05,Post-2005,5290.925505562604
2922,deferred,M,46,pre97,Pre-1997,2015.188890312225
2922,deferred,M,46,9705,1997-2005,1511.3916677341688
2922,deferred,M,46,post05,Post-2005,1511.3916677341688
2923,deferred,M,55,pre97,Pre-1997,2998.6797638084417
2923,deferred,M,55,9705,1997-2005,2249.009822856331
2923,deferred,M,55,post05,Post-2005,2249.009822856331
2924,deferred,M,46,pre97,Pre-1997,2385.947207327272
2924,deferred,M,46,9705,1997-2005,1789.4604054954539
2924,deferred,M,46,post05,Post-2005,1789.4604054954539
2925,deferred,F,46,pre97,Pre-1997,911.0065102520193
2925,deferred,F,46,9705,1997-2005,683.2548826890145
2925,deferred,F,46,post05,Post-2005,683.2548826890145
2926,deferred,M,58,pre97,Pre-1997,839.3552609723546
2926,deferred,M,58,9705,1997-2005,629.5164457292659
2926,deferred,M,58,post05,Post-2005,629.5164457292659
2927,deferred,F,49,pre97,Pre-1997,1367.3866391670508
2927,deferred,F,49,9705,1997-2005,1025.5399793752879
2927,deferred,F,49,post05,Post-2005,1025.5399793752879
2928,deferred,F,42,pre97,Pre-1997,776.5662451170219
2928,deferred,F,42,9705,1997-2005,582.4246838377663
2928,deferred,F,42,post05,Post-2005,582.4246838377663
2929,deferred,F,56,pre97,Pre-1997,1309.243552536037
2929,deferred,F,56,9705,1997-2005,981.9326644020277
2929,deferred,F,56,post05,Post-2005,981.9326644020277
2930,deferred,F,56,pre97,Pre-1997,404.5935866608763
2930,deferred,F,56,9705,1997-2005,303.44518999565724
2930,deferred,F,56,post05,Post-2005,303.44518999565724
2931,deferred,F,41,pre97,Pre-1997,8227.966575575289
2931,deferred,F,41,9705,1997-2005,6170.974931681466
2931,deferred,F,41,post05,Post-2005,6170.974931681466
2932,deferred,F,53,pre97,Pre-1997,876.1759461311
2932,deferred,F,53,9705,1997-2005,657.1319595983249
2932,deferred,F,53,post05,Post-2005,657.1319595983249
2933,deferred,M,52,pre97,Pre-1997,1339.0527241891637
2933,deferred,M,52,9705,1997-2005,1004.2895431418726
2933,deferred,M,52,post05,Post-2005,1004.2895431418726
2934,deferred,M,57,pre97,Pre-1997,2840.7185437103144
2934,deferred,M,57,9705,1997-2005,2130.5389077827354
2934,deferred,M,57,post05,Post-2005,2130.5389077827354
2935,deferred,M,59,pre97,Pre-1997,1693.3953605810566
2935,deferred,M,59,9705,1997-2005,1270.0465204357924
2935,deferred,M,59,post05,Post-2005,1270.0465204357924
2936,deferred,M,60,pre97,Pre-1997,1463.4788613441629
2936,deferred,M,60,9705,1997-2005,1097.609146008122
2936,deferred,M,60,post05,Post-2005,1097.609146008122
2937,deferred,M,53,pre97,Pre-1997,1981.2610829783855
2937,deferred,M,53,9705,1997-2005,1485.945812233789
2937,deferred,M,53,post05,Post-2005,1485.945812233789
2938,deferred,M,52,pre97,Pre-1997,1183.5014839919122
2938,deferred,M,52,9705,1997-2005,887.6261129939342
2938,deferred,M,52,post05,Post-2005,887.6261129939342
2939,deferred,M,61,pre97,Pre-1997,1650.5923751669652
2939,deferred,M,61,9705,1997-2005,1237.944281375224
2939,deferred,M,61,post05,Post-2005,1237.944281375224
2940,deferred,F,55,pre97,Pre-1997,1137.2088792759453
2940,deferred,F,55,9705,1997-2005,852.9066594569589
2940,deferred,F,55,post05,Post-2005,852.9066594569589
2941,deferred,F,48,pre97,Pre-1997,265.6721426801725
2941,deferred,F,48,9705,1997-2005,199.2541070101294
2941,deferred,F,48,post05,Post-2005,199.2541070101294
2942,deferred,M,50,pre97,Pre-1997,1637.2728760056114
2942,deferred,M,50,9705,1997-2005,1227.9546570042085
2942,deferred,M,50,post05,Post-2005,1227.9546570042085
2943,deferred,M,47,pre97,Pre-1997,1270.83368448282
2943,deferred,M,47,9705,1997-2005,953.125263362115
2943,deferred,M,47,post05,Post-2005,953.125263362115
2944,deferred,M,45,pre97,Pre-1997,617.001876562942
2944,deferred,M,45,9705,1997-2005,462.7514074222064
2944,deferred,M,45,post05,Post-2005,462.7514074222064
2945,deferred,M,51,pre97,Pre-1997,1373.3892321400028
2945,deferred,M,51,9705,1997-2005,1030.041924105002
2945,deferred,M,51,post05,Post-2005,1030.041924105002
2946,deferred,F,54,pre97,Pre-1997,1670.0911001196696
2946,deferred,F,54,9705,1997-2005,1252.568325089752
2946,deferred,F,54,post05,Post-2005,1252.568325089752
2947,deferred,M,54,pre97,Pre-1997,1533.7488794819883
2947,deferred,M,54,9705,1997-2005,1150.3116596114912
2947,deferred,M,54,post05,Post-2005,1150.3116596114912
2948,deferred,F,52,pre97,Pre-1997,9417.762171966306
2948,deferred,F,52,9705,1997-2005,7063.32162897473
2948,deferred,F,52,post05,Post-2005,7063.32162897473
2949,deferred,M,63,pre97,Pre-1997,3623.747001341243
2949,deferred,M,63,9705,1997-2005,2717.810251005932
2949,deferred,M,63,post05,Post-2005,2717.810251005932
2950,deferred,F,57,pre97,Pre-1997,1948.9601332489347
2950,deferred,F,57,9705,1997-2005,1461.720099936701
2950,deferred,F,57,post05,Post-2005,1461.720099936701
2951,deferred,F,58,pre97,Pre-1997,1039.795319549576
2951,deferred,F,58,9705,1997-2005,779.846489662182
2951,deferred,F,58,post05,Post-2005,779.846489662182
2952,deferred,M,50,pre97,Pre-1997,2313.35180643287
2952,deferred,M,50,9705,1997-2005,1735.0138548246523
2952,deferred,M,50,post05,Post-2005,1735.0138548246523
2953,deferred,F,50,pre97,Pre-1997,2712.856458039746
2953,deferred,F,50,9705,1997-2005,2034.6423435298093
2953,deferred,F,50,post05,Post-2005,2034.6423435298093
2954,deferred,M,49,pre97,Pre-1997,2120.4503624554777
2954,deferred,M,49,9705,1997-2005,1590.337771841608
2954,deferred,M,49,post05,Post-2005,1590.337771841608
2955,deferred,M,54,pre97,Pre-1997,4121.486777601892
2955,deferred,M,54,9705,1997-2005,3091.1150832014187
2955,deferred,M,54,post05,Post-2005,3091.1150832014187
2956,deferred,M,52,pre97,Pre-1997,8092.140133653679
2956,deferred,M,52,9705,1997-2005,6069.105100240259
2956,deferred,M,52,post05,Post-2005,6069.105100240259
2957,deferred,M,53,pre97,Pre-1997,6183.270857221118
2957,deferred,M,53,9705,1997-2005,4637.453142915838
2957,deferred,M,53,post05,Post-2005,4637.453142915838
2958,deferred,F,52,pre97,Pre-1997,2422.3369999707697
2958,deferred,F,52,9705,1997-2005,1816.752749978077
2958,deferred,F,52,post05,Post-2005,1816.752749978077
2959,deferred,M,57,pre97,Pre-1997,7732.461541371784
2959,deferred,M,57,9705,1997-2005,5799.346156028838
2959,deferred,M,57,post05,Post-2005,5799.346156028838
2960,deferred,F,56,pre97,Pre-1997,2221.304262692762
2960,deferred,F,56,9705,1997-2005,1665.9781970195716
2960,deferred,F,56,post05,Post-2005,1665.9781970195716
2961,deferred,M,43,pre97,Pre-1997,8016.449467484244
2961,deferred,M,43,9705,1997-2005,6012.337100613183
2961,deferred,M,43,post05,Post-2005,6012.337100613183
2962,deferred,F,52,pre97,Pre-1997,1947.8260087449803
2962,deferred,F,52,9705,1997-2005,1460.869506558735
2962,deferred,F,52,post05,Post-2005,1460.869506558735
2963,deferred,F,46,pre97,Pre-1997,1470.0327240370561
2963,deferred,F,46,9705,1997-2005,1102.5245430277919
2963,deferred,F,46,post05,Post-2005,1102.5245430277919
2964,deferred,F,47,pre97,Pre-1997,953.3064256201893
2964,deferred,F,47,9705,1997-2005,714.9798192151419
2964,deferred,F,47,post05,Post-2005,714.9798192151419
2965,deferred,F,47,pre97,Pre-1997,984.6253891620704
2965,deferred,F,47,9705,1997-2005,738.4690418715527
2965,deferred,F,47,post05,Post-2005,738.4690418715527
2966,deferred,F,57,pre97,Pre-1997,1704.64718544256
2966,deferred,F,57,9705,1997-2005,1278.48538908192
2966,deferred,F,57,post05,Post-2005,1278.48538908192
2967,deferred,F,49,pre97,Pre-1997,1641.6847660162175
2967,deferred,F,49,9705,1997-2005,1231.263574512163
2967,deferred,F,49,post05,Post-2005,1231.263574512163
2968,deferred,M,53,pre97,Pre-1997,2719.1254738822563
2968,deferred,M,53,9705,1997-2005,2039.344105411692
2968,deferred,M,53,post05,Post-2005,2039.344105411692
2969,deferred,M,61,pre97,Pre-1997,3220.534751552853
2969,deferred,M,61,9705,1997-2005,2415.4010636646394
2969,deferred,M,61,post05,Post-2005,2415.4010636646394
2970,deferred,M,47,pre97,Pre-1997,3811.7024501542037
2970,deferred,M,47,9705,1997-2005,2858.7768376156528
2970,deferred,M,47,post05,Post-2005,2858.7768376156528
2971,deferred,F,44,pre97,Pre-1997,1358.2359376489878
2971,deferred,F,44,9705,1997-2005,1018.6769532367408
2971,deferred,F,44,post05,Post-2005,1018.6769532367408
2972,deferred,F,47,pre97,Pre-1997,6029.832692285915
2972,deferred,F,47,9705,1997-2005,4522.374519214436
2972,deferred,F,47,post05,Post-2005,4522.374519214436
2973,deferred,M,53,pre97,Pre-1997,2678.248402925641
2973,deferred,M,53,9705,1997-2005,2008.6863021942308
2973,deferred,M,53,post05,Post-2005,2008.6863021942308
2974,deferred,F,59,pre97,Pre-1997,1372.5154678314448
2974,deferred,F,59,9705,1997-2005,1029.3866008735836
2974,deferred,F,59,post05,Post-2005,1029.3866008735836
2975,deferred,F,53,pre97,Pre-1997,3225.5610780423053
2975,deferred,F,53,9705,1997-2005,2419.1708085317287
2975,deferred,F,53,post05,Post-2005,2419.1708085317287
2976,deferred,M,52,pre97,Pre-1997,2104.3576505810015
2976,deferred,M,52,9705,1997-2005,1578.2682379357511
2976,deferred,M,52,post05,Post-2005,1578.2682379357511
2977,deferred,M,49,pre97,Pre-1997,1977.9460819409867
2977,deferred,M,49,9705,1997-2005,1483.45956145574
2977,deferred,M,49,post05,Post-2005,1483.45956145574
2978,deferred,F,64,pre97,Pre-1997,4637.070953790911
2978,deferred,F,64,9705,1997-2005,3477.8032153431827
2978,deferred,F,64,post05,Post-2005,3477.8032153431827
2979,deferred,F,51,pre97,Pre-1997,1001.7038825013155
2979,deferred,F,51,9705,1997-2005,751.2779118759865
2979,deferred,F,51,post05,Post-2005,751.2779118759865
2980,deferred,M,49,pre97,Pre-1997,2366.081576025335
2980,deferred,M,49,9705,1997-2005,1774.5611820190009
2980,deferred,M,49,post05,Post-2005,1774.5611820190009
2981,deferred,M,50,pre97,Pre-1997,2472.052078556577
2981,deferred,M,50,9705,1997-2005,1854.0390589174322
2981,deferred,M,50,post05,Post-2005,1854.0390589174322
2982,deferred,M,50,pre97,Pre-1997,3171.4325918028408
2982,deferred,M,50,9705,1997-2005,2378.5744438521306
2982,deferred,M,50,post05,Post-2005,2378.5744438521306
2983,deferred,M,58,pre97,Pre-1997,4198.168703068085
2983,deferred,M,58,9705,1997-2005,3148.6265273010636
2983,deferred,M,58,post05,Post-2005,3148.6265273010636
2984,deferred,M,51,pre97,Pre-1997,4664.712725654538
2984,deferred,M,51,9705,1997-2005,3498.534544240903
2984,deferred,M,51,post05,Post-2005,3498.534544240903
2985,deferred,M,49,pre97,Pre-1997,907.5986011383575
2985,deferred,M,49,9705,1997-2005,680.6989508537681
2985,deferred,M,49,post05,Post-2005,680.6989508537681
2986,deferred,F,61,pre97,Pre-1997,2982.7145713650157
2986,deferred,F,61,9705,1997-2005,2237.0359285237614
2986,deferred,F,61,post05,Post-2005,2237.0359285237614
2987,deferred,F,55,pre97,Pre-1997,2399.3704580677686
2987,deferred,F,55,9705,1997-2005,1799.5278435508262
2987,deferred,F,55,post05,Post-2005,1799.5278435508262
2988,deferred,F,55,pre97,Pre-1997,2722.5144457889564
2988,deferred,F,55,9705,1997-2005,2041.8858343417169
2988,deferred,F,55,post05,Post-2005,2041.8858343417169
2989,deferred,F,54,pre97,Pre-1997,1404.2180759900414
2989,deferred,F,54,9705,1997-2005,1053.1635569925309
2989,deferred,F,54,post05,Post-2005,1053.1635569925309
2990,deferred,M,53,pre97,Pre-1997,1860.7451136581594
2990,deferred,M,53,9705,1997-2005,1395.5588352436193
2990,deferred,M,53,post05,Post-2005,1395.5588352436193
2991,deferred,M,60,pre97,Pre-1997,1635.0341222528618
2991,deferred,M,60,9705,1997-2005,1226.2755916896463
2991,deferred,M,60,post05,Post-2005,1226.2755916896463
2992,deferred,M,53,pre97,Pre-1997,3572.050034129633
2992,deferred,M,53,9705,1997-2005,2679.0375255972244
2992,deferred,M,53,post05,Post-2005,2679.0375255972244
2993,deferred,F,62,pre97,Pre-1997,3127.6465749390536
2993,deferred,F,62,9705,1997-2005,2345.7349312042898
2993,deferred,F,62,post05,Post-2005,2345.7349312042898
2994,deferred,M,48,pre97,Pre-1997,4827.069731273447
2994,deferred,M,48,9705,1997-2005,3620.302298455085
2994,deferred,M,48,post05,Post-2005,3620.302298455085
2995,deferred,M,50,pre97,Pre-1997,564.2364032502868
2995,deferred,M,50,9705,1997-2005,423.1773024377151
2995,deferred,M,50,post05,Post-2005,423.1773024377151
2996,deferred,M,57,pre97,Pre-1997,1474.4269386941473
2996,deferred,M,57,9705,1997-2005,1105.8202040206104
2996,deferred,M,57,post05,Post-2005,1105.8202040206104
2997,deferred,F,51,pre97,Pre-1997,3401.6835512211237
2997,deferred,F,51,9705,1997-2005,2551.2626634158423
2997,deferred,F,51,post05,Post-2005,2551.2626634158423
2998,deferred,M,50,pre97,Pre-1997,3969.3638811560304
2998,deferred,M,50,9705,1997-2005,2977.022910867023
2998,deferred,M,50,post05,Post-2005,2977.022910867023
2999,deferred,M,57,pre97,Pre-1997,1213.022670547551
2999,deferred,M,57,9705,1997-2005,909.7670029106631
2999,deferred,M,57,post05,Post-2005,909.7670029106631
3000,deferred,M,57,pre97,Pre-1997,7991.788327143307
3000,deferred,M,57,9705,1997-2005,5993.841245357479
3000,deferred,M,57,post05,Post-2005,5993.841245357479
